Iteration	Posterior	Likelihood	Prior	beta_scale	matrix_probs[1]	matrix_probs[2]	matrix_probs[3]	matrix_probs[4]	rate_log_sd	tree_length
0	-3958.464	-4220.529	262.0651	0.7975407	0.358732	0.405885	0.155463	0.0799202	2.114185	1.272683
6	-3948.161	-4210.248	262.087	0.8237955	0.477652	0.246556	0.214708	0.0610842	2.116448	1.229687
12	-3954.972	-4217.446	262.4745	0.6205175	0.420394	0.262293	0.252644	0.0646688	2.124722	1.068972
18	-3945.802	-4208.178	262.376	0.6205175	0.207854	0.538612	0.153455	0.100079	2.164951	1.122629
24	-3942.791	-4205.097	262.3063	0.7019244	0.324249	0.386614	0.202002	0.0871352	2.183103	1.091023
30	-3950.666	-4212.928	262.2619	0.6934254	0.28014	0.426996	0.159964	0.1329	2.076524	1.231626
36	-3941.642	-4203.635	261.9934	0.948303	0.248997	0.392605	0.290802	0.0675966	2.11359	1.202697
42	-3945.274	-4207.391	262.1164	0.7610468	0.293543	0.295063	0.295229	0.116165	2.146609	1.234921
48	-3955.438	-4217.514	262.076	0.7766407	0.382888	0.384871	0.182944	0.0492969	2.032125	1.34794
54	-3941.34	-4203.739	262.3991	0.697103	0.405712	0.373365	0.177474	0.0434491	2.036122	1.144693
60	-3948.138	-4210.316	262.178	0.7406226	0.398152	0.201087	0.353906	0.0468547	1.968853	1.347365
66	-3961.41	-4223.487	262.0772	0.6661101	0.293977	0.161307	0.510121	0.0345953	1.929392	1.51582
72	-3954.483	-4216.391	261.9086	0.8643387	0.442957	0.135762	0.411406	0.00987524	1.995916	1.435432
78	-3954.75	-4216.475	261.7245	0.9125616	0.43208	0.213741	0.338834	0.0153461	1.970521	1.555563
84	-3960.328	-4222.144	261.8163	0.76426	0.378485	0.1715	0.309301	0.140714	1.825122	1.70543
90	-3975.919	-4237.569	261.6503	0.8297734	0.168417	0.3572	0.434342	0.0400414	1.922497	1.70543
96	-3963.565	-4225.046	261.4812	1.001899	0.451155	0.235752	0.286666	0.0264274	1.880343	1.730315
102	-3961.628	-4223.216	261.5886	0.8491174	0.485818	0.242335	0.229038	0.0428083	1.830961	1.798512
108	-3964.394	-4225.632	261.2381	0.7311668	0.352186	0.28792	0.269031	0.0908619	1.672081	2.220465
114	-3968.703	-4229.729	261.026	0.8844121	0.501701	0.21648	0.18532	0.0964979	1.72393	2.220465
120	-3990.541	-4251.526	260.9845	0.8844121	0.437162	0.159336	0.371064	0.0324379	1.714833	2.253055
126	-3978.347	-4239.115	260.7684	1.131636	0.454788	0.0493343	0.422613	0.0732648	1.698038	2.244303
132	-3967.058	-4227.424	260.3661	1.580811	0.579806	0.0114935	0.214443	0.194258	1.646538	2.275797
138	-3971.443	-4232.143	260.6998	1.608578	0.576428	0.0112297	0.222544	0.189799	1.682785	2.019377
144	-3971.618	-4231.967	260.3486	2.065785	0.363396	0.0401195	0.478447	0.118038	1.781463	1.948222
150	-3954.561	-4216.13	261.5699	0.7129503	0.37096	0.214366	0.398273	0.0164001	1.761984	1.955806
156	-3956.563	-4218.242	261.6791	0.5461789	0.267349	0.308559	0.407268	0.0168235	1.766473	1.997096
162	-3956.831	-4218.649	261.8182	1.003278	0.419066	0.237174	0.307899	0.0358619	2.034464	1.365826
168	-3949.878	-4211.425	261.5475	1.184471	0.459395	0.159726	0.337529	0.0433501	2.034818	1.43882
174	-3961.796	-4223.473	261.6772	0.9903826	0.261084	0.228119	0.47167	0.0391269	2.156396	1.390864
180	-3958.111	-4220.17	262.059	0.6761026	0.352644	0.220811	0.390545	0.0359997	2.015135	1.456987
186	-3960.218	-4222.271	262.0529	0.6761026	0.339827	0.212785	0.37635	0.0710377	1.943126	1.515804
192	-3937.206	-4199.234	262.0272	0.6761026	0.372582	0.331952	0.20072	0.094746	1.921794	1.550696
198	-3948.435	-4210.274	261.839	0.9625679	0.387267	0.264781	0.254937	0.0930153	2.096059	1.332864
204	-3961.996	-4223.991	261.9944	0.8626355	0.384975	0.288723	0.231043	0.0952587	2.15047	1.244951
210	-3945.547	-4207.859	262.3124	0.6459111	0.280969	0.518198	0.170186	0.0306478	2.087709	1.222033
216	-3949.013	-4211.487	262.474	0.6586622	0.293419	0.541159	0.133416	0.0320058	2.078431	1.075097
222	-3955.864	-4218.238	262.3741	0.6141356	0.228729	0.417818	0.291189	0.062264	2.089544	1.196526
228	-3950.537	-4212.949	262.4124	0.6141356	0.246281	0.328793	0.355054	0.0698726	2.041311	1.205025
234	-3973.604	-4236.08	262.4751	0.604141	0.178841	0.511003	0.302054	0.0081016	2.023103	1.175731
240	-3966.984	-4229.13	262.1461	0.6903149	0.535324	0.159649	0.29784	0.00718676	2.030482	1.365957
246	-3952.358	-4214.555	262.1965	0.6903149	0.457802	0.149366	0.384305	0.0085266	1.980113	1.365957
252	-3960.103	-4222.097	261.9943	0.8350068	0.364325	0.236188	0.281691	0.117796	1.976827	1.407495
258	-3954.792	-4216.75	261.9573	0.9456109	0.488418	0.177557	0.211764	0.122262	2.012254	1.318897
264	-3947.108	-4208.803	261.6947	1.005245	0.491724	0.197124	0.271085	0.0400666	1.988889	1.49433
270	-3943.102	-4205.264	262.1619	0.6683352	0.441361	0.135065	0.381747	0.0418271	2.028068	1.373747
276	-3950.254	-4211.209	260.9545	1.102462	0.38646	0.118264	0.334261	0.161014	1.786609	2.08398
282	-3951.358	-4212.234	260.8759	0.916073	0.420061	0.137487	0.388592	0.0538605	1.730057	2.29208
288	-3966.396	-4227.455	261.059	0.916073	0.481733	0.176191	0.313977	0.0280992	1.637451	2.233984
294	-3946.35	-4207.371	261.0209	0.9758936	0.446494	0.330413	0.211515	0.0115781	1.6925	2.183808
300	-3953.802	-4214.398	260.5954	1.40289	0.572136	0.0878075	0.327356	0.0127006	1.67287	2.210305
306	-3955.209	-4216.472	261.2634	1.142084	0.331437	0.278175	0.383082	0.00730604	1.723408	1.894268
312	-3949.108	-4210.557	261.449	1.157904	0.488807	0.14847	0.358886	0.0038361	1.866225	1.654952
318	-3951.393	-4213.027	261.634	0.7631548	0.43596	0.214772	0.345846	0.00342136	1.869064	1.803014
324	-3951.51	-4213.515	262.005	0.7374326	0.4323	0.212969	0.342943	0.011787	1.918824	1.521268
330	-3951.369	-4213.306	261.937	0.7152801	0.403448	0.304087	0.29063	0.00183487	1.933314	1.578041
336	-3951.109	-4213.125	262.016	0.6404885	0.351436	0.25577	0.391143	0.00165134	1.949287	1.566449
342	-3962.053	-4224.062	262.0091	0.6404885	0.282265	0.399043	0.204317	0.114374	1.900811	1.606914
348	-3951.141	-4213.084	261.9429	0.6404885	0.324175	0.309817	0.234653	0.131356	1.967027	1.606914
354	-3948.232	-4210.309	262.0772	0.5483268	0.340921	0.274163	0.246775	0.138141	1.929184	1.606914
360	-3950.431	-4212.553	262.122	0.6939629	0.388243	0.312219	0.228689	0.070849	2.013662	1.39504
366	-3951.715	-4213.916	262.2009	0.6881797	0.320618	0.299137	0.282551	0.0976947	1.983945	1.361252
372	-3956.774	-4217.498	260.7232	0.7091818	0.481842	0.189877	0.28656	0.0417208	1.588254	2.612811
378	-3946.775	-4207.126	260.3509	0.9396199	0.427864	0.289714	0.254458	0.0279635	1.500802	2.747894
384	-3947.489	-4207.387	259.8981	0.7558437	0.461551	0.336211	0.182213	0.0200242	1.622244	3.063217
390	-3936.515	-4197.327	260.8114	1.117052	0.361033	0.403236	0.211715	0.0240161	1.663443	2.247888
396	-3944.811	-4204.902	260.0911	0.7880573	0.322736	0.411301	0.251592	0.0143715	1.484768	3.009676
402	-3950.604	-4210.466	259.8626	0.9021662	0.357435	0.291137	0.217412	0.134016	1.477574	3.079787
408	-3940.616	-4200.523	259.907	0.7283832	0.307378	0.350743	0.211504	0.130375	1.55837	3.113344
414	-3957.661	-4219.696	262.0349	0.8752543	0.338053	0.163611	0.313777	0.184559	1.911314	1.394415
420	-3959.726	-4221.617	261.8916	0.9105147	0.253377	0.321729	0.235182	0.189712	2.049193	1.370299
426	-3940.415	-4202.355	261.9396	0.7835651	0.374031	0.329406	0.244331	0.052232	1.938629	1.519021
432	-3954.173	-4216.15	261.9771	0.7446439	0.374163	0.329522	0.244065	0.0522504	1.938629	1.521605
438	-3947.5	-4209.332	261.8315	0.7997956	0.250102	0.421327	0.248163	0.0804081	1.804078	1.683067
444	-3949.303	-4211.003	261.699	0.7515474	0.413372	0.174376	0.279353	0.132899	1.853349	1.777288
450	-3964.645	-4224.969	260.3241	0.7193189	0.350029	0.318595	0.269936	0.0614408	1.543773	2.877463
456	-3972.135	-4232.988	260.8532	0.7825134	0.392117	0.242807	0.299454	0.065622	1.689868	2.419999
462	-3961.616	-4223.471	261.8552	0.832041	0.410521	0.245965	0.212563	0.13095	2.008076	1.492207
468	-3974.939	-4236.906	261.9676	0.9195102	0.558648	0.185338	0.0778136	0.178201	2.016763	1.328356
474	-3964.745	-4226.619	261.8744	0.9266737	0.258231	0.311493	0.130779	0.299497	2.051565	1.368987
480	-3959.559	-4221.588	262.0295	0.6603195	0.326328	0.298751	0.212166	0.162755	2.075851	1.445937
486	-3958.858	-4221.075	262.2169	0.6690228	0.297666	0.352539	0.18184	0.167954	2.027416	1.330029
492	-3954.564	-4216.726	262.1615	0.780809	0.320822	0.350885	0.246694	0.0815994	2.023363	1.282512
498	-3958.013	-4220.112	262.0991	0.7565992	0.30138	0.493489	0.13783	0.0673015	2.034202	1.344709
504	-3949.728	-4211.847	262.1192	0.7565992	0.344233	0.421468	0.157428	0.0768711	2.014098	1.344709
510	-3944.568	-4206.816	262.2486	0.7565992	0.344233	0.421468	0.157428	0.0768711	1.987793	1.261054
516	-3953.087	-4215.227	262.1405	0.7736508	0.450601	0.229871	0.218903	0.100624	2.036524	1.29504
522	-3962.543	-4224.525	261.9821	0.948849	0.504136	0.219838	0.266145	0.00988046	2.036601	1.276267
528	-3966.474	-4228.313	261.8391	0.9769123	0.516897	0.264763	0.18083	0.03751	1.935737	1.446747
534	-3948.064	-4209.436	261.3719	1.257856	0.555297	0.126148	0.211774	0.106781	1.881901	1.631504
540	-3945.703	-4207.204	261.5011	0.9588714	0.390284	0.358813	0.148843	0.10206	1.847749	1.769486
546	-3946.757	-4208.36	261.6029	0.8840523	0.294772	0.431381	0.177122	0.0967259	1.822332	1.769486
552	-3951.423	-4213.118	261.6956	0.7666406	0.379987	0.269368	0.22338	0.127265	1.85208	1.769486
558	-3951.646	-4213.281	261.6357	0.8724171	0.364108	0.0865677	0.470155	0.0791693	1.889675	1.707667
564	-3947.538	-4209.443	261.905	0.6177061	0.268242	0.246364	0.380734	0.104659	1.888303	1.707667
570	-3957.155	-4219.549	262.3943	0.4913701	0.281828	0.356972	0.332501	0.0286992	1.900829	1.434628
576	-3957.204	-4219.605	262.4011	0.4915615	0.308205	0.319652	0.342574	0.0295686	2.074796	1.291605
582	-3945.757	-4207.841	262.0843	0.7771354	0.453229	0.235153	0.286858	0.0247596	2.048793	1.327576
588	-3960.091	-4221.826	261.7354	0.9229938	0.460153	0.13447	0.370701	0.0346768	1.970281	1.53977
594	-3949.724	-4211.712	261.988	0.6239849	0.278613	0.19102	0.509371	0.0209961	2.02231	1.546129
600	-3944.023	-4206.021	261.9972	0.7563653	0.334938	0.255634	0.404022	0.00540636	2.023079	1.433204
606	-3962.629	-4224.445	261.8167	0.9791442	0.251204	0.313639	0.414273	0.0208843	2.023079	1.394886
612	-3954.663	-4216.568	261.9055	0.9194607	0.346276	0.301555	0.322042	0.0301262	1.995594	1.394235
618	-3963.009	-4224.936	261.9275	0.7969566	0.365456	0.2415	0.359651	0.0333927	2.045724	1.436592
624	-3955.985	-4217.889	261.9043	0.7575521	0.365481	0.266021	0.359675	0.00882289	2.091149	1.451264
630	-3957.568	-4219.633	262.0648	0.9032712	0.404157	0.204804	0.382083	0.00895572	2.129312	1.16706
636	-3952.175	-4214.334	262.1593	0.8057453	0.383998	0.32921	0.170433	0.116359	1.993482	1.287314
642	-3956.269	-4218.199	261.9305	0.8057453	0.464396	0.212998	0.206117	0.116488	2.05253	1.421938
648	-3962.695	-4224.583	261.8881	0.8241478	0.415049	0.239445	0.249379	0.0961277	1.88285	1.56688
654	-3961.149	-4223.115	261.9663	0.7818078	0.400881	0.158553	0.317991	0.122576	1.907533	1.523665
660	-3959.189	-4221.107	261.9184	0.8554071	0.429912	0.154674	0.295836	0.119577	1.972983	1.452519
666	-3959.067	-4220.639	261.5724	0.9004835	0.390069	0.180281	0.359476	0.0701746	1.929206	1.704034
672	-3948.755	-4210.903	262.1479	0.6505318	0.200369	0.364036	0.415828	0.0197669	2.02109	1.404888
678	-3950.879	-4212.786	261.9065	0.9291168	0.313305	0.328601	0.327186	0.0309082	2.072781	1.32458
684	-3943.136	-4205.311	262.1753	0.7465178	0.327077	0.343047	0.297609	0.0322669	2.076006	1.257513
690	-3938.464	-4200.611	262.1465	0.6025574	0.267854	0.371402	0.352697	0.00804674	2.018658	1.446828
696	-3937.097	-4199.028	261.9302	0.7805066	0.257948	0.357666	0.339654	0.0447322	1.984473	1.494088
702	-3940.352	-4202.09	261.7374	0.8142482	0.431163	0.260993	0.233629	0.0742143	1.962247	1.626339
708	-3965.882	-4227.607	261.7246	0.936654	0.40063	0.242511	0.162121	0.194737	1.922379	1.572775
714	-3960.393	-4222.213	261.8199	0.9027505	0.218222	0.547892	0.168559	0.0653276	1.883841	1.556499
720	-3957.899	-4219.657	261.7574	0.942034	0.34228	0.390114	0.202452	0.0651533	1.877359	1.577735
726	-3959.252	-4220.866	261.6139	0.9131237	0.463674	0.267843	0.123997	0.144486	1.836063	1.731322
732	-3965.067	-4227.101	262.0337	0.5090536	0.185309	0.513752	0.116497	0.184442	1.803569	1.755701
738	-3956.214	-4217.958	261.7439	0.4606114	0.241398	0.364083	0.263809	0.130709	1.733145	2.032849
744	-3954.207	-4215.327	261.1207	1.084614	0.45067	0.215526	0.271491	0.0623136	1.78299	1.987777
750	-3956.895	-4218.362	261.4669	0.8333796	0.43132	0.206272	0.259834	0.102574	1.697815	1.982922
756	-3965.421	-4226.533	261.112	1.052538	0.45855	0.219294	0.213107	0.109049	1.648081	2.103627
762	-3972.73	-4232.625	259.895	0.989742	0.414998	0.278887	0.251331	0.0547842	1.597155	2.935376
768	-3964.274	-4223.961	259.6867	1.337262	0.493985	0.114029	0.355004	0.0369819	1.629459	2.84138
774	-3957.943	-4218.173	260.23	0.876339	0.473253	0.260308	0.241302	0.0251372	1.533069	2.84138
780	-3950.999	-4211.635	260.6357	0.7462126	0.475353	0.140033	0.34186	0.042754	1.569687	2.65414
786	-3959.97	-4220.057	260.0867	1.104576	0.291311	0.163836	0.494831	0.0500215	1.595837	2.751115
792	-3956.319	-4216.364	260.0459	1.104576	0.395476	0.190189	0.342535	0.0717993	1.63662	2.751115
798	-3962.058	-4222.678	260.6194	1.271377	0.470629	0.226331	0.205443	0.0975969	1.698446	2.255049
804	-3962.963	-4223.405	260.442	0.9335074	0.448485	0.215681	0.195776	0.140058	1.725039	2.55744
810	-3948.992	-4209.424	260.4317	1.002194	0.405528	0.236072	0.211173	0.147228	1.546111	2.631709
816	-3963.205	-4223.447	260.2417	0.9539316	0.344257	0.332414	0.297354	0.025975	1.563029	2.76773
822	-3958.214	-4220.375	262.1614	0.8070569	0.340348	0.222245	0.307035	0.130372	1.895804	1.363034
828	-3948.89	-4210.604	261.7143	1.107444	0.450779	0.142662	0.267338	0.13922	1.977939	1.411037
834	-3942.575	-4204.322	261.7471	1.051317	0.497347	0.1574	0.294955	0.0502981	1.945163	1.453205
840	-3961.574	-4222.304	260.7291	1.717999	0.583888	0.0573201	0.300872	0.05792	1.823224	1.844084
846	-3967.831	-4227.922	260.0908	2.68084	0.585352	0.0479944	0.113712	0.252941	1.766742	1.846573
852	-3969.556	-4231.602	262.0458	0.7321041	0.251677	0.384842	0.315332	0.0481496	1.99839	1.434547
858	-3954.796	-4216.821	262.0258	0.7846	0.316631	0.242819	0.396714	0.0438369	1.870345	1.5048
864	-3955.725	-4217.603	261.8772	0.9070725	0.352113	0.227219	0.371919	0.0487494	1.952994	1.458588
870	-3971.95	-4233.856	261.9063	0.8035925	0.338441	0.206192	0.416808	0.0385599	1.849717	1.59353
876	-3967.882	-4229.418	261.5362	1.203335	0.511095	0.206214	0.24842	0.0342713	1.808117	1.602859
882	-3956.817	-4218.635	261.8181	0.8034427	0.497038	0.200542	0.266246	0.0361745	1.74396	1.73239
888	-3958.241	-4219.67	261.4288	0.978031	0.469174	0.223179	0.281065	0.0265825	1.779141	1.853467
894	-3963.601	-4225.037	261.4356	1.261735	0.477556	0.145912	0.278826	0.0977056	1.80845	1.635943
900	-3964.005	-4225.957	261.9515	1.095881	0.449146	0.223643	0.252074	0.0751378	2.041537	1.174505
906	-3967.054	-4228.937	261.8828	1.105827	0.407876	0.244461	0.27943	0.0682337	2.041537	1.225133
912	-3970.487	-4232.222	261.7359	1.314196	0.506374	0.165925	0.305632	0.0220686	2.058559	1.168313
918	-3963.709	-4226.088	262.3784	0.6676526	0.326886	0.320617	0.295832	0.0566646	2.244383	0.9979182
924	-3963.614	-4225.929	262.3153	0.6945355	0.362223	0.283819	0.291854	0.0621042	2.090951	1.172572
930	-3974.552	-4235.927	261.3745	1.314589	0.588781	0.135328	0.264506	0.0113842	1.925279	1.560047
936	-3972.363	-4233.925	261.5618	1.063103	0.242561	0.163974	0.575505	0.01796	1.954456	1.575913
942	-3955.326	-4217.434	262.108	0.8015706	0.289137	0.33689	0.296705	0.0772688	2.109364	1.237529
948	-3957.727	-4219.794	262.0665	0.7788133	0.466484	0.237366	0.23716	0.0589903	2.02792	1.356992
954	-3967.24	-4229.27	262.0298	0.6268038	0.295038	0.230511	0.465086	0.00936475	1.965559	1.555014
960	-3950.773	-4212.971	262.1983	0.6532736	0.385778	0.281805	0.249182	0.0832352	1.965559	1.406607
966	-3971.527	-4233.524	261.9967	0.593504	0.294165	0.324334	0.285976	0.0955258	1.844419	1.691812
972	-3959.944	-4221.912	261.9677	0.696306	0.371089	0.312793	0.275801	0.0403168	1.817712	1.654036
978	-3964.291	-4226.462	262.1717	0.5907321	0.378732	0.358054	0.202168	0.0610468	1.794077	1.604423
984	-3962.794	-4224.822	262.0272	0.7211634	0.378732	0.358054	0.202168	0.0610468	1.826231	1.585814
990	-3962.78	-4224.265	261.4848	0.8320816	0.31943	0.156994	0.489998	0.0335786	1.793774	1.907221
996	-3967.912	-4229.946	262.0342	0.6607398	0.28822	0.358476	0.244029	0.109275	1.794867	1.649782
1002	-3969.288	-4231.263	261.9755	0.7861847	0.312031	0.31091	0.324256	0.0528033	1.913167	1.509173
1008	-3954.94	-4216.621	261.6816	0.730759	0.310393	0.271084	0.322554	0.0959692	1.783695	1.852579
1014	-3964.787	-4226.435	261.6481	0.8902778	0.359125	0.313644	0.076586	0.250645	1.855488	1.710021
1020	-3956.906	-4218.386	261.4801	0.8813977	0.540473	0.186478	0.195173	0.0778759	1.88719	1.811626
1026	-3955.473	-4217.189	261.7156	0.9445086	0.491142	0.161	0.168507	0.179351	1.827658	1.642259
1032	-3955.176	-4216.858	261.6816	0.8716623	0.500225	0.145515	0.283606	0.0706547	1.95049	1.63204
1038	-3959.482	-4220.836	261.3536	1.404811	0.437609	0.161925	0.309279	0.0911863	1.95049	1.496531
1044	-3967.593	-4229.314	261.7209	0.9723153	0.381793	0.082633	0.424226	0.111347	1.936952	1.538141
1050	-3969.745	-4231.623	261.8783	0.7346918	0.557462	0.0968298	0.24824	0.0974687	1.86924	1.652054
1056	-3960.282	-4222.077	261.7952	0.8554957	0.480087	0.138039	0.242077	0.139796	1.81551	1.65942
1062	-3958.925	-4220.692	261.7676	0.8111825	0.384284	0.205237	0.261924	0.148555	1.904373	1.648601
1068	-3964.301	-4226.268	261.9668	0.8892475	0.474595	0.25347	0.12144	0.150496	1.985213	1.378599
1074	-3947.286	-4209.401	262.1152	0.7514276	0.344744	0.18412	0.405612	0.0655247	2.027024	1.341973
1080	-3954.336	-4216.246	261.9102	0.8507627	0.428473	0.228837	0.266688	0.0760012	2.127984	1.341973
1086	-3961.593	-4223.889	262.2954	0.6560359	0.21298	0.666417	0.0938551	0.026747	2.127984	1.193044
1092	-3952.081	-4214.649	262.5678	0.4348483	0.185691	0.292591	0.438052	0.0836663	2.127992	1.151113
1098	-3951.136	-4213.39	262.2543	0.6954526	0.398096	0.190448	0.38378	0.0276753	2.175369	1.151113
1104	-3943.36	-4205.325	261.9647	0.6951446	0.386784	0.14163	0.383132	0.0884536	1.958989	1.554484
1110	-3944.153	-4206.474	262.3208	0.5883253	0.327067	0.302892	0.323979	0.0460622	1.981627	1.351619
1116	-3939.208	-4201.498	262.2896	0.6472008	0.271112	0.427017	0.202705	0.099166	2.031378	1.286725
1122	-3948.005	-4210.496	262.4906	0.6472008	0.363454	0.330042	0.205816	0.100688	2.127075	1.024391
1128	-3944.628	-4206.847	262.2187	0.7267899	0.226854	0.418409	0.201034	0.153703	2.244868	1.090565
1134	-3939.763	-4201.904	262.1407	0.7812396	0.255177	0.345796	0.226133	0.172893	2.161184	1.183667
1140	-3936.475	-4198.717	262.2421	0.6414391	0.181371	0.385843	0.337278	0.0955077	2.156615	1.227215
1146	-3947.284	-4209.424	262.1396	0.712521	0.199917	0.45383	0.269842	0.0764116	2.137516	1.265889
1152	-3940.964	-4202.997	262.0331	0.7972334	0.35326	0.252629	0.265764	0.128347	2.135923	1.281379
1158	-3943.535	-4205.428	261.8928	0.8683433	0.417394	0.160541	0.327521	0.0945443	2.17143	1.306434
1164	-3955.248	-4217.343	262.0954	0.6834344	0.340676	0.311712	0.272819	0.0747928	1.990948	1.441688
1170	-3940.246	-4202.313	262.0674	0.8146262	0.404521	0.25179	0.220373	0.123317	2.093816	1.27284
1176	-3947.305	-4209.444	262.1392	0.6513924	0.29033	0.326192	0.291143	0.0923353	2.00544	1.423023
1182	-3947.71	-4209.402	261.6929	0.7537753	0.333344	0.307599	0.345366	0.0136915	1.909306	1.74085
1188	-3960.251	-4222.186	261.935	0.6333149	0.272198	0.477478	0.222291	0.0280332	1.829547	1.716338
1194	-3936.86	-4198.977	262.1171	0.6478737	0.27661	0.369226	0.325677	0.0284875	1.957599	1.479213
1200	-3952.308	-4214.217	261.9093	0.8131869	0.395211	0.199588	0.360131	0.0450705	2.05735	1.428545
1206	-3962.182	-4224.285	262.1032	0.8437596	0.41173	0.143653	0.375185	0.0694324	2.009889	1.287374
1212	-3949.298	-4211.509	262.2106	0.5497117	0.465238	0.235992	0.279744	0.0190251	2.017712	1.440642
1218	-3940.451	-4202.682	262.231	0.6497615	0.503728	0.255517	0.220156	0.020599	2.017725	1.342854
1224	-3935.834	-4197.823	261.9895	0.7595854	0.433292	0.266795	0.287611	0.0123028	2.010357	1.446286
1230	-3935.611	-4197.627	262.0162	0.7292348	0.34693	0.277134	0.36622	0.00971516	2.015667	1.446286
1236	-3944.149	-4206.237	262.0886	0.6796465	0.388857	0.310626	0.160307	0.14021	1.908986	1.511891
1242	-3942.737	-4204.802	262.0656	0.6773527	0.153473	0.45721	0.217218	0.1721	1.84019	1.581485
1248	-3944.694	-4206.369	261.6751	0.6773527	0.2402	0.279784	0.339966	0.14005	1.84019	1.857022
1254	-3945.259	-4207.032	261.7721	0.5886765	0.219408	0.435532	0.310539	0.0345205	1.815011	1.871926
1260	-3936.561	-4198.445	261.8837	0.6081762	0.352515	0.434835	0.185405	0.027245	1.815011	1.781001
1266	-3949.145	-4210.775	261.6302	0.749359	0.408229	0.258711	0.290388	0.042672	1.801287	1.862241
1272	-3938.09	-4199.337	261.2468	0.749359	0.392727	0.274094	0.307653	0.0255263	1.817596	2.107667
1278	-3935.948	-4197.102	261.1548	0.838585	0.393292	0.293006	0.23849	0.0752126	1.816092	2.107667
1284	-3928.423	-4189.752	261.3294	0.7605155	0.401851	0.330254	0.250087	0.017808	1.723237	2.107667
1290	-3949.392	-4210.553	261.1604	0.8081702	0.486872	0.161902	0.335965	0.0152605	1.827459	2.117327
1296	-3943.776	-4205.219	261.4431	0.8081702	0.276816	0.347074	0.191016	0.185094	1.776476	1.963832
1302	-3953.877	-4215.328	261.451	0.719179	0.421897	0.275588	0.262158	0.0403573	1.711516	2.064161
1308	-3950.308	-4211.477	261.1682	0.8080313	0.492479	0.271202	0.218529	0.0177898	1.741055	2.168654
1314	-3939.316	-4200.472	261.156	0.8080313	0.365145	0.201081	0.421908	0.011866	1.716528	2.192518
1320	-3944.046	-4205.393	261.3471	0.7987986	0.318332	0.275866	0.337884	0.0679176	1.692898	2.089578
1326	-3942.127	-4203.494	261.367	0.8735711	0.338511	0.374942	0.221936	0.0646112	1.771421	1.972666
1332	-3947.418	-4208.771	261.3526	0.9602402	0.243508	0.269714	0.335176	0.151602	1.706646	1.966384
1338	-3963.051	-4224.649	261.5984	0.8170858	0.434462	0.19549	0.178361	0.191688	1.813551	1.826827
1344	-3958.007	-4219.451	261.4445	0.9950006	0.31143	0.171255	0.376517	0.140799	1.801103	1.81592
1350	-3957.561	-4219.077	261.516	0.9950006	0.368951	0.164205	0.300041	0.166804	1.705599	1.832433
1356	-3962.699	-4224.154	261.4545	0.6771237	0.371864	0.165501	0.294514	0.168121	1.719096	2.086173
1362	-3966.041	-4227.294	261.2527	0.9411154	0.347305	0.154571	0.341105	0.157018	1.83711	1.958826
1368	-3969.484	-4230.695	261.2105	1.097082	0.427534	0.144387	0.337504	0.0905753	1.660274	2.001584
1374	-3959.925	-4221.134	261.2094	0.9110402	0.432216	0.166222	0.309995	0.0915673	1.699714	2.09914
1380	-3962.741	-4223.506	260.7649	0.8637377	0.464354	0.179287	0.298777	0.0575823	1.695688	2.418561
1386	-3961.391	-4222.153	260.7625	0.9988782	0.428164	0.243249	0.275492	0.0530947	1.667298	2.350958
1392	-3965.423	-4225.896	260.4733	1.242716	0.361913	0.230457	0.318694	0.088936	1.667298	2.384981
1398	-3952.513	-4213.372	260.8588	0.8607652	0.418612	0.222742	0.308025	0.0506213	1.689762	2.364854
1404	-3946.889	-4207.478	260.5891	1.01647	0.51758	0.246246	0.197489	0.038685	1.71519	2.419292
1410	-3949.769	-4210.072	260.3036	1.014768	0.378885	0.317041	0.254267	0.0498068	1.710932	2.601237
1416	-3938.172	-4199.243	261.0703	1.010861	0.513689	0.0953102	0.371135	0.0198657	1.705791	2.120178
1422	-3962.535	-4223.255	260.72	0.9779248	0.359155	0.203741	0.428974	0.00813008	1.668492	2.390478
1428	-3945.359	-4206.387	261.028	0.7831082	0.438975	0.271478	0.280691	0.00885701	1.649252	2.334602
1434	-3943.946	-4204.929	260.9826	0.574168	0.399594	0.288864	0.298667	0.0128744	1.606671	2.528779
1440	-3963.027	-4223.812	260.7847	0.7015997	0.399621	0.288883	0.298687	0.0128085	1.661573	2.53414
1446	-3955.642	-4217.098	261.4564	0.6518523	0.362808	0.262272	0.271172	0.103748	1.706608	2.110708
1452	-3958.154	-4219.102	260.9481	0.5700896	0.240896	0.37544	0.304924	0.0787397	1.660194	2.519559
1458	-3951.264	-4212.925	261.6616	0.6429266	0.194786	0.397312	0.215011	0.192891	1.720482	1.971903
1464	-3950.624	-4212.213	261.5892	0.7038425	0.369295	0.20813	0.332769	0.0898049	1.741709	1.962908
1470	-3961.5	-4222.727	261.2271	0.7451301	0.334696	0.312026	0.301592	0.0516855	1.727735	2.182045
1476	-3952.235	-4213.172	260.9377	0.7960528	0.411238	0.247151	0.278106	0.0635055	1.593332	2.41861
1482	-3956.516	-4216.929	260.4128	1.136352	0.471074	0.253921	0.174643	0.100362	1.608705	2.522998
1488	-3938.565	-4199.243	260.6778	0.8533345	0.307156	0.165565	0.46184	0.0654391	1.626993	2.522998
1494	-3944.749	-4205.748	260.9995	0.7768504	0.396984	0.155053	0.40183	0.0461331	1.678057	2.338623
1500	-3960.715	-4221.537	260.8221	0.8030367	0.375711	0.216362	0.380298	0.0276287	1.654887	2.448031
1506	-3948.638	-4208.963	260.3247	0.8944329	0.262936	0.145454	0.543258	0.0483516	1.620187	2.719162
1512	-3937.884	-4199.078	261.1939	0.7735009	0.43658	0.147818	0.329343	0.0862591	1.702455	2.200541
1518	-3941.392	-4202.374	260.9821	0.608501	0.29609	0.331795	0.308974	0.0631408	1.641493	2.484873
1524	-3935.416	-4196.197	260.7811	0.9639654	0.459742	0.216694	0.279146	0.0444188	1.665863	2.362377
1530	-3937.859	-4197.864	260.0055	1.817517	0.551436	0.0604654	0.33482	0.0532781	1.592889	2.41645
1536	-3941.968	-4203.075	261.1072	1.175334	0.560243	0.0416821	0.342691	0.0553845	1.794415	1.930482
1542	-3939.533	-4200.387	260.8535	1.419844	0.523036	0.0177567	0.407501	0.0517063	1.824051	1.930482
1548	-3935.818	-4196.65	260.8319	1.641823	0.643827	0.0387913	0.261836	0.055546	1.813223	1.823227
1554	-3948.583	-4209.781	261.1981	1.294907	0.628362	0.0618804	0.255546	0.0542118	1.932459	1.695199
1560	-3957.061	-4218.477	261.4164	1.392217	0.628362	0.0618804	0.255546	0.0542118	1.958049	1.451761
1566	-3965.841	-4227.477	261.6362	1.154937	0.487009	0.0997467	0.300017	0.113227	1.936828	1.467352
1572	-3964.208	-4225.845	261.6361	1.206064	0.459111	0.0940328	0.340115	0.106741	2.059405	1.334301
1578	-3967.13	-4228.928	261.7981	0.7820684	0.588873	0.104686	0.169531	0.13691	1.940949	1.622236
1584	-3952.893	-4214.935	262.0415	0.7653602	0.182225	0.514801	0.201581	0.101393	1.967873	1.43433
1590	-3957.382	-4218.897	261.5154	1.05801	0.422484	0.14802	0.348712	0.0807838	1.849326	1.688793
1596	-3960.246	-4221.644	261.3972	1.013135	0.517595	0.181343	0.22682	0.0742426	1.846301	1.804825
1602	-3959.613	-4221.175	261.5626	0.7764989	0.466581	0.188036	0.177901	0.167482	1.726761	1.939261
1608	-3952.224	-4213.624	261.3995	0.8886128	0.448794	0.140305	0.337022	0.0738787	1.773104	1.939261
1614	-3949.077	-4209.953	260.8755	0.9010568	0.581379	0.0653403	0.226932	0.126348	1.608322	2.379563
1620	-3943.392	-4204.078	260.6864	1.104502	0.510982	0.0673601	0.388858	0.032799	1.660472	2.337537
1626	-3953.76	-4214.243	260.4831	1.036106	0.46411	0.141858	0.364242	0.0297904	1.582288	2.556569
1632	-3957.188	-4218.126	260.9376	0.6271802	0.361852	0.264178	0.346761	0.0272097	1.672606	2.480987
1638	-3960.826	-4222.37	261.5447	0.7258617	0.394568	0.288063	0.287698	0.0296699	1.806623	1.933515
1644	-3947.618	-4209.147	261.5294	0.8801583	0.283448	0.317609	0.206675	0.192268	1.792386	1.843809
1650	-3937.886	-4199.638	261.7523	0.779883	0.294254	0.329717	0.195823	0.180205	1.916606	1.674205
1656	-3923.276	-4185.161	261.8846	0.6730366	0.289576	0.324475	0.279921	0.106029	1.958644	1.630215
1662	-3934.549	-4196.627	262.0784	0.7148044	0.24491	0.424928	0.26107	0.0690926	2.077332	1.361967
1668	-3941.933	-4203.806	261.8737	0.8384568	0.40212	0.213738	0.322369	0.0617736	1.967575	1.503711
1674	-3929.495	-4191.468	261.9731	0.7104794	0.395011	0.216279	0.326202	0.0625081	2.002734	1.503711
1680	-3939.144	-4201.342	262.1974	0.6555115	0.334064	0.212139	0.404678	0.0491191	2.114776	1.286744
1686	-3942.28	-4204.455	262.175	0.8390592	0.33388	0.381276	0.172234	0.11261	2.073076	1.177872
1692	-3934.233	-4196.481	262.2482	0.6079274	0.308069	0.404631	0.173719	0.113581	2.074134	1.319286
1698	-3938.347	-4200.887	262.5398	0.5100787	0.302047	0.396721	0.178979	0.122253	2.090655	1.144824
1704	-3954.125	-4216.207	262.0819	0.7457655	0.261568	0.366947	0.298608	0.0728769	2.142224	1.280585
1710	-3951.026	-4212.949	261.9231	0.756724	0.435712	0.234711	0.247361	0.0822159	1.925584	1.561794
1716	-3952.211	-4213.375	261.1649	1.120214	0.52021	0.0924727	0.295331	0.0919864	1.914653	1.845392
1722	-3953.569	-4215.127	261.5577	0.8951793	0.336552	0.28291	0.191066	0.189472	1.783051	1.820093
1728	-3949.236	-4210.199	260.9631	0.9497457	0.328108	0.261677	0.234962	0.175252	1.725223	2.217181
1734	-3962.871	-4224.752	261.881	0.6488034	0.2764	0.281537	0.253511	0.188553	1.756521	1.793673
1740	-3967.087	-4228.352	261.2659	0.8847298	0.349921	0.356425	0.0939183	0.199737	1.695794	2.082291
1746	-3960.184	-4221.696	261.5115	0.8132794	0.559138	0.255727	0.0811418	0.103993	1.736094	1.941392
1752	-3954.07	-4214.831	260.7605	1.005488	0.458014	0.239784	0.141337	0.160865	1.60023	2.390557
1758	-3964.998	-4226.095	261.097	1.025036	0.531668	0.0919104	0.164066	0.212355	1.655692	2.126285
1764	-3972.155	-4232.754	260.5984	1.669135	0.666197	0.0480909	0.12453	0.161182	1.714528	2.032359
1770	-3958.682	-4220.26	261.578	1.073279	0.40019	0.125134	0.390467	0.0842095	1.976057	1.540762
1776	-3956.307	-4217.868	261.5616	0.9524544	0.299752	0.315959	0.319179	0.06511	1.891644	1.700771
1782	-3956.335	-4217.661	261.3259	0.9315656	0.291277	0.308871	0.332106	0.0677469	1.785546	1.950826
1788	-3962.778	-4224.013	261.2346	0.9356678	0.465362	0.322879	0.14094	0.0708194	1.773537	2.017145
1794	-3968.92	-4230.344	261.4245	0.9054722	0.382591	0.118094	0.409743	0.0895716	1.812935	1.883623
1800	-3966.517	-4228.111	261.5939	1.156113	0.546427	0.000938794	0.355839	0.0967945	1.871146	1.547277
1806	-3956.943	-4217.753	260.8099	1.485979	0.552733	0.0012844	0.386411	0.0595716	1.853153	1.901123
1812	-3947.22	-4208.371	261.151	1.01148	0.545618	0.00105762	0.351143	0.102181	1.853153	1.968836
1818	-3963.244	-4224.187	260.9431	1.244115	0.656877	0.00081165	0.31127	0.0310408	1.739925	2.033385
1824	-3958.508	-4219.227	260.718	1.26441	0.546902	0.000793346	0.383473	0.0688312	1.702241	2.193158
1830	-3960.358	-4221.748	261.3901	0.9024377	0.565592	0.000874904	0.396859	0.0366741	1.815846	1.907139
1836	-3964.12	-4225.301	261.1803	1.096681	0.707941	0.00095512	0.241293	0.0498107	1.777301	1.943702
1842	-3952.685	-4214.027	261.3422	1.010867	0.723766	0.015188	0.246687	0.0143591	1.805289	1.8723
1848	-3952.806	-4214.164	261.3578	1.033918	0.639416	0.0405707	0.277707	0.0423055	1.748401	1.884819
1854	-3950.24	-4211.534	261.2944	1.042495	0.522137	0.126425	0.291977	0.0594609	1.803305	1.884819
1860	-3954.306	-4215.616	261.3101	0.8070045	0.532683	0.128978	0.297874	0.0404652	1.710691	2.096531
1866	-3947.569	-4208.933	261.3644	0.8070045	0.432266	0.187052	0.235008	0.145674	1.761442	2.02721
1872	-3943.914	-4204.978	261.0634	0.9667625	0.500711	0.202276	0.226286	0.070727	1.629878	2.202821
1878	-3944.817	-4205.827	261.0101	0.8506672	0.459799	0.213344	0.286344	0.0405122	1.514116	2.386918
1884	-3953.535	-4213.783	260.2483	0.7407315	0.33357	0.388522	0.248517	0.0293903	1.525702	2.920525
1890	-3954.496	-4215.693	261.1978	0.7758088	0.279323	0.465882	0.208102	0.0466923	1.613665	2.253696
1896	-3949.144	-4210.055	260.9101	0.7554096	0.291761	0.507943	0.138717	0.0615787	1.645605	2.430015
1902	-3965.176	-4225.725	260.5494	1.12558	0.428027	0.0832744	0.380599	0.108099	1.715738	2.376465
1908	-3960.54	-4221.332	260.7912	0.8898574	0.473963	0.0679886	0.338819	0.11923	1.685451	2.391424
1914	-3971.689	-4233.038	261.3488	1.100143	0.427156	0.219394	0.351992	0.0014577	1.929803	1.720551
1920	-3975.416	-4237.099	261.6823	0.8115475	0.499537	0.25657	0.238771	0.00512109	1.888016	1.720551
1926	-3947.593	-4209.81	262.2168	0.6451667	0.319207	0.433798	0.242832	0.00416265	2.020974	1.35539
1932	-3951.775	-4213.412	261.6367	0.806922	0.408193	0.284821	0.287808	0.0191786	1.943165	1.717276
1938	-3952.122	-4214.193	262.0708	0.6055677	0.156692	0.438974	0.379074	0.0252603	1.895978	1.592304
1944	-3965.092	-4227.183	262.0902	0.5016352	0.341304	0.377917	0.263238	0.0175414	1.895978	1.655647
1950	-3945.38	-4207.234	261.8546	0.7568763	0.333065	0.339076	0.222451	0.105408	1.860656	1.658406
1956	-3961.426	-4222.958	261.5323	0.9091483	0.603971	0.129744	0.180673	0.0856115	1.919734	1.732696
1962	-3951.955	-4213.496	261.5413	0.9081256	0.379927	0.151446	0.409072	0.0595553	1.738727	1.852734
1968	-3961.654	-4222.484	260.8299	1.321994	0.552648	0.106402	0.25432	0.0866302	1.751655	2.053129
1974	-3958.932	-4219.815	260.8827	1.042311	0.412144	0.13545	0.405806	0.046601	1.717305	2.214356
1980	-3951.528	-4212.636	261.1079	0.9599561	0.529973	0.197061	0.163111	0.109855	1.727045	2.115116
1986	-3968.401	-4229.825	261.4244	0.7000641	0.416506	0.198855	0.328056	0.0565832	1.680786	2.115116
1992	-3952.567	-4214.336	261.7692	0.46185	0.202141	0.425084	0.221779	0.150995	1.822154	1.955768
1998	-3936.624	-4198.356	261.7321	0.7073606	0.232234	0.463191	0.225285	0.0792905	1.934648	1.729975
2004	-3957.747	-4219.684	261.937	0.7044139	0.359344	0.34567	0.218192	0.0767941	1.997492	1.53929
2010	-3953.097	-4214.81	261.713	0.8036398	0.462349	0.157011	0.344673	0.0359675	1.945488	1.663861
2016	-3955.367	-4217.115	261.7483	0.5631168	0.412494	0.235106	0.307507	0.0448938	1.981503	1.792104
2022	-3945.223	-4206.918	261.6948	0.8562247	0.416267	0.237257	0.310319	0.0361572	2.043625	1.566319
2028	-3950.825	-4213.018	262.193	0.6807444	0.380199	0.292609	0.283431	0.0437608	2.056521	1.315906
2034	-3940.899	-4202.98	262.0814	0.5383138	0.340235	0.395029	0.243519	0.0212172	1.926132	1.613494
2040	-3937.057	-4199.235	262.1778	0.6289066	0.350103	0.35738	0.286494	0.00602337	2.124596	1.317461
2046	-3941.266	-4203.449	262.1828	0.6763704	0.323568	0.330294	0.317878	0.0282606	2.111437	1.283282
2052	-3956.494	-4218.656	262.1617	0.6797325	0.343757	0.288506	0.337712	0.030024	2.16111	1.256859
2058	-3962.799	-4224.849	262.0505	0.7749715	0.294025	0.329605	0.368443	0.00792679	2.164817	1.26246
2064	-3953.926	-4215.818	261.892	0.7749715	0.314148	0.2721	0.35041	0.0633418	2.001703	1.5142
2070	-3946.463	-4208.509	262.0457	0.7066334	0.383457	0.188463	0.350764	0.0773165	1.994173	1.458453
2076	-3932.763	-4194.704	261.9407	0.7847809	0.358922	0.270654	0.244379	0.126045	2.019709	1.456113
2082	-3951.149	-4213.007	261.858	0.7801305	0.449306	0.258862	0.233732	0.0581008	2.019709	1.522064
2088	-3950.936	-4213.077	262.1419	0.616559	0.389995	0.181422	0.422605	0.00597723	2.086304	1.386735
2094	-3943.021	-4205.138	262.1174	0.7879696	0.330145	0.2845	0.378745	0.00661052	2.105878	1.244508
2100	-3944.714	-4206.76	262.0462	0.7879696	0.327616	0.22658	0.439481	0.00632334	2.175006	1.246244
2106	-3937.925	-4199.864	261.9393	0.9458754	0.381656	0.240462	0.332358	0.0455235	2.118685	1.246244
2112	-3939.711	-4201.661	261.95	0.7808417	0.31287	0.377354	0.272457	0.0373188	1.969427	1.490267
2118	-3949.801	-4211.783	261.9818	0.7808417	0.333169	0.297484	0.290134	0.0792132	1.937609	1.490267
2124	-3944.122	-4205.685	261.5631	0.916998	0.371465	0.206742	0.382538	0.0392553	1.934242	1.695041
2130	-3957.445	-4219.124	261.6797	0.8788516	0.568553	0.0685898	0.341729	0.021128	2.010574	1.584397
2136	-3953.103	-4214.92	261.8163	0.8437272	0.428563	0.128762	0.432182	0.0104938	1.95259	1.553453
2142	-3956.235	-4217.738	261.5025	1.343473	0.448135	0.0420354	0.485697	0.0241326	1.865603	1.489756
2148	-3964.199	-4225.808	261.6091	1.116294	0.387285	0.128839	0.244676	0.2392	1.89238	1.548629
2154	-3962.038	-4223.84	261.8024	0.9247079	0.366932	0.200207	0.182387	0.250475	1.862636	1.568473
2160	-3953.016	-4214.884	261.8681	0.8302849	0.537812	0.13197	0.165111	0.165106	1.861089	1.59278
2166	-3960.911	-4222.524	261.6129	1.090162	0.382568	0.13537	0.364616	0.117447	2.001666	1.483223
2172	-3933.587	-4195.636	262.0499	0.6647214	0.381683	0.255594	0.295612	0.0671109	2.001666	1.483223
2178	-3951.192	-4213.383	262.1912	0.6648681	0.356086	0.326257	0.141266	0.176391	2.009896	1.367883
2184	-3946.621	-4208.75	262.1293	0.6970194	0.283472	0.312455	0.275692	0.128381	2.023568	1.379004
2190	-3949.876	-4212.07	262.1941	0.7277075	0.527605	0.170072	0.187893	0.11443	2.104987	1.234155
2196	-3962.812	-4225.137	262.3253	0.7245474	0.435303	0.35749	0.155022	0.0521849	1.97713	1.234155
2202	-3967.032	-4229.63	262.5974	0.4939855	0.210493	0.265975	0.40513	0.118402	2.085297	1.112342
2208	-3961.955	-4224.306	262.3511	0.6896407	0.405958	0.257023	0.294198	0.042821	2.14396	1.097843
2214	-3963.455	-4224.583	261.1282	0.9114599	0.637066	0.0230919	0.224888	0.114955	1.895259	2.023365
2220	-3968.642	-4231.109	262.4669	0.7001694	0.319851	0.303099	0.344554	0.032496	2.175007	0.9426368
2226	-3960.52	-4223.037	262.5166	0.5692372	0.267787	0.305473	0.328197	0.0985434	2.289217	0.9145327
2232	-3946.206	-4208.8	262.5939	0.5599141	0.406537	0.160599	0.402255	0.0306095	2.275621	0.8522971
2238	-3954.905	-4217.256	262.3513	0.7365033	0.595764	0.141541	0.228711	0.033984	2.240367	0.9550348
2244	-3958.975	-4220.626	261.6514	0.713386	0.37642	0.328266	0.267372	0.0279423	1.887766	1.814383
2250	-3952.748	-4215.129	262.3806	0.6523324	0.137348	0.3721	0.449254	0.0412984	2.269573	0.9866677
2256	-3954.452	-4216.809	262.3566	0.7235606	0.118368	0.467211	0.387173	0.0272472	2.196647	1.008126
2262	-3951.215	-4212.653	261.4384	0.7817553	0.353118	0.242224	0.390202	0.0144562	1.849373	1.936623
2268	-3950.203	-4211.305	261.1018	1.177605	0.322111	0.0906506	0.555914	0.0313246	1.917586	1.848913
2274	-3945.354	-4207.11	261.7557	0.7853771	0.505307	0.058046	0.388384	0.0482624	1.883918	1.690967
2280	-3938.883	-4200.622	261.7386	0.6501708	0.392639	0.180861	0.377452	0.0490483	1.771012	1.880564
2286	-3931.106	-4192.709	261.6024	0.7239446	0.249119	0.394926	0.311608	0.0443469	1.788091	1.908386
2292	-3930.678	-4192.354	261.676	0.8216718	0.345007	0.334146	0.256238	0.0646088	1.814836	1.768847
2298	-3947.248	-4208.856	261.6082	0.8717284	0.32537	0.295851	0.226871	0.151908	1.830719	1.768847
2304	-3949.256	-4211.347	262.0907	0.6674791	0.495261	0.221347	0.169739	0.113654	2.003719	1.44845
2310	-3937.697	-4199.485	261.788	0.5023673	0.352203	0.344189	0.230754	0.0728553	1.896626	1.865801
2316	-3925.086	-4187.125	262.0391	0.6213982	0.23863	0.349274	0.274914	0.137182	1.896626	1.602821
2322	-3934.378	-4196.062	261.6838	0.5051268	0.214215	0.502449	0.246787	0.0365486	1.80594	1.995424
2328	-3941.073	-4202.684	261.6112	0.3694965	0.134622	0.487839	0.317627	0.0599115	1.684019	2.203577
2334	-3941.245	-4203.014	261.7688	0.3595222	0.276397	0.512595	0.173157	0.0378506	1.696609	2.097487
2340	-3926.208	-4187.385	261.1772	0.765476	0.349537	0.193444	0.416267	0.0407522	1.689981	2.224844
2346	-3929.016	-4190.776	261.7599	0.6250673	0.247264	0.422343	0.294469	0.0359243	1.842905	1.834978
2352	-3941.059	-4202.68	261.6208	0.7013458	0.280497	0.479108	0.179491	0.0609041	1.774151	1.921608
2358	-3940.301	-4201.872	261.5719	0.7475806	0.280497	0.479108	0.179491	0.0609041	1.774151	1.921608
2364	-3935.207	-4196.717	261.51	0.7429832	0.3351	0.483248	0.112146	0.0695069	1.84083	1.921608
2370	-3931.798	-4193.394	261.596	0.824922	0.449847	0.245359	0.225795	0.0789992	1.892417	1.768221
2376	-3938.321	-4200.486	262.1652	0.6540592	0.360428	0.375634	0.230889	0.0330485	1.86735	1.50594
2382	-3928.046	-4190.062	262.0162	0.6540592	0.443491	0.32033	0.196896	0.0392841	1.92777	1.571616
2388	-3930.697	-4192.944	262.2463	0.6512681	0.459422	0.160996	0.362924	0.016658	1.984428	1.355885
2394	-3938.035	-4199.969	261.9333	0.7004272	0.28995	0.431666	0.267871	0.0105132	1.953044	1.577845
2400	-3941.665	-4203.893	262.2277	0.5584748	0.188104	0.489535	0.303781	0.01858	1.950109	1.472191
2406	-3939.91	-4201.735	261.8252	0.8530485	0.380752	0.160467	0.421172	0.0376088	1.991538	1.510707
2412	-3940.242	-4202.299	262.057	0.6979143	0.190824	0.534974	0.183044	0.0911578	1.952011	1.48875
2418	-3955.759	-4218.001	262.2418	0.4669235	0.180979	0.508938	0.271662	0.0384213	2.007007	1.487938
2424	-3957.72	-4219.983	262.2633	0.7139626	0.211066	0.340512	0.316825	0.131597	2.116354	1.17782
2430	-3953.045	-4215.249	262.2039	0.8213444	0.265463	0.428269	0.140756	0.165513	2.062676	1.17782
2436	-3961.925	-4223.961	262.0359	0.7506501	0.417145	0.339831	0.11169	0.131334	2.106651	1.342329
2442	-3966.244	-4228.331	262.0872	0.7132309	0.249383	0.284124	0.44265	0.023844	2.113246	1.327662
2448	-3960.035	-4221.768	261.7334	0.9732294	0.440723	0.276198	0.252407	0.0306721	2.113246	1.394161
2454	-3964.992	-4226.814	261.8216	0.8499738	0.344043	0.233271	0.400093	0.0225925	1.900102	1.583328
2460	-3962.866	-4224.664	261.7975	0.7638694	0.290425	0.352763	0.33774	0.0190715	1.832046	1.714135
2466	-3974.651	-4236.142	261.4914	0.7054107	0.399876	0.412215	0.161239	0.0266707	1.802304	1.986693
2472	-3959.781	-4221.172	261.3917	0.9280919	0.358201	0.275156	0.346956	0.0196874	1.843011	1.86972
2478	-3953.383	-4215.227	261.844	0.72272	0.431667	0.248681	0.287653	0.031999	1.968625	1.61434
2484	-3935.261	-4197.063	261.8019	0.7434784	0.399851	0.240709	0.341806	0.0176338	1.968625	1.628877
2490	-3949.278	-4211.209	261.9311	0.7445155	0.358997	0.336038	0.276863	0.0281014	2.027127	1.4899
2496	-3941.19	-4203.188	261.9981	0.7445155	0.265912	0.456179	0.183429	0.09448	2.096318	1.385486
2502	-3943.723	-4205.764	262.0411	0.7323606	0.243784	0.339058	0.348554	0.0686036	2.049883	1.398134
2508	-3950.249	-4212.119	261.8704	0.6943862	0.41461	0.130061	0.343147	0.112182	2.000761	1.593574
2514	-3949.099	-4210.671	261.5724	0.8974087	0.590435	0.142541	0.223014	0.0440103	1.974506	1.67406
2520	-3951.431	-4213.28	261.8496	0.8530616	0.576952	0.180579	0.217921	0.0245477	1.949071	1.524206
2526	-3961.618	-4223.226	261.6085	1.022694	0.514911	0.230288	0.187317	0.0674838	1.849423	1.647163
2532	-3951.405	-4212.678	261.2737	1.014639	0.556397	0.184929	0.236677	0.0219972	1.923032	1.836011
2538	-3963.795	-4225.354	261.5585	1.055616	0.456083	0.188187	0.334535	0.0211954	1.872112	1.643395
2544	-3951.421	-4213.067	261.646	0.9080935	0.406559	0.200996	0.35193	0.0405155	1.913996	1.656925
2550	-3961.958	-4224.178	262.2204	0.6493854	0.280014	0.29739	0.401955	0.0206411	1.955988	1.400108
2556	-3958.406	-4220.303	261.8974	0.6493854	0.374258	0.294257	0.314538	0.0169464	1.926255	1.6623
2562	-3954.618	-4216.515	261.8964	0.6691773	0.305661	0.390979	0.287852	0.0155086	1.853817	1.6996
2568	-3961.2	-4223.052	261.8519	0.5672378	0.393548	0.269244	0.33103	0.0061784	1.839492	1.815684
2574	-3960.133	-4221.274	261.141	0.8397331	0.41018	0.241413	0.34502	0.00338707	1.835008	2.103542
2580	-3952.065	-4213.334	261.2695	0.7512252	0.408972	0.240702	0.344003	0.00632279	1.914926	2.027224
2586	-3967.571	-4228.615	261.0449	0.9266309	0.547398	0.207671	0.229796	0.0151354	1.844055	2.101898
2592	-3953.484	-4214.824	261.3406	0.8989187	0.439785	0.212463	0.235099	0.112653	1.871797	1.905244
2598	-3953.043	-4214.583	261.5401	0.7590616	0.491166	0.120453	0.262566	0.125815	1.817985	1.905244
2604	-3938.193	-4199.552	261.3588	0.9179343	0.42609	0.174719	0.279828	0.119364	1.834066	1.905244
2610	-3938.668	-4199.514	260.8464	1.07166	0.376027	0.100141	0.405638	0.118195	1.652808	2.260676
2616	-3958.218	-4219.168	260.9501	0.8877906	0.525549	0.0170657	0.354183	0.103202	1.672919	2.299731
2622	-3957.184	-4217.649	260.4643	1.350868	0.562416	0.0145386	0.312604	0.110441	1.643222	2.343116
2628	-3952.022	-4212.503	260.4809	1.125473	0.431018	0.0111419	0.536966	0.0208742	1.576313	2.507288
2634	-3953.257	-4214.393	261.1362	1.141604	0.444669	0.00970836	0.525166	0.0204562	1.639285	2.036354
2640	-3938.158	-4199.033	260.8754	1.045898	0.551219	0.0052312	0.374121	0.0694296	1.79728	2.164991
2646	-3941.384	-4202.555	261.171	0.9189405	0.445381	0.0103252	0.506195	0.0380997	1.867755	2.008095
2652	-3951.489	-4212.699	261.2106	0.8581053	0.434856	0.0188405	0.498908	0.047395	1.781204	2.080594
2658	-3953.733	-4214.983	261.2497	0.9951793	0.340965	0.0489473	0.553626	0.0564615	1.770037	1.969272
2664	-3953.527	-4214.89	261.3628	0.7700314	0.477162	0.0455736	0.383447	0.0938179	1.744623	2.065042
2670	-3958.997	-4220.213	261.2165	0.7700314	0.477162	0.0455736	0.383447	0.0938179	1.619299	2.241946
2676	-3965.12	-4225.709	260.5894	0.7700314	0.426627	0.146655	0.342837	0.0838819	1.610874	2.641805
2682	-3950.694	-4211.431	260.7368	1.052467	0.422604	0.162695	0.382001	0.0326998	1.764213	2.27162
2688	-3948.347	-4209.392	261.0457	0.8644529	0.360912	0.390855	0.205264	0.0429687	1.645284	2.27162
2694	-3958.159	-4219.72	261.5613	0.6833945	0.392371	0.371615	0.19516	0.0408535	1.775819	1.973256
2700	-3951.31	-4212.907	261.5968	0.6458163	0.230091	0.21792	0.521216	0.0307734	1.775819	1.976165
2706	-3951.189	-4212.606	261.4167	0.6458163	0.390035	0.375619	0.208523	0.0258231	1.819704	2.066682
2712	-3959.966	-4221.819	261.8528	0.6753904	0.411112	0.255966	0.321729	0.0111933	1.959358	1.650751
2718	-3957.705	-4219.466	261.7615	0.6379909	0.319696	0.297397	0.373804	0.00910313	1.99336	1.719696
2724	-3966.922	-4228.537	261.6155	0.6379909	0.406241	0.107896	0.466428	0.0194347	1.988897	1.82446
2730	-3961.559	-4222.744	261.1849	0.9209426	0.370401	0.191071	0.419469	0.0190592	1.7912	2.048341
2736	-3948.844	-4210.02	261.1753	0.6852811	0.407599	0.299494	0.263966	0.0289409	1.741372	2.2476
2742	-3959.248	-4220.447	261.1991	0.6852811	0.422979	0.291719	0.257113	0.0281896	1.717595	2.2476
2748	-3961.314	-4222.601	261.2874	0.5262318	0.230057	0.386276	0.351699	0.0319685	1.648612	2.341678
2754	-3958.056	-4219.944	261.8887	1.105783	0.410504	0.133679	0.234216	0.221602	2.098259	1.171456
2760	-3949.068	-4211.171	262.1033	0.748583	0.449637	0.26775	0.256544	0.0260695	2.016995	1.361708
2766	-3969.954	-4232.226	262.2728	0.5881644	0.265357	0.516343	0.151401	0.0668988	2.016995	1.361708
2772	-3959.615	-4220.476	260.8616	0.796676	0.226289	0.434488	0.286465	0.0527575	1.774746	2.351587
2778	-3963.332	-4224.702	261.3707	0.4150072	0.3471	0.368465	0.176276	0.108159	1.611637	2.379904
2784	-3953.609	-4214.526	260.9168	0.8541854	0.340894	0.238206	0.303746	0.117154	1.770819	2.28064
2790	-3951.845	-4212.982	261.1367	0.7090491	0.342021	0.237799	0.303227	0.116953	1.703311	2.28064
2796	-3963.071	-4224.014	260.9431	0.787156	0.443799	0.121346	0.283099	0.151756	1.642166	2.390231
2802	-3945.559	-4206.46	260.9017	0.787156	0.386846	0.246924	0.246769	0.119461	1.683627	2.390231
2808	-3952.169	-4213.435	261.2656	0.60548	0.410336	0.345099	0.208645	0.0359194	1.678387	2.284176
2814	-3947.294	-4207.703	260.4094	1.00584	0.212198	0.565984	0.162909	0.0589101	1.614999	2.60064
2820	-3950.972	-4211.889	260.9172	0.5717007	0.205634	0.368391	0.316154	0.109821	1.570356	2.593556
2826	-3931.197	-4191.706	260.5093	0.7013292	0.244207	0.437493	0.28898	0.0293195	1.66992	2.699387
2832	-3942.66	-4203.368	260.7082	0.5145143	0.28635	0.387457	0.311414	0.0147793	1.69361	2.6827
2838	-3932.076	-4191.931	259.8553	0.7596065	0.363141	0.297084	0.330651	0.00912443	1.448874	3.189532
2844	-3937.221	-4197.701	260.4794	0.6336862	0.375219	0.210486	0.405068	0.00922689	1.554446	2.831826
2850	-3948.526	-4208.55	260.0235	0.8185872	0.358301	0.200996	0.431893	0.00881087	1.554446	2.989283
2856	-3954.225	-4214.122	259.897	0.8948599	0.399894	0.163124	0.427149	0.00983367	1.523906	3.036049
2862	-3964.518	-4224.618	260.1005	1.037383	0.331655	0.143482	0.495679	0.0291842	1.48297	2.85152
2868	-3958.427	-4219.14	260.7131	1.04602	0.561754	0.21324	0.174515	0.0504918	1.588616	2.402432
2874	-3956.46	-4217.537	261.0761	0.6486379	0.261402	0.474658	0.182676	0.0812635	1.636292	2.402432
2880	-3939.857	-4200.842	260.9849	0.86735	0.217394	0.431034	0.262557	0.0890155	1.692543	2.278419
2886	-3942.794	-4203.556	260.7612	1.01954	0.201598	0.319607	0.373119	0.105676	1.761766	2.278419
2892	-3947.536	-4208.4	260.8633	0.6261699	0.454466	0.241216	0.271934	0.0323846	1.61519	2.563742
2898	-3944.515	-4206.063	261.5475	0.5345803	0.25605	0.300724	0.33902	0.104206	1.647145	2.170023
2904	-3956.516	-4217.472	260.9556	0.8052163	0.424119	0.0994546	0.398851	0.0775756	1.645354	2.368329
2910	-3953.49	-4214.427	260.9377	1.192386	0.452721	0.314893	0.149579	0.0828071	1.680426	2.108151
2916	-3960.544	-4221.495	260.9512	1.029166	0.505266	0.24763	0.154686	0.0924181	1.693729	2.193685
2922	-3965.525	-4226.965	261.4407	0.5892322	0.373891	0.313387	0.195763	0.116959	1.682838	2.17946
2928	-3960.868	-4222.489	261.6212	0.3888177	0.307991	0.283372	0.382526	0.0261108	1.707328	2.172197
2934	-3972.567	-4234.201	261.6343	0.4107794	0.283911	0.301998	0.280264	0.133827	1.707328	2.151691
2940	-3960.312	-4221.898	261.5862	0.4003857	0.30114	0.319285	0.297271	0.0823042	1.719944	2.180516
2946	-3961.911	-4223.408	261.4965	0.3961712	0.366451	0.474069	0.135003	0.0244772	1.663881	2.276755
2952	-3968.047	-4229.376	261.3286	0.7015259	0.253805	0.433738	0.195865	0.116592	1.696563	2.166296
2958	-3961.718	-4223.022	261.3039	0.9086558	0.251706	0.517717	0.0914108	0.139166	1.792368	1.97675
2964	-3945.298	-4206.718	261.4199	0.7483181	0.24059	0.205468	0.514119	0.039824	1.840442	1.978676
2970	-3951.498	-4213.057	261.5591	0.8796464	0.382434	0.193768	0.370094	0.0537041	1.840442	1.79053
2976	-3956.644	-4218.434	261.7898	0.7696279	0.331947	0.429339	0.202902	0.0358118	1.926628	1.647936
2982	-3947.951	-4209.761	261.8098	0.7407782	0.284642	0.418058	0.237192	0.0601079	1.920351	1.659918
2988	-3952.33	-4214.074	261.7439	0.6853849	0.107777	0.653936	0.169587	0.0687002	1.769247	1.852671
2994	-3954.638	-4215.888	261.2499	0.952996	0.452246	0.34157	0.16007	0.046114	1.645338	2.080183
3000	-3952.411	-4213.753	261.3422	0.7498213	0.344563	0.186696	0.365612	0.10313	1.7636	2.080183
3006	-3955.967	-4217.244	261.2773	0.864531	0.378563	0.191332	0.376659	0.0534463	1.826658	2.001948
3012	-3944.864	-4206.496	261.6324	0.7349473	0.444418	0.163212	0.321302	0.0710685	1.922303	1.787838
3018	-3945.192	-4207.399	262.2063	0.6860522	0.37674	0.182851	0.360789	0.0796199	2.111697	1.255298
3024	-3951.55	-4213.726	262.1753	0.6962898	0.37674	0.182851	0.360789	0.0796199	2.131818	1.255298
3030	-3976.639	-4238.367	261.728	0.9230165	0.258481	0.509734	0.181479	0.0503063	1.867238	1.620563
3036	-3944.231	-4205.717	261.4859	0.9381891	0.41245	0.26355	0.309755	0.0142454	1.774051	1.845482
3042	-3937.958	-4199.517	261.5588	0.9223719	0.328836	0.286258	0.31827	0.0666361	1.717265	1.845482
3048	-3941.86	-4203.2	261.3398	1.379647	0.46702	0.268199	0.225101	0.0396803	1.937004	1.53365
3054	-3950.073	-4211.28	261.2073	1.473445	0.536584	0.0576716	0.344939	0.0608052	1.892454	1.602914
3060	-3950.266	-4211.53	261.2644	1.490753	0.57204	0.117356	0.283568	0.0270364	1.85321	1.578958
3066	-3956.358	-4217.659	261.3014	1.395284	0.526319	0.17827	0.23861	0.0568013	1.899943	1.578958
3072	-3960.079	-4221.08	261.001	1.369973	0.54739	0.162594	0.191594	0.0984221	1.818858	1.863983
3078	-3945.873	-4207.933	262.0601	0.6910093	0.44853	0.198109	0.233442	0.11992	1.781634	1.617538
3084	-3952.641	-4213.925	261.2842	1.337488	0.449776	0.226275	0.259036	0.0649132	1.915973	1.617538
3090	-3943.494	-4205.29	261.796	1.078603	0.477117	0.123249	0.317519	0.0821148	1.898373	1.431057
3096	-3949.678	-4211.3	261.6225	1.060461	0.514255	0.15792	0.222611	0.105214	1.927879	1.552763
3102	-3941.394	-4203.501	262.1065	0.7965232	0.386097	0.126191	0.381906	0.105806	2.102381	1.249001
3108	-3953.989	-4216.035	262.0456	0.8890712	0.429065	0.17549	0.30583	0.0896154	2.102381	1.21932
3114	-3957.424	-4219.698	262.2741	0.6311634	0.393733	0.315591	0.216685	0.0739906	2.029581	1.314518
3120	-3953.046	-4215.33	262.2848	0.7416687	0.397387	0.3316	0.214793	0.0562196	2.005518	1.229142
3126	-3950.114	-4211.966	261.852	0.9310534	0.487743	0.130503	0.302562	0.0791921	2.085265	1.356519
3132	-3956.74	-4219.047	262.3071	0.6781095	0.516791	0.141994	0.29783	0.0433853	2.032674	1.244118
3138	-3959.308	-4221.363	262.0546	0.8455809	0.414992	0.109893	0.414704	0.0604106	2.108917	1.244118
3144	-3949.791	-4211.876	262.0848	0.9150356	0.229346	0.412732	0.276087	0.081835	2.108917	1.156894
3150	-3937.184	-4199.53	262.3457	0.6640299	0.326698	0.352986	0.262218	0.0580984	2.133615	1.136613
3156	-3944.084	-4206.499	262.4142	0.508588	0.349256	0.30831	0.280323	0.06211	1.994222	1.332472
3162	-3945.423	-4207.227	261.8042	0.7998934	0.378317	0.301762	0.261895	0.0580269	1.931972	1.610786
3168	-3953.057	-4214.699	261.6419	1.137918	0.379902	0.303027	0.228713	0.0883577	2.004162	1.42397
3174	-3954.156	-4215.807	261.6509	1.111553	0.296063	0.456839	0.178239	0.0688584	2.020572	1.42397
3180	-3973.456	-4233.586	260.1297	1.318875	0.337198	0.373264	0.213452	0.0760861	1.720698	2.52319
3186	-3961.058	-4221.965	260.9067	0.8691386	0.366733	0.385974	0.232149	0.0151447	1.744859	2.293756
3192	-3955.671	-4217.091	261.4207	1.048876	0.394817	0.0384256	0.526497	0.0402602	1.828303	1.776441
3198	-3949.262	-4210.484	261.2215	1.416712	0.632828	0.0299755	0.30579	0.0314066	1.802766	1.692784
3204	-3945.564	-4207.222	261.6579	0.9505164	0.49695	0.22619	0.211399	0.0654604	1.933466	1.60309
3210	-3949.396	-4210.587	261.1904	1.048083	0.384235	0.0834815	0.355095	0.177189	1.832494	1.931772
3216	-3941.136	-4202.808	261.6717	0.8420968	0.515377	0.217488	0.193577	0.073558	1.869492	1.718686
3222	-3946.457	-4208.117	261.6609	0.909154	0.391276	0.273182	0.243148	0.0923945	1.859547	1.684377
3228	-3941.935	-4203.835	261.8997	0.8133436	0.35447	0.280575	0.264461	0.100494	2.025496	1.460139
3234	-3939.549	-4201.517	261.9689	0.7607502	0.392907	0.178472	0.321969	0.106651	1.974065	1.488511
3240	-3940.746	-4202.522	261.7769	0.9137447	0.406248	0.255162	0.268514	0.0700765	2.006904	1.488511
3246	-3932.374	-4194.289	261.915	0.792579	0.321986	0.266029	0.327969	0.0840154	1.885363	1.569557
3252	-3933.69	-4195.59	261.9004	0.7878313	0.302452	0.310558	0.308072	0.0789183	1.904913	1.569557
3258	-3945.226	-4207.21	261.984	0.7940065	0.544973	0.186326	0.234546	0.0341551	1.869823	1.528995
3264	-3931.626	-4193.68	262.0541	0.8286484	0.446806	0.230847	0.294344	0.0280027	1.922172	1.408675
3270	-3944.62	-4206.309	261.6894	0.9714634	0.357935	0.267933	0.341631	0.0325013	1.917932	1.575973
3276	-3942.11	-4204.04	261.9302	0.8051117	0.250205	0.469896	0.222899	0.0570003	1.914128	1.527415
3282	-3941.427	-4203.361	261.9338	0.767291	0.446115	0.347119	0.164658	0.0421069	1.939596	1.535308
3288	-3958.561	-4220.569	262.0076	0.7835299	0.293163	0.424199	0.201221	0.0814173	1.975245	1.440019
3294	-3952.809	-4214.618	261.8095	0.9319205	0.311658	0.387636	0.214152	0.0865538	2.019669	1.440019
3300	-3952.259	-4214.374	262.1146	0.817533	0.313446	0.215406	0.329255	0.141893	2.019669	1.292398
3306	-3950.678	-4212.552	261.8736	0.8504486	0.406338	0.246022	0.284622	0.0630172	1.951579	1.506401
3312	-3959.32	-4221.064	261.7432	0.8210817	0.396394	0.169904	0.344019	0.0896828	1.868111	1.684494
3318	-3964.101	-4226.157	262.056	0.8125602	0.422633	0.155488	0.366791	0.0550882	1.986282	1.370201
3324	-3975.492	-4237.381	261.8887	0.8125602	0.402917	0.161942	0.382017	0.0531234	2.001029	1.487609
3330	-3977.276	-4239.369	262.0935	0.7640874	0.405604	0.224235	0.339487	0.0306733	1.985625	1.381274
3336	-3950.063	-4212.461	262.3989	0.5478488	0.337922	0.389111	0.247179	0.0257882	1.985625	1.319597
3342	-3957.814	-4219.444	261.6303	0.8351633	0.322092	0.243481	0.418291	0.0161366	1.898128	1.732695
3348	-3946.221	-4207.952	261.7305	0.7650818	0.39718	0.210407	0.375013	0.017399	1.871368	1.732695
3354	-3941.149	-4202.743	261.5932	0.7922448	0.370052	0.208386	0.344367	0.0771952	1.80915	1.851278
3360	-3924.687	-4186.804	262.1166	0.7142576	0.328346	0.35102	0.234143	0.0864915	1.984767	1.404998
3366	-3944.879	-4206.973	262.0937	0.7459399	0.353877	0.286523	0.262597	0.0970027	1.888249	1.470813
3372	-3938.763	-4200.759	261.9963	0.7670835	0.49958	0.235453	0.215792	0.0491759	2.018646	1.428605
3378	-3934.595	-4196.52	261.9252	0.883419	0.340954	0.24518	0.363747	0.0501189	2.001596	1.403034
3384	-3934.158	-4196.274	262.1159	0.6572486	0.302597	0.339221	0.307564	0.0506171	1.920029	1.500881
3390	-3938.673	-4200.727	262.0537	0.6689697	0.407697	0.239548	0.284557	0.0681977	1.915711	1.541211
3396	-3959.108	-4221.249	262.1414	0.8069427	0.385697	0.245668	0.304117	0.0645177	1.959142	1.328634
3402	-3943.549	-4205.44	261.8908	0.7988193	0.505174	0.1086	0.351438	0.0347882	1.942958	1.540099
3408	-3946.546	-4208.403	261.8567	0.7988193	0.444152	0.124039	0.392915	0.0388939	1.924406	1.578887
3414	-3944.099	-4205.812	261.7136	1.018953	0.46641	0.0439312	0.386875	0.102784	1.925327	1.517559
3420	-3941.769	-4202.98	261.2106	1.241583	0.433428	0.00664647	0.367227	0.192699	1.805209	1.809948
3426	-3945.581	-4206.939	261.3583	1.344707	0.467038	0.107312	0.175802	0.249848	1.788879	1.651031
3432	-3933.31	-4194.386	261.0762	0.9972199	0.526872	0.124992	0.207348	0.140788	1.725087	2.112599
3438	-3959.621	-4220.839	261.2184	0.7479163	0.476929	0.181188	0.203623	0.13826	1.638136	2.243617
3444	-3967.211	-4228.816	261.6051	0.9901087	0.61435	0.011606	0.368227	0.0058176	1.918111	1.623534
3450	-3962.257	-4223.545	261.2887	1.320388	0.480637	0.0377045	0.443673	0.0379855	2.017144	1.551682
3456	-3959.761	-4220.843	261.0824	1.263952	0.351388	0.215181	0.406854	0.0265764	1.978625	1.764164
3462	-3955.505	-4216.9	261.3953	0.7332772	0.40721	0.309652	0.228026	0.0551117	1.820425	2.019001
3468	-3976.303	-4237.651	261.348	0.745486	0.317847	0.304353	0.364297	0.0135029	1.854839	2.019001
3474	-3958.248	-4219.619	261.3709	0.4818605	0.230385	0.427109	0.263896	0.0786103	1.674946	2.299937
3480	-3956.803	-4217.827	261.0238	0.8121197	0.270816	0.149115	0.479591	0.100477	1.677421	2.299937
3486	-3941.583	-4202.022	260.4386	1.02281	0.428903	0.226147	0.244006	0.100945	1.618383	2.570002
3492	-3946.36	-4206.891	260.5311	0.8735062	0.425869	0.188864	0.333268	0.0519989	1.588485	2.62492
3498	-3949.439	-4210.302	260.8632	1.021737	0.433077	0.19206	0.338909	0.0359535	1.703116	2.249194
3504	-3933.512	-4194.721	261.2092	0.9116574	0.466048	0.1632	0.298182	0.0725706	1.805405	2.029101
3510	-3961.798	-4222.407	260.6087	1.245373	0.486543	0.132278	0.33464	0.0465389	1.724989	2.260404
3516	-3951.189	-4212.191	261.0021	0.9948855	0.441831	0.120122	0.395786	0.042262	1.777842	2.128105
3522	-3947.982	-4207.929	259.9472	1.483528	0.53615	0.122007	0.296696	0.045148	1.696513	2.560826
3528	-3945.953	-4205.674	259.7217	1.084741	0.461506	0.184604	0.273281	0.08061	1.646621	2.953323
3534	-3954.614	-4214.837	260.2223	0.9231825	0.58685	0.104475	0.242416	0.0662585	1.623377	2.761828
3540	-3937	-4197.993	260.993	0.8804882	0.318492	0.333489	0.297741	0.0502781	1.7272	2.242224
3546	-3949.681	-4210.264	260.5832	1.165314	0.49978	0.0464216	0.331624	0.122174	1.7272	2.32353
3552	-3943.078	-4204.243	261.1652	1.612446	0.50028	0.0390709	0.245666	0.214982	1.893751	1.54609
3558	-3954	-4215.602	261.6012	1.041393	0.576717	0.055296	0.267469	0.100518	1.915354	1.591368
3564	-3948.497	-4209.935	261.4375	1.228059	0.502802	0.207413	0.210629	0.0791565	1.992971	1.52249
3570	-3959.806	-4221.483	261.6775	1.007506	0.537058	0.0993013	0.333306	0.0303351	1.912623	1.562095
3576	-3957.068	-4218.796	261.7286	0.738943	0.619012	0.103039	0.225104	0.0528444	1.912623	1.724456
3582	-3957.157	-4218.789	261.6323	1.010511	0.413982	0.104532	0.427877	0.0536097	1.854376	1.635222
3588	-3957.105	-4218.234	261.129	1.243995	0.424194	0.10711	0.438431	0.0302654	1.72732	1.917418
3594	-3955.717	-4216.649	260.9318	0.8938631	0.344227	0.275434	0.35578	0.0245599	1.639444	2.328784
3600	-3948.334	-4209.394	261.0602	0.7266121	0.385218	0.258217	0.333541	0.0230247	1.685825	2.328784
3606	-3953.744	-4215.222	261.4773	0.7127298	0.240019	0.298433	0.427908	0.0336403	1.75731	2.020931
3612	-3942.007	-4203.151	261.144	0.8507042	0.25331	0.338398	0.322386	0.085906	1.809301	2.110896
3618	-3938.435	-4199.987	261.5523	0.7227241	0.386455	0.143889	0.397717	0.0719385	1.759123	1.962607
3624	-3935.742	-4196.959	261.217	1.002435	0.530909	0.1421	0.292188	0.0348036	1.811453	1.958535
3630	-3925.727	-4186.937	261.2097	0.9013512	0.442578	0.152732	0.33464	0.0700502	1.733773	2.083093
3636	-3925.463	-4187.343	261.8802	0.7073452	0.214379	0.505456	0.205013	0.0751524	1.846168	1.687836
3642	-3937.682	-4199.51	261.8278	0.8838566	0.338784	0.346698	0.262678	0.0518408	1.967605	1.50283
3648	-3947.26	-4208.91	261.65	0.8212808	0.37994	0.388815	0.179803	0.0514417	1.877877	1.743237
3654	-3955.189	-4216.601	261.412	0.9559546	0.293588	0.384064	0.300691	0.0216579	1.870422	1.817587
3660	-3955.994	-4217.942	261.9487	0.7513269	0.508185	0.26285	0.20579	0.0231737	1.905377	1.562014
3666	-3965.099	-4227.062	261.9623	0.6198846	0.423535	0.367236	0.179833	0.029396	1.840914	1.699029
3672	-3954.715	-4216.067	261.3529	0.6488488	0.446941	0.142391	0.363936	0.0467332	1.722322	2.17005
3678	-3962.872	-4223.939	261.0672	0.9217533	0.356699	0.228209	0.347009	0.0680837	1.722322	2.17005
3684	-3939.176	-4200.244	261.0688	0.8505376	0.404085	0.13672	0.382066	0.0771284	1.771868	2.184417
3690	-3947.345	-4208.671	261.3262	0.6917064	0.403115	0.0981875	0.372306	0.126391	1.848886	2.075047
3696	-3953.264	-4214.294	261.0302	0.8014449	0.459389	0.111144	0.387754	0.0417122	1.762141	2.248673
3702	-3939.253	-4200.295	261.0423	0.8322495	0.422784	0.101167	0.401744	0.0743044	1.707791	2.25515
3708	-3956.286	-4217.152	260.8658	1.206255	0.442041	0.0879348	0.38773	0.0822945	1.663659	2.157548
3714	-3944.585	-4205.901	261.3164	0.6910273	0.293064	0.23594	0.365241	0.105754	1.733408	2.157548
3720	-3953.527	-4215.038	261.5113	0.6910273	0.354463	0.242202	0.312773	0.0905622	1.731544	2.030715
3726	-3945.255	-4206.648	261.3936	0.6136265	0.34117	0.333037	0.309226	0.0165674	1.731544	2.161754
3732	-3951.465	-4213.114	261.6495	0.5130007	0.311203	0.391017	0.29508	0.00269983	1.774933	2.033639
3738	-3948.276	-4209.92	261.6444	0.6978047	0.425615	0.32229	0.246594	0.00550149	1.713044	1.949412
3744	-3946.78	-4208.429	261.649	0.6333892	0.411054	0.333978	0.225306	0.0296618	1.776611	1.949412
3750	-3963.611	-4225.476	261.8648	0.9619546	0.579426	0.0437321	0.367848	0.00899335	2.021203	1.372266
3756	-3955.424	-4217.396	261.9713	0.9619546	0.596536	0.164139	0.230066	0.00925891	1.975025	1.324302
3762	-3946.01	-4207.975	261.9647	0.8889768	0.420955	0.0793743	0.491019	0.00865154	1.919288	1.43163
3768	-3951.06	-4212.557	261.4967	1.068599	0.539699	0.101436	0.33569	0.0231756	1.880064	1.67282
3774	-3957.708	-4219.142	261.4338	1.211576	0.581792	0.123468	0.247093	0.0476479	1.805649	1.67282
3780	-3958.886	-4220.388	261.5019	0.8929105	0.509604	0.108148	0.340512	0.0417358	1.786523	1.857626
3786	-3942.041	-4203.419	261.3784	0.9720146	0.470657	0.129816	0.380457	0.0190691	1.81609	1.866797
3792	-3968.055	-4229.564	261.5085	1.035843	0.449635	0.051668	0.483095	0.0156019	1.909075	1.66672
3798	-3970.868	-4232.566	261.6978	0.9292111	0.332256	0.194041	0.453888	0.0198153	1.974457	1.559746
3804	-3957.915	-4219.991	262.0759	0.726958	0.197983	0.260625	0.484515	0.0568774	2.11841	1.320913
3810	-3965.374	-4227.427	262.0536	0.8618194	0.165477	0.319306	0.423888	0.0913285	1.999407	1.320913
3816	-3953.476	-4215.727	262.2507	0.6715725	0.294666	0.173465	0.470599	0.06127	1.961391	1.353563
3822	-3948.728	-4210.083	261.3549	0.9498414	0.421022	0.131146	0.346866	0.100966	1.862158	1.866712
3828	-3945.836	-4207.881	262.0447	0.6188354	0.333622	0.172325	0.45578	0.0382734	1.809607	1.663456
3834	-3940.68	-4202.198	261.5173	0.8398561	0.405051	0.192463	0.358726	0.0437606	1.857807	1.835847
3840	-3945.756	-4206.768	261.012	0.8212243	0.440485	0.153956	0.390108	0.0154512	1.716776	2.276206
3846	-3938.782	-4200.247	261.4653	0.9401759	0.395547	0.209528	0.387088	0.00783631	1.840855	1.812253
3852	-3942.05	-4203.513	261.4628	0.8771185	0.458971	0.185203	0.325629	0.0301977	1.840855	1.858393
3858	-3946.616	-4208.355	261.7394	0.8505956	0.274315	0.177907	0.393682	0.154096	1.928441	1.621968
3864	-3955.321	-4216.731	261.4105	1.154615	0.239547	0.504112	0.190447	0.0658944	1.940017	1.631857
3870	-3946.524	-4207.783	261.259	0.8613779	0.462356	0.145013	0.327738	0.0648938	1.754906	2.06377
3876	-3964.443	-4225.95	261.5066	0.8769066	0.410894	0.26617	0.203825	0.119112	1.869263	1.80889
3882	-3951.685	-4213.367	261.6826	0.8769066	0.359066	0.177501	0.322106	0.141327	1.838003	1.70773
3888	-3940.438	-4202.334	261.8966	0.8011491	0.3038	0.22009	0.399392	0.0767179	1.846812	1.604552
3894	-3949.873	-4211.636	261.7633	0.9579616	0.403009	0.119155	0.43493	0.0429057	2.013664	1.459641
3900	-3933.03	-4194.93	261.8999	0.9110228	0.414431	0.122532	0.371729	0.0913083	2.072018	1.34528
3906	-3935.867	-4197.76	261.8932	0.8228618	0.359905	0.297634	0.302957	0.039504	2.016585	1.464314
3912	-3951.545	-4213.964	262.4188	0.7415871	0.356278	0.351793	0.262772	0.0291572	2.186756	0.9346421
3918	-3944.152	-4206.651	262.4992	0.5627837	0.280817	0.387734	0.308468	0.0229815	2.271278	0.9596353
3924	-3946.438	-4208.829	262.3912	0.6584976	0.239971	0.429053	0.307597	0.0233791	2.271278	0.9673541
3930	-3951.212	-4213.607	262.395	0.6115034	0.347698	0.36107	0.258859	0.0323725	2.188376	1.092627
3936	-3960.006	-4222.176	262.1694	0.8784029	0.384388	0.304212	0.301804	0.0095956	2.133261	1.092627
3942	-3956.679	-4218.96	262.2807	0.6956192	0.288359	0.202919	0.346759	0.161963	2.133261	1.164776
3948	-3960.81	-4222.836	262.0259	0.9298819	0.455829	0.261814	0.241839	0.0405186	2.194371	1.119714
3954	-3967.914	-4230.233	262.3196	0.6993968	0.455152	0.270663	0.117911	0.156274	2.215909	1.050288
3960	-3956.469	-4218.695	262.2252	0.576667	0.296263	0.399721	0.161185	0.142831	2.095741	1.346563
3966	-3959.65	-4221.875	262.2253	0.6991521	0.34588	0.299188	0.18818	0.166752	1.96643	1.346563
3972	-3952.148	-4214.031	261.8836	0.8147126	0.334822	0.24728	0.323258	0.0946405	1.941692	1.534101
3978	-3953.846	-4215.397	261.5505	0.8347693	0.312945	0.29646	0.302137	0.088457	1.85623	1.817717
3984	-3962.495	-4224.246	261.7504	0.6568315	0.362404	0.353217	0.204312	0.0800666	1.843893	1.817717
3990	-3953.783	-4215.091	261.3082	0.7359422	0.432757	0.227658	0.243975	0.0956097	1.830749	2.067965
3996	-3959.695	-4220.863	261.1676	0.8939233	0.48464	0.18651	0.273225	0.055624	1.701931	2.136522
4002	-3953.466	-4214.147	260.6807	1.00284	0.296474	0.32106	0.346556	0.0359102	1.677181	2.394
4008	-3945.141	-4206.466	261.3252	0.6690539	0.240984	0.419447	0.249523	0.0900461	1.650931	2.220345
4014	-3948.849	-4209.897	261.0481	0.8004149	0.409389	0.077116	0.408732	0.104763	1.679272	2.291035
4020	-3965.696	-4226.063	260.3666	1.145917	0.391233	0.073696	0.323484	0.211586	1.715087	2.479665
4026	-3958.394	-4219.534	261.1399	0.7523855	0.420242	0.286532	0.177274	0.115952	1.642985	2.287842
4032	-3972.244	-4234.016	261.7719	0.7464168	0.450587	0.336749	0.18969	0.0229748	1.825023	1.749972
4038	-3971.131	-4232.935	261.8041	0.7376671	0.337511	0.161283	0.483997	0.0172092	1.916013	1.66947
4044	-3968.486	-4230.255	261.7694	0.7376671	0.250489	0.316664	0.36559	0.0672575	1.955147	1.666319
4050	-3958.524	-4220.35	261.8261	0.7610829	0.304936	0.250518	0.376125	0.0684215	1.873695	1.666319
4056	-3966.128	-4227.657	261.5291	0.835518	0.45659	0.207102	0.233859	0.10245	1.953652	1.764445
4062	-3943.791	-4205.678	261.8871	0.7601446	0.512835	0.131511	0.266336	0.0893184	2.039798	1.500999
4068	-3939.361	-4201.304	261.943	0.7601446	0.438224	0.239059	0.241671	0.0810465	2.023335	1.471347
4074	-3930.007	-4192.024	262.0171	0.762438	0.474861	0.182301	0.285752	0.0570856	2.051457	1.390876
4080	-3937.973	-4199.715	261.7423	0.732564	0.435144	0.149579	0.371434	0.0438432	1.96272	1.684087
4086	-3942.61	-4204.455	261.8447	0.6835311	0.427838	0.213009	0.299917	0.0592363	1.88089	1.706257
4092	-3945.224	-4206.729	261.5047	0.871166	0.35976	0.259776	0.316263	0.0642007	1.861824	1.819395
4098	-3942.834	-4204.343	261.5099	0.7831623	0.537798	0.248255	0.177735	0.0362116	1.89359	1.857004
4104	-3963.587	-4225.174	261.5872	0.8413126	0.536345	0.228264	0.177255	0.0581359	1.9136	1.747586
4110	-3952.545	-4214.751	262.2062	0.5834844	0.383605	0.180497	0.406067	0.0298306	1.912084	1.497468
4116	-3935.06	-4197.29	262.2295	0.710613	0.405071	0.180823	0.300168	0.113938	2.093843	1.229025
4122	-3953.619	-4215.976	262.3572	0.6299457	0.356874	0.3302	0.212544	0.100382	2.216138	1.083892
4128	-3958.863	-4220.884	262.0209	0.8699508	0.279126	0.279018	0.422774	0.0190818	2.168769	1.20068
4134	-3959.422	-4221.549	262.1271	0.7577664	0.285441	0.285331	0.421639	0.00758926	2.121122	1.250174
4140	-3967.203	-4229.432	262.2295	0.683139	0.530303	0.198786	0.266121	0.00479003	2.134067	1.219628
4146	-3943.207	-4205.325	262.1177	0.683139	0.453305	0.296948	0.238718	0.0110299	2.134067	1.312006
4152	-3936.575	-4198.791	262.2155	0.6415767	0.442158	0.120154	0.403506	0.0341821	2.031933	1.350748
4158	-3943.69	-4205.455	261.7653	0.8593584	0.538077	0.12964	0.302213	0.0300694	2.053203	1.504521
4164	-3950.736	-4212.465	261.7297	0.7914762	0.582878	0.11901	0.271135	0.0269772	1.925641	1.675254
4170	-3939.73	-4201.649	261.9186	0.7914762	0.360415	0.231973	0.363606	0.0440058	1.930387	1.534533
4176	-3947.052	-4208.902	261.8502	0.7914762	0.507143	0.253785	0.204465	0.0346066	1.952383	1.568792
4182	-3955.311	-4216.798	261.4868	0.8854368	0.337511	0.138279	0.465623	0.0585872	1.951992	1.759013
4188	-3959.682	-4221.319	261.6375	1.02046	0.497659	0.0953619	0.271979	0.135	1.917998	1.578032
4194	-3958.157	-4219.901	261.7439	1.030787	0.452534	0.214441	0.210266	0.122759	1.957409	1.461713
4200	-3972.638	-4234.885	262.2461	0.8791098	0.354531	0.36174	0.229921	0.0538081	2.13492	1.017418
4206	-3953.395	-4215.649	262.254	0.7955464	0.388835	0.28202	0.215888	0.113257	2.168349	1.0614
4212	-3948.445	-4210.326	261.8813	0.9079698	0.37836	0.323685	0.211257	0.0866979	1.973344	1.439196
4218	-3946.096	-4208.112	262.0158	0.8111583	0.408961	0.268987	0.228343	0.0937098	1.898147	1.470428
4224	-3955.88	-4217.151	261.2711	1.104411	0.536381	0.130659	0.210052	0.122907	1.896988	1.794874
4230	-3945.095	-4206.688	261.5937	1.086289	0.29932	0.23361	0.361613	0.105457	1.894417	1.579866
4236	-3942.076	-4204.088	262.0117	0.7038786	0.441511	0.137673	0.31635	0.104466	1.985738	1.492701
4242	-3933.665	-4195.612	261.9471	0.9258227	0.476066	0.272036	0.189365	0.0625328	1.994761	1.357097
4248	-3957.546	-4219.569	262.0232	0.8654551	0.31861	0.333489	0.237252	0.110648	2.029328	1.318278
4254	-3963.986	-4225.954	261.9681	0.6761871	0.346916	0.239011	0.25833	0.155744	2.029328	1.514731
4260	-3949.248	-4211.155	261.9069	0.710865	0.3445	0.243827	0.360088	0.0515848	1.98161	1.568138
4266	-3947.373	-4209.499	262.1252	0.7305399	0.305498	0.487401	0.176899	0.0302011	1.929628	1.427616
4272	-3951.092	-4213.194	262.1021	0.7283583	0.25533	0.48727	0.18421	0.0731908	1.962736	1.42172
4278	-3965.688	-4227.667	261.9794	0.7136147	0.459814	0.24064	0.221235	0.0783115	2.098327	1.423757
4284	-3954.295	-4216.617	262.322	0.581596	0.219521	0.35815	0.373504	0.0488251	2.039385	1.310007
4290	-3953.323	-4215.523	262.1994	0.672543	0.192613	0.295186	0.459792	0.0524083	2.039385	1.331483
4296	-3956.306	-4218.535	262.2291	0.7259401	0.429095	0.33602	0.175228	0.0596581	2.075091	1.231465
4302	-3955.814	-4217.881	262.0673	0.8167113	0.313151	0.245226	0.412948	0.0286746	2.079986	1.282475
4308	-3944.954	-4207.024	262.07	0.7879278	0.210244	0.458167	0.222565	0.109024	2.079986	1.304795
4314	-3941.735	-4203.868	262.1335	0.6671608	0.220522	0.431679	0.233445	0.114354	1.947622	1.458878
4320	-3934.082	-4196.299	262.2166	0.7109411	0.222196	0.547845	0.152417	0.0775423	2.118338	1.218902
4326	-3938.273	-4200.533	262.2607	0.6285995	0.297821	0.42546	0.254796	0.0219228	2.118338	1.255098
4332	-3943.665	-4205.837	262.1721	0.7650763	0.265513	0.382299	0.332643	0.0195446	2.091667	1.230713
4338	-3941.631	-4203.814	262.1833	0.7157247	0.251363	0.390348	0.314916	0.0433728	2.107867	1.251431
4344	-3947.55	-4209.669	262.1197	0.7266602	0.364815	0.195261	0.393861	0.0460633	2.082102	1.315185
4350	-3951.727	-4213.733	262.0059	0.7153516	0.418328	0.252297	0.276555	0.0528202	2.048386	1.440386
4356	-3959.233	-4221.372	262.1396	0.7389875	0.417661	0.240946	0.264113	0.0772803	1.889699	1.440386
4362	-3962.016	-4223.454	261.4381	0.8649101	0.328128	0.421661	0.110307	0.139904	1.852412	1.875928
4368	-3961.186	-4222.716	261.5305	0.7098335	0.321798	0.336005	0.283023	0.0591741	1.780335	1.972098
4374	-3960.931	-4222.562	261.6305	0.8536255	0.386825	0.249898	0.293064	0.0702127	1.81659	1.77621
4380	-3965.685	-4227.392	261.7062	0.8161424	0.346919	0.32728	0.262831	0.0629694	1.842235	1.732636
4386	-3952.461	-4214.02	261.5595	0.9651269	0.346919	0.32728	0.262831	0.0629694	1.835748	1.732636
4392	-3951.891	-4213.565	261.674	0.7811005	0.452398	0.270942	0.22453	0.0521298	1.810593	1.802691
4398	-3956.38	-4217.497	261.1175	1.14533	0.513011	0.0644567	0.342917	0.079616	1.728685	1.986927
4404	-3974.866	-4235.622	260.7565	1.177827	0.566654	0.0794075	0.296963	0.056975	1.785691	2.16671
4410	-3952.443	-4213.669	261.2262	1.063873	0.570647	0.0799671	0.262975	0.0864109	1.775412	1.935693
4416	-3949.703	-4210.709	261.0058	1.160222	0.659349	0.0725909	0.238782	0.029278	1.716204	2.059901
4422	-3955.761	-4216.874	261.1134	0.938546	0.32159	0.0165401	0.620601	0.0412686	1.782473	2.089371
4428	-3950.601	-4211.802	261.2006	1.199829	0.52867	0.0714161	0.292378	0.107536	1.852369	1.811386
4434	-3953.899	-4215.755	261.8559	0.7793385	0.315086	0.373272	0.22386	0.0877811	1.851852	1.646838
4440	-3954.378	-4216.165	261.7874	0.8384888	0.331953	0.164431	0.484702	0.0189143	1.939268	1.588413
4446	-3937.837	-4199.653	261.8159	0.8435282	0.330778	0.202206	0.380597	0.08642	1.998903	1.519504
4452	-3942.389	-4204.397	262.0084	0.7135637	0.387319	0.235182	0.22054	0.156959	1.935645	1.525012
4458	-3940.363	-4201.564	261.2014	0.9251714	0.339541	0.23639	0.286472	0.137597	1.857086	1.990713
4464	-3942.746	-4204.243	261.4966	0.7570356	0.4183	0.204679	0.266204	0.110816	1.726351	1.997507
4470	-3942.206	-4203.474	261.2684	0.9299552	0.276192	0.300488	0.368537	0.0547832	1.78789	1.988898
4476	-3955.201	-4216.744	261.5437	0.823931	0.440968	0.208762	0.298015	0.0522551	1.775121	1.885651
4482	-3944.905	-4206.259	261.3534	0.823931	0.32055	0.345024	0.26962	0.0648055	1.823327	1.981505
4488	-3941.59	-4203.364	261.7738	0.6795565	0.263014	0.384914	0.316546	0.0355253	1.844742	1.784244
4494	-3955.4	-4216.63	261.2294	0.9837308	0.290451	0.164948	0.50537	0.0392312	1.950222	1.86894
4500	-3948.642	-4210.618	261.9765	0.6636414	0.427912	0.133747	0.42733	0.0110105	1.920466	1.598515
4506	-3946.392	-4208.332	261.9405	0.727537	0.355219	0.191927	0.422481	0.0303734	1.888812	1.598515
4512	-3925.587	-4187.548	261.9612	0.727537	0.387168	0.317672	0.236039	0.05912	1.976628	1.518609
4518	-3940.508	-4201.232	260.7244	1.637391	0.411721	0.391439	0.133971	0.0628692	1.742163	1.947238
4524	-3948.723	-4209.958	261.2353	0.8899952	0.525907	0.213039	0.171126	0.0899275	1.657141	2.124172
4530	-3945.374	-4206.546	261.1713	0.8283627	0.333251	0.23687	0.291771	0.138107	1.649705	2.212122
4536	-3958.575	-4219.543	260.968	1.477525	0.598937	0.137074	0.0945246	0.169464	1.779444	1.8486
4542	-3963.784	-4225.042	261.2581	1.044916	0.629562	0.0929515	0.0993578	0.178129	1.723427	1.961737
4548	-3959.262	-4220.663	261.4009	0.9235014	0.636085	0.0775867	0.225217	0.061111	1.702507	1.961737
4554	-3966.573	-4228.764	262.1916	0.8552771	0.524744	0.0897235	0.221282	0.16425	2.288473	0.9414456
4560	-3960.004	-4222.533	262.5284	0.6239387	0.257481	0.308262	0.305344	0.128912	2.288473	0.8346869
4566	-3969.7	-4232.175	262.4743	0.6333564	0.271123	0.324594	0.321521	0.0827617	2.315652	0.8554431
4572	-3969.876	-4232.298	262.4212	0.6435443	0.235449	0.429879	0.279216	0.055457	2.35508	0.8588941
4578	-3956.236	-4218.34	262.1041	0.906224	0.478449	0.172047	0.140914	0.20859	2.288886	0.9775676
4584	-3947.552	-4209.731	262.179	0.8194492	0.37751	0.217261	0.266519	0.13871	2.195049	1.083217
4590	-3959.358	-4221.688	262.3295	0.6740477	0.361997	0.321649	0.249881	0.0664734	2.162758	1.115405
4596	-3958.897	-4221.238	262.341	0.64325	0.35187	0.283532	0.309693	0.0549045	2.212872	1.088938
4602	-3982.749	-4243.192	260.4433	1.277584	0.411352	0.100156	0.396832	0.0916598	1.563646	2.44886
4608	-3974.411	-4235.113	260.7024	1.112226	0.517991	0.102818	0.322614	0.0565769	1.536479	2.401229
4614	-3984.441	-4244.679	260.2384	1.17237	0.565586	0.0291406	0.344805	0.0604685	1.493996	2.680658
4620	-3976.687	-4236.874	260.1871	0.8365475	0.403825	0.0198174	0.535235	0.0411224	1.481348	2.923565
4626	-3971.104	-4231.086	259.9829	1.001529	0.364318	0.0989249	0.509234	0.027523	1.517004	2.923565
4632	-3977.131	-4239.148	262.0168	0.6421395	0.345107	0.331431	0.317533	0.00592916	1.878507	1.616231
4638	-3951.907	-4213.825	261.9188	0.8733886	0.395287	0.186635	0.321021	0.0970569	1.993354	1.422309
4644	-3961.581	-4223.469	261.8878	0.8016094	0.367499	0.170649	0.44366	0.0181929	2.021885	1.481181
4650	-3978.661	-4240.399	261.7386	0.7491294	0.362041	0.266416	0.27871	0.0928336	1.861939	1.745467
4656	-3958.216	-4219.997	261.781	0.7754827	0.364849	0.268482	0.326659	0.0400094	1.914929	1.658205
4662	-3964.368	-4226.086	261.7183	0.9806151	0.501315	0.169635	0.268145	0.0609051	1.835961	1.607991
4668	-3955.663	-4217.259	261.5955	1.025349	0.337561	0.196011	0.397003	0.0694259	1.914042	1.607991
4674	-3972.43	-4234.149	261.7196	0.8586811	0.402876	0.275809	0.238455	0.0828593	1.754027	1.75405
4680	-3975.862	-4237.309	261.4464	0.9062353	0.467633	0.174012	0.276783	0.081572	1.768278	1.898596
4686	-3951.205	-4212.249	261.044	0.9062353	0.371347	0.287254	0.267461	0.0739384	1.877472	2.094256
4692	-3957.264	-4218.914	261.6507	1.176049	0.565273	0.0317051	0.302707	0.100315	2.051109	1.351911
4698	-3945.723	-4207.604	261.8818	1.026908	0.334901	0.139589	0.487645	0.0378654	1.964895	1.351911
4704	-3945.848	-4207.787	261.939	0.8695108	0.293033	0.247152	0.426682	0.0331317	1.948887	1.444056
4710	-3968.825	-4230.891	262.0654	0.5044201	0.394505	0.382861	0.180992	0.0416419	1.833785	1.71549
4716	-3968.937	-4231.074	262.137	0.4574286	0.2361	0.346176	0.390628	0.0270968	1.792461	1.726507
4722	-3972.418	-4234.088	261.6699	0.849168	0.402777	0.216881	0.339813	0.0405286	1.897795	1.694691
4728	-3956.211	-4217.006	260.7956	1.18891	0.394817	0.149896	0.417517	0.0377698	1.780236	2.137972
4734	-3963.972	-4225.273	261.3013	0.8171117	0.531806	0.114976	0.284199	0.0690187	1.645668	2.137972
4740	-3971.79	-4232.756	260.9667	0.8816738	0.549952	0.225928	0.212703	0.011416	1.706594	2.271593
4746	-3961.092	-4222.229	261.1365	0.874206	0.436932	0.344194	0.206532	0.0123414	1.719214	2.15875
4752	-3951.795	-4213.928	262.1323	0.5598516	0.252966	0.460766	0.21664	0.0696273	1.957928	1.536732
4758	-3968.073	-4230.508	262.4346	0.5215871	0.266082	0.312608	0.188385	0.232925	2.022153	1.282719
4764	-3974.274	-4236.374	262.1002	0.833982	0.243997	0.517341	0.141502	0.0971608	2.059655	1.257215
4770	-3960.135	-4222.155	262.0201	0.7744835	0.494512	0.311112	0.0895729	0.104803	1.910049	1.48725
4776	-3957.343	-4219.486	262.1436	0.7242123	0.356713	0.430036	0.105979	0.107272	1.919165	1.426642
4782	-3960.327	-4222.43	262.1029	0.7478713	0.280552	0.390649	0.193727	0.135073	1.934873	1.426642
4788	-3939.468	-4201.77	262.3012	0.7992739	0.311944	0.322468	0.215403	0.150186	2.05736	1.116772
4794	-3950.108	-4212.22	262.1122	0.7199062	0.344747	0.297739	0.141809	0.215704	2.007963	1.385645
4800	-3957.215	-4219.08	261.8655	0.7758704	0.323514	0.254063	0.265239	0.157183	1.98422	1.546108
4806	-3961.441	-4223.539	262.0985	0.8023605	0.291468	0.291026	0.277175	0.140331	1.953285	1.371154
4812	-3938.736	-4200.605	261.8692	0.9000172	0.462869	0.160202	0.230303	0.146626	1.82391	1.566394
4818	-3946.508	-4208.413	261.9048	1.066092	0.442769	0.164101	0.252872	0.140259	1.992366	1.280016
4824	-3954.907	-4216.799	261.892	1.170158	0.495178	0.286106	0.120164	0.0985519	1.997773	1.201968
4830	-3963.147	-4225.16	262.0128	0.9213627	0.388015	0.224189	0.310572	0.0772239	2.054041	1.259597
4836	-3955.04	-4217.21	262.17	0.6902759	0.400056	0.213707	0.29207	0.0941674	2.13833	1.259597
4842	-3959.868	-4221.661	261.7927	0.8368491	0.566338	0.183188	0.226925	0.0235486	1.936015	1.588153
4848	-3963.714	-4225.496	261.7814	0.8890198	0.294696	0.303261	0.301739	0.100304	1.961749	1.53784
4854	-3956.164	-4217.947	261.783	0.7825626	0.374617	0.205955	0.310556	0.108872	1.977193	1.606535
4860	-3946.72	-4208.629	261.9084	0.7878967	0.3702	0.20622	0.313631	0.109949	2.041627	1.461499
4866	-3960.576	-4222.268	261.6917	0.9711094	0.360049	0.179802	0.340708	0.119442	2.069597	1.461499
4872	-3950.755	-4212.662	261.907	0.7523174	0.501874	0.147537	0.279568	0.071021	2.056228	1.479899
4878	-3959.11	-4220.989	261.8786	0.9613161	0.532263	0.15647	0.246555	0.0647119	2.068071	1.324525
4884	-3955.438	-4217.613	262.1747	0.7865533	0.457477	0.205153	0.267231	0.0701387	2.131375	1.175186
4890	-3957.582	-4219.424	261.8428	1.086728	0.427665	0.119741	0.307527	0.145067	2.192527	1.14517
4896	-3957.078	-4219.39	262.3117	0.8154489	0.443092	0.0750253	0.331583	0.1503	2.158419	0.9946091
4902	-3964.954	-4226.959	262.0056	0.7943264	0.376878	0.166423	0.401267	0.0554322	2.097139	1.337465
4908	-3950.457	-4212.262	261.8045	0.8373704	0.345522	0.187937	0.367882	0.0986585	1.916063	1.593688
4914	-3949.326	-4211.202	261.8757	0.8373704	0.362593	0.109768	0.398085	0.129554	2.004287	1.475443
4920	-3946.249	-4208.484	262.2347	0.6146343	0.315318	0.296811	0.271298	0.116573	2.117973	1.288899
4926	-3956.405	-4218.708	262.3037	0.6146343	0.196053	0.273465	0.508599	0.0218819	2.060201	1.279695
4932	-3970.46	-4232.479	262.0186	0.997536	0.566378	0.159546	0.254591	0.0194853	2.151127	1.103555
4938	-3972.04	-4234.349	262.3088	0.8360038	0.400168	0.172632	0.374114	0.0530859	2.164529	0.969468
4944	-3963.761	-4226.053	262.2918	0.6935045	0.442179	0.164918	0.360694	0.0322099	2.184146	1.111535
4950	-3971.793	-4234.13	262.3369	0.7476477	0.352947	0.162858	0.455129	0.0290661	2.081747	1.111535
4956	-3956.309	-4218.759	262.4499	0.6584898	0.621985	0.121661	0.211331	0.0450222	2.092164	1.084897
4962	-3966.117	-4228.344	262.2267	0.7807817	0.320812	0.345792	0.207439	0.125957	2.092164	1.169278
4968	-3960.886	-4223.041	262.1556	0.7198462	0.314875	0.339393	0.152856	0.192876	2.056834	1.312434
4974	-3976.3	-4238.598	262.2984	0.6585961	0.314875	0.339393	0.152856	0.192876	2.006038	1.290408
4980	-3982.47	-4244.781	262.3114	0.4241081	0.229185	0.307231	0.406612	0.0569725	1.939674	1.516033
4986	-3962.293	-4224.243	261.9503	0.4845685	0.355705	0.312422	0.322074	0.00979949	1.93201	1.741194
4992	-3964.829	-4227.317	262.4883	0.6701194	0.310217	0.424139	0.217777	0.0478671	2.282445	0.8312009
4998	-3966.883	-4229.455	262.5718	0.5656039	0.37553	0.317596	0.271031	0.035843	2.331805	0.8017583
5004	-3963.124	-4225.073	261.9496	0.441375	0.332191	0.440939	0.214081	0.0127888	2.023078	1.706601
5010	-3954.141	-4216.214	262.0724	0.6210939	0.335655	0.355313	0.271184	0.0378482	2.023078	1.484906
5016	-3956.02	-4217.854	261.834	0.7567721	0.352165	0.258882	0.361924	0.0270278	2.008054	1.566591
5022	-3946.376	-4207.91	261.5332	0.8152664	0.329009	0.307615	0.338126	0.0252506	1.877691	1.828837
5028	-3949.067	-4210.65	261.5833	0.7192212	0.393085	0.381515	0.217247	0.0081527	1.953255	1.811973
5034	-3947.194	-4208.565	261.3711	0.882152	0.399784	0.371018	0.220949	0.00824928	1.883502	1.888304
5040	-3941.445	-4202.903	261.4578	0.8026071	0.381461	0.182276	0.422816	0.0134464	1.816384	1.930994
5046	-3952.501	-4214.09	261.5895	0.821252	0.315699	0.439095	0.191002	0.0542036	1.924133	1.753281
5052	-3959.339	-4220.807	261.468	0.828363	0.382786	0.319901	0.231591	0.0657221	1.924133	1.832388
5058	-3956.876	-4218.526	261.6497	0.9064217	0.323914	0.308724	0.306992	0.0603701	1.929249	1.644543
5064	-3940.037	-4201.475	261.4385	0.8438154	0.392064	0.402054	0.187829	0.0180539	1.903989	1.855377
5070	-3956.33	-4217.78	261.4497	0.9023552	0.365401	0.374712	0.243601	0.0162865	1.892775	1.813844
5076	-3968.925	-4230.336	261.4113	0.6498625	0.261362	0.376668	0.318188	0.0437819	1.872905	2.032234
5082	-3972.871	-4235.225	262.3538	0.7583811	0.346745	0.265384	0.335539	0.0523324	2.222301	0.9470973
5088	-3969.009	-4231.296	262.2867	0.8488642	0.459791	0.125986	0.362694	0.0515292	2.197727	0.9438566
5094	-3962.941	-4225.116	262.175	0.9417413	0.400202	0.139883	0.402702	0.0572132	2.197727	0.9610409
5100	-3957.414	-4219.723	262.309	0.8203004	0.359692	0.341915	0.158547	0.139846	2.28187	0.8576169
5106	-3959.328	-4221.575	262.2475	0.8203004	0.538513	0.205432	0.18712	0.068935	2.349158	0.8505441
5112	-3961.161	-4223.637	262.4757	0.6953373	0.447109	0.170563	0.265696	0.116632	2.220956	0.8878785
5118	-3951.048	-4213.357	262.3096	0.7583044	0.408569	0.294203	0.218982	0.0782455	2.220956	0.9941819
5124	-3955.215	-4217.512	262.297	0.7702666	0.228325	0.530669	0.136063	0.104943	2.220956	0.9941819
5130	-3959.412	-4221.763	262.3513	0.6739144	0.235655	0.454755	0.273227	0.0363633	2.201848	1.059237
5136	-3941.452	-4203.802	262.3501	0.6685863	0.438481	0.169984	0.364625	0.0269109	2.174015	1.091592
5142	-3953.165	-4215.492	262.3269	0.7350604	0.404308	0.165811	0.336208	0.0936737	2.150015	1.070031
5148	-3947.853	-4210.086	262.2331	0.6585342	0.405116	0.219263	0.344387	0.0312334	2.170999	1.207312
5154	-3945.052	-4207.367	262.3152	0.699215	0.33503	0.380336	0.210867	0.0737676	2.031025	1.219851
5160	-3948.446	-4210.315	261.8686	1.137903	0.238109	0.415855	0.230559	0.115478	2.031025	1.219851
5166	-3948.765	-4211.091	262.3263	0.6540321	0.365355	0.221559	0.353771	0.0593151	2.031025	1.250794
5172	-3944.756	-4206.523	261.7667	0.9773715	0.35909	0.203016	0.383543	0.0543509	2.031025	1.428785
5178	-3939.745	-4201.652	261.9066	0.9589475	0.286496	0.295559	0.368872	0.0490726	2.064105	1.307097
5184	-3939.397	-4201.807	262.4103	0.6442436	0.41996	0.257412	0.294287	0.0283415	2.041963	1.178873
5190	-3947.399	-4209.652	262.253	0.5349758	0.136479	0.505134	0.326905	0.0314828	1.97593	1.451708
5196	-3944.207	-4206.675	262.4678	0.5017228	0.281197	0.510979	0.173131	0.0346933	1.929731	1.346586
5202	-3949.013	-4211.193	262.1807	0.5817065	0.272599	0.503455	0.167836	0.0561094	2.028016	1.43013
5208	-3945.97	-4208.037	262.0672	0.7371186	0.39889	0.307467	0.211538	0.0821042	1.977458	1.43013
5214	-3946.431	-4208.223	261.7925	0.9234521	0.383322	0.334496	0.203282	0.0788997	1.924804	1.530826
5220	-3958.155	-4219.375	261.2204	0.9752319	0.383322	0.334496	0.203282	0.0788997	1.766336	2.004691
5226	-3961.552	-4222.995	261.4433	0.7760523	0.3196	0.250946	0.269306	0.160149	1.843683	1.94115
5232	-3953.171	-4214.471	261.3	0.9391741	0.358204	0.300592	0.277193	0.0640102	1.857848	1.914308
5238	-3949.661	-4211.037	261.3754	0.8893059	0.363022	0.22512	0.334593	0.0772651	1.801944	1.935577
5244	-3950.688	-4212.114	261.4266	0.8062648	0.367578	0.22351	0.3322	0.0767125	1.754536	1.990897
5250	-3961.35	-4222.737	261.3868	0.766464	0.450375	0.260055	0.246082	0.0434875	1.685857	2.090444
5256	-3957.174	-4218.575	261.4003	0.7770729	0.525825	0.177877	0.2518	0.0444979	1.756583	2.027431
5262	-3949.054	-4210.792	261.7377	0.5105189	0.318759	0.3603	0.301526	0.0194147	1.698583	2.027431
5268	-3953.83	-4215.459	261.63	0.4866182	0.325923	0.273752	0.387765	0.0125602	1.636203	2.15485
5274	-3951.465	-4212.297	260.8324	0.7604358	0.253054	0.287972	0.375043	0.0839305	1.71632	2.43103
5280	-3937.365	-4198.62	261.2544	0.6339311	0.339069	0.31763	0.297097	0.0462047	1.88704	2.137236
5286	-3947.327	-4208.904	261.5771	0.8404177	0.325974	0.292999	0.298213	0.0828131	1.839286	1.806961
5292	-3938.342	-4199.738	261.3956	0.7361186	0.342964	0.308936	0.314433	0.0336677	1.829053	2.01112
5298	-3948.349	-4210.149	261.8	0.6907377	0.259671	0.453927	0.264744	0.0216588	1.922687	1.702969
5304	-3952.453	-4214.177	261.724	0.8129806	0.31166	0.356503	0.317749	0.0140876	1.818053	1.739428
5310	-3957.041	-4218.956	261.9143	0.8196382	0.444176	0.215919	0.313281	0.0266235	1.90432	1.535199
5316	-3953.312	-4215.446	262.1338	0.6201778	0.213154	0.338652	0.406437	0.0417569	1.896853	1.53405
5322	-3957.163	-4218.803	261.6401	0.7770753	0.338523	0.246596	0.261562	0.15332	1.907702	1.761723
5328	-3955.117	-4217.009	261.8913	0.7770753	0.393657	0.286758	0.141295	0.17829	1.85085	1.623799
5334	-3950.279	-4212.116	261.8365	0.7770753	0.250887	0.419796	0.215689	0.113629	1.886451	1.637643
5340	-3932.295	-4194.223	261.9279	0.5981182	0.406102	0.370565	0.161256	0.0620779	1.810087	1.760976
5346	-3944.816	-4206.435	261.619	0.9272881	0.385294	0.314122	0.22819	0.0723949	1.85249	1.70591
5352	-3950.537	-4212.464	261.9272	0.7280681	0.331953	0.2475	0.303236	0.117312	1.928251	1.579004
5358	-3943.775	-4205.798	262.0236	0.7280681	0.26776	0.317667	0.298928	0.115645	1.927763	1.5081
5364	-3936.757	-4198.934	262.1771	0.4107147	0.236556	0.341584	0.294088	0.127772	1.916026	1.640244
5370	-3941.482	-4202.865	261.3826	0.8138056	0.336347	0.129913	0.458779	0.0749607	1.813521	1.975606
5376	-3935.773	-4197.137	261.3642	0.8900172	0.415964	0.283147	0.228303	0.0725856	1.793799	1.948107
5382	-3955.693	-4216.946	261.2522	0.9781551	0.373825	0.284961	0.229766	0.111447	1.79402	1.963011
5388	-3947.083	-4209.136	262.0526	0.6786626	0.388868	0.296429	0.239012	0.0756905	1.818566	1.605718
5394	-3959.049	-4220.125	261.0765	1.223341	0.605539	0.0921025	0.273993	0.0283652	1.774852	1.933853
5400	-3961.987	-4223.041	261.0537	1.31055	0.570846	0.055998	0.340912	0.0322445	1.848742	1.844228
5406	-3954.912	-4215.05	260.1377	1.957814	0.594573	0.0583256	0.275531	0.0715701	1.743716	2.165943
5412	-3962.922	-4223.992	261.0695	1.21886	0.649347	0.109744	0.19154	0.0493686	1.719937	1.978245
5418	-3960.537	-4222.053	261.5159	0.9199852	0.626171	0.176576	0.16147	0.0357829	1.861365	1.777221
5424	-3951.212	-4213.019	261.8073	1.121379	0.380196	0.300143	0.289793	0.0298677	1.964318	1.338018
5430	-3959.707	-4222.016	262.3093	0.5913739	0.216968	0.567393	0.198593	0.0170447	1.999526	1.343977
5436	-3964.886	-4227.028	262.1426	0.7298338	0.279181	0.276671	0.428798	0.0153504	1.907968	1.431506
5442	-3965.09	-4226.987	261.8965	0.9037887	0.408095	0.201767	0.37327	0.0168681	2.035463	1.38262
5448	-3962.492	-4224.152	261.6605	0.9340834	0.461865	0.104409	0.414973	0.0187527	2.031687	1.541446
5454	-3944.235	-4205.692	261.4568	0.891624	0.427352	0.166076	0.394422	0.0121505	1.950298	1.77672
5460	-3948.423	-4209.791	261.3683	1.008547	0.427064	0.199601	0.309421	0.0639145	1.82641	1.841574
5466	-3959.903	-4221.471	261.568	0.8086448	0.346514	0.229397	0.384535	0.0395531	1.831345	1.841574
5472	-3945.246	-4206.522	261.2753	0.942969	0.290869	0.370798	0.240644	0.0976896	1.831345	1.946272
5478	-3952.162	-4213.659	261.4978	0.8417678	0.297078	0.357365	0.245782	0.0997751	1.78273	1.899069
5484	-3953.192	-4214.814	261.6223	0.8425706	0.450514	0.248703	0.227177	0.0736061	1.744531	1.839624
5490	-3941.985	-4203.654	261.6695	0.711108	0.397736	0.282703	0.287443	0.0321175	1.733325	1.909267
5496	-3945.967	-4207.442	261.4741	0.9146431	0.362571	0.258894	0.236366	0.142169	1.806883	1.847525
5502	-3959.193	-4220.514	261.321	0.8798644	0.358288	0.243211	0.222048	0.176452	1.760905	2.00604
5508	-3956.855	-4218.474	261.6194	0.9526808	0.39143	0.265709	0.244528	0.0983327	1.727587	1.775189
5514	-3951.865	-4213.06	261.1949	1.154539	0.387757	0.263216	0.251617	0.09741	1.774446	1.898076
5520	-3962.251	-4223.537	261.2865	0.9458186	0.421555	0.280093	0.183736	0.114616	1.773223	1.975829
5526	-3954.815	-4215.918	261.1029	0.8209973	0.48762	0.223188	0.197862	0.09133	1.709168	2.222849
5532	-3940.536	-4201.943	261.4066	0.7530713	0.288839	0.339079	0.279402	0.09268	1.741649	2.049935
5538	-3952.108	-4213.18	261.0718	1.036851	0.472592	0.196637	0.180549	0.150222	1.697931	2.107426
5544	-3955.742	-4217.355	261.6126	1.031807	0.360914	0.333361	0.273598	0.032127	1.769476	1.69481
5550	-3954.394	-4216.135	261.7413	0.8018852	0.275235	0.230707	0.485596	0.00846206	1.896611	1.679895
5556	-3937.684	-4199.632	261.9477	0.8148594	0.488944	0.156415	0.329224	0.0254164	1.913475	1.507245
5562	-3961.9	-4223.552	261.6523	1.11035	0.545527	0.119809	0.3205	0.0141639	1.907316	1.509771
5568	-3965.205	-4227.447	262.2426	0.6383767	0.222539	0.415751	0.315348	0.046363	1.930404	1.411762
5574	-3931.946	-4194.209	262.2629	0.6598024	0.224236	0.418922	0.317754	0.039088	2.049935	1.282498
5580	-3938.979	-4200.871	261.892	0.9052413	0.275526	0.524752	0.150546	0.0491766	1.951221	1.450068
5586	-3942.803	-4204.409	261.6061	1.078369	0.428477	0.0914532	0.424506	0.0555633	1.951221	1.534661
5592	-3940.255	-4202.224	261.9688	0.818695	0.454996	0.172868	0.341896	0.0302403	1.949457	1.461159
5598	-3946.471	-4208.447	261.976	0.8320239	0.26085	0.143306	0.542635	0.0532085	1.92833	1.461159
5604	-3949.425	-4211.281	261.8556	0.9024891	0.331043	0.35634	0.225496	0.0871211	1.975926	1.461159
5610	-3951.99	-4213.925	261.9356	0.6672555	0.334056	0.343547	0.29138	0.0310168	1.912409	1.631186
5616	-3938.441	-4200.655	262.2141	0.657171	0.338892	0.348521	0.213619	0.0989676	1.975121	1.383598
5622	-3961.666	-4223.902	262.2361	0.6763421	0.289761	0.245019	0.427379	0.0378415	1.903002	1.406834
5628	-3959.543	-4221.707	262.1636	0.6126571	0.405543	0.344771	0.199802	0.049884	1.949134	1.478527
5634	-3947.472	-4209.066	261.5943	1.037018	0.255098	0.344863	0.341849	0.0581904	1.983128	1.549878
5640	-3950.591	-4212.594	262.0034	0.8677619	0.43556	0.265183	0.249047	0.0502098	2.088115	1.28468
5646	-3941.489	-4203.799	262.3104	0.6902436	0.304821	0.446239	0.205263	0.0436776	2.244879	1.040628
5652	-3949.061	-4211.383	262.3223	0.7555084	0.346198	0.254256	0.263012	0.136535	2.341409	0.8518205
5658	-3947.179	-4209.414	262.2357	0.8609018	0.384619	0.298208	0.292201	0.0249711	2.328746	0.8383695
5664	-3947.809	-4210.07	262.261	0.8609018	0.403923	0.272535	0.293977	0.0295659	2.25739	0.8928897
5670	-3945.14	-4207.345	262.2059	0.783904	0.352128	0.237588	0.404041	0.00624343	2.25739	1.033931
5676	-3941.961	-4204.151	262.1908	0.783904	0.310361	0.250142	0.425389	0.014108	2.242298	1.062817
5682	-3951.819	-4214.087	262.2686	0.7125838	0.361357	0.313881	0.282995	0.0417659	2.242298	1.060388
5688	-3944.085	-4206.372	262.2863	0.7125838	0.439214	0.126195	0.374316	0.0602748	2.243757	1.042126
5694	-3958.636	-4221.191	262.5556	0.6194959	0.275705	0.492442	0.161488	0.070365	2.153706	0.961549
5700	-3961.627	-4224.07	262.4433	0.6699787	0.217826	0.477386	0.236575	0.0682137	2.192175	0.9825861
5706	-3953.893	-4216.308	262.4143	0.6534623	0.350314	0.277247	0.29424	0.0781993	2.261565	0.9590023
5712	-3956.231	-4218.646	262.4153	0.6349475	0.373818	0.329929	0.203194	0.0930588	2.261565	0.9781841
5718	-3953.401	-4215.869	262.4686	0.6349475	0.217779	0.306767	0.423528	0.0519255	2.261565	0.9218768
5724	-3944.1	-4206.751	262.6511	0.4982931	0.33354	0.364215	0.213525	0.08872	2.270562	0.8648863
5730	-3928.456	-4190.757	262.3012	0.770331	0.27653	0.359085	0.21525	0.149135	2.369971	0.8231881
5736	-3941.965	-4204.251	262.2861	0.7638668	0.267802	0.347752	0.240018	0.144428	2.258605	0.9737781
5742	-3970.764	-4232.236	261.4728	0.9955307	0.60569	0.113393	0.207965	0.0729512	1.862223	1.753424
5748	-3956.553	-4218.096	261.5429	0.9191396	0.409805	0.0893772	0.467353	0.0334654	1.89117	1.738113
5754	-3940.648	-4202.658	262.0094	0.91783	0.532171	0.0828079	0.338491	0.0465301	2.058439	1.261793
5760	-3952.703	-4213.692	260.9888	1.04279	0.525487	0.201616	0.212679	0.0602184	1.752268	2.122358
5766	-3958.811	-4219.858	261.0473	0.9721597	0.550274	0.140766	0.222712	0.086249	1.714898	2.154578
5772	-3962.007	-4224.029	262.0221	0.8550866	0.545845	0.11536	0.311172	0.0276233	2.091109	1.277607
5778	-3963.682	-4225.694	262.0116	0.943175	0.394545	0.303622	0.22492	0.0769127	2.020777	1.269757
5784	-3944.517	-4206.596	262.0786	0.871375	0.386324	0.297295	0.241072	0.07531	2.027308	1.269757
5790	-3954.859	-4217.358	262.4993	0.4298853	0.191877	0.492667	0.240367	0.0750897	1.933242	1.373218
5796	-3957.9	-4220.31	262.4099	0.6339049	0.169783	0.477249	0.268949	0.0840189	2.250394	0.9960761
5802	-3961.992	-4224.567	262.5751	0.4087007	0.275294	0.359387	0.287661	0.0776584	2.309374	0.9960761
5808	-3944.189	-4206.948	262.7593	0.346635	0.244603	0.410217	0.299428	0.0457524	2.309374	0.846889
5814	-3937.25	-4199.991	262.7418	0.3903387	0.232225	0.389459	0.284276	0.0940406	2.19677	0.9564369
5820	-3941.774	-4204.384	262.6098	0.5491067	0.270165	0.343912	0.277362	0.108561	2.256836	0.8690095
5826	-3933.416	-4195.609	262.1935	0.8842003	0.361634	0.208044	0.371268	0.0590543	2.182755	1.016984
5832	-3943.767	-4206.119	262.3527	0.7309077	0.430896	0.345517	0.151074	0.0725128	2.172585	1.02798
5838	-3960.972	-4223.263	262.2906	0.810812	0.418048	0.273835	0.242543	0.0655733	2.18863	0.9902661
5844	-3963.775	-4225.634	261.8592	1.131626	0.309452	0.141991	0.445085	0.103472	2.164225	1.116803
5850	-3961.414	-4223.278	261.8636	1.10046	0.43568	0.0735034	0.302162	0.188654	2.164225	1.139937
5856	-3963.357	-4224.854	261.4972	1.358436	0.493697	0.0814058	0.253122	0.171775	2.097576	1.302471
5862	-3967.22	-4229.172	261.9524	1.107612	0.654134	0.036566	0.282446	0.026854	2.104103	1.107924
5868	-3963.066	-4224.847	261.7803	1.18724	0.534047	0.172479	0.283818	0.00965703	2.104103	1.192613
5874	-3957.393	-4219.239	261.8461	0.7470009	0.323449	0.359273	0.247769	0.0695092	2.014229	1.560755
5880	-3955.779	-4217.623	261.8444	0.7345222	0.430316	0.270632	0.280667	0.0183848	1.876201	1.671495
5886	-3951.598	-4213.097	261.499	0.6778151	0.275104	0.442181	0.271197	0.0115187	1.830009	1.982696
5892	-3956.724	-4218.56	261.8356	0.7318122	0.334326	0.306238	0.329578	0.0298569	1.865668	1.687276
5898	-3955.827	-4217.269	261.4426	1.092608	0.448496	0.16056	0.3251	0.0658437	1.999842	1.608666
5904	-3965.588	-4227.926	262.3381	0.7918103	0.246575	0.389227	0.300594	0.0636037	2.396507	0.696793
5910	-3957.322	-4219.968	262.6458	0.5090715	0.170333	0.370809	0.379053	0.0798046	2.415792	0.6352734
5916	-3958.085	-4220.573	262.4875	0.6029635	0.190304	0.558699	0.179762	0.0712351	2.490178	0.6015525
5922	-3953.971	-4216.524	262.5527	0.5975886	0.165621	0.333741	0.357657	0.142981	2.366248	0.7315146
5928	-3950.514	-4213.068	262.5546	0.5975886	0.221409	0.44616	0.314908	0.0175225	2.296726	0.8261924
5934	-3951.591	-4214.133	262.5417	0.6054845	0.25698	0.327326	0.395356	0.0203377	2.351472	0.7581579
5940	-3945.329	-4207.823	262.4942	0.6285432	0.35885	0.330172	0.210314	0.100665	2.374647	0.7581579
5946	-3958.105	-4220.637	262.5323	0.5767127	0.216055	0.409906	0.261104	0.112935	2.455435	0.6455751
5952	-3966.348	-4228.953	262.6044	0.5767127	0.291759	0.3343	0.266276	0.107665	2.377409	0.6581286
5958	-3973.537	-4236.026	262.4891	0.5998112	0.322549	0.369579	0.144772	0.1631	2.484136	0.6225367
5964	-3967.668	-4230	262.3326	0.6966142	0.402902	0.190181	0.315591	0.0913266	2.533485	0.6343887
5970	-3969.634	-4232.034	262.4008	0.6370421	0.380896	0.208278	0.25106	0.159766	2.1607	1.087938
5976	-3965.693	-4228.018	262.3254	0.7695786	0.341925	0.183826	0.333239	0.141009	2.169365	1.017974
5982	-3960.35	-4222.734	262.3847	0.7023193	0.590917	0.267543	0.063221	0.0783195	2.074775	1.117982
5988	-3955.895	-4218.033	262.1377	0.8929053	0.374471	0.281018	0.199027	0.145484	2.041089	1.18968
5994	-3965.155	-4227.101	261.9459	0.7237635	0.369437	0.326898	0.228134	0.075531	1.900479	1.588993
6000	-3958.165	-4219.82	261.6548	0.8343325	0.301257	0.357232	0.27992	0.0615917	1.876223	1.731487
6006	-3943.08	-4204.805	261.7242	0.7597672	0.366052	0.204306	0.344601	0.0850407	1.910352	1.713634
6012	-3967.569	-4228.808	261.2392	1.006274	0.38845	0.180465	0.365687	0.0653984	1.86693	1.903581
6018	-3956.805	-4218.029	261.2237	0.9821362	0.38845	0.180465	0.365687	0.0653984	1.803797	1.972836
6024	-3943.721	-4205.442	261.7217	0.7332245	0.565886	0.212882	0.155301	0.0659311	1.851271	1.776433
6030	-3959.036	-4220.813	261.7774	0.7092163	0.304976	0.340828	0.24864	0.105557	1.889297	1.728645
6036	-3962.611	-4224.498	261.8871	0.8554896	0.46212	0.138133	0.276359	0.123388	1.911423	1.522393
6042	-3950.023	-4211.998	261.9752	0.8780746	0.584789	0.0274964	0.331153	0.0565618	1.954795	1.404767
6048	-3951.514	-4213.225	261.711	0.8673745	0.454525	0.0648844	0.431862	0.0487291	1.982897	1.590425
6054	-3952.169	-4214.118	261.949	0.7291335	0.534255	0.047028	0.392521	0.0261967	1.889695	1.590425
6060	-3964.635	-4226.257	261.6221	0.810843	0.45248	0.130759	0.356971	0.0597908	1.85909	1.783436
6066	-3960.676	-4222.546	261.8699	0.7956143	0.403747	0.325862	0.189833	0.0805568	1.931786	1.566284
6072	-3953.151	-4214.716	261.5658	0.8535615	0.382547	0.308752	0.179866	0.128835	1.803102	1.830335
6078	-3966.976	-4228.835	261.8592	0.8022053	0.302938	0.409297	0.214689	0.0730762	1.815395	1.653403
6084	-3962.319	-4223.826	261.5069	0.8446551	0.291589	0.327111	0.16862	0.212681	1.86524	1.834432
6090	-3962.42	-4223.874	261.4548	1.134478	0.502252	0.199537	0.229208	0.0690039	1.86524	1.667602
6096	-3964.739	-4226.486	261.7467	0.8648371	0.296013	0.390076	0.217443	0.0964691	1.89796	1.628084
6102	-3974.022	-4235.418	261.3963	0.6423314	0.265627	0.288183	0.428108	0.0180814	1.698425	2.161865
6108	-3966.307	-4227.342	261.0355	0.7796785	0.361565	0.140816	0.48699	0.0106291	1.584254	2.373412
6114	-3955.75	-4217.221	261.471	0.5939675	0.360751	0.291595	0.31573	0.0319244	1.700053	2.145356
6120	-3949.187	-4209.955	260.7677	0.9338963	0.479606	0.215282	0.262785	0.0423271	1.704161	2.365924
6126	-3949.695	-4210.531	260.8364	0.9075713	0.324058	0.225902	0.405625	0.0444152	1.662337	2.365924
6132	-3948.218	-4209.407	261.1891	0.8234849	0.404803	0.28219	0.257525	0.0554821	1.687281	2.179571
6138	-3966.686	-4227.493	260.807	0.8932291	0.44397	0.235115	0.252205	0.0687102	1.642069	2.406596
6144	-3963.886	-4224.578	260.6915	0.7135036	0.44397	0.235115	0.252205	0.0687102	1.634617	2.600903
6150	-3956.182	-4216.871	260.6887	1.628388	0.63138	0.0802196	0.271377	0.017023	1.852761	1.901677
6156	-3959.651	-4221.171	261.5196	1.076874	0.538787	0.113882	0.335997	0.0113343	1.799036	1.708335
6162	-3958.026	-4219.664	261.6388	0.7858047	0.514699	0.153498	0.320976	0.0108275	1.975823	1.708335
6168	-3964.265	-4225.634	261.3688	0.916717	0.365893	0.222867	0.35294	0.0582996	1.887376	1.863041
6174	-3951.544	-4213.198	261.6539	0.6356128	0.26425	0.291877	0.388914	0.0549594	1.896848	1.863041
6180	-3941.361	-4202.828	261.4669	0.9006861	0.372977	0.187055	0.389396	0.050572	1.858206	1.827004
6186	-3944.398	-4205.751	261.353	0.7987627	0.42452	0.1336	0.432856	0.00902409	1.839788	1.988337
6192	-3934.88	-4196.502	261.6211	0.7987627	0.388704	0.177029	0.425398	0.00886862	1.85418	1.796304
6198	-3955.976	-4217.711	261.7352	0.9090239	0.404608	0.21102	0.381355	0.00301655	2.035167	1.502239
6204	-3951.384	-4212.808	261.4237	0.9142528	0.41362	0.193448	0.389849	0.00308373	1.750922	1.920161
6210	-3948.115	-4209.11	260.9956	0.9806715	0.477035	0.226427	0.266004	0.0305338	1.794997	2.130459
6216	-3944.006	-4204.792	260.7864	1.153248	0.468172	0.249436	0.252425	0.0299665	1.834876	2.130459
6222	-3941.637	-4203.537	261.9003	0.739788	0.506947	0.0444609	0.400988	0.0476033	1.917882	1.597168
6228	-3951.873	-4213.835	261.9614	0.6788259	0.491685	0.0458372	0.413401	0.0490769	1.921358	1.597168
6234	-3940.269	-4202.008	261.7393	0.8882095	0.451344	0.108248	0.313965	0.126443	1.92389	1.597168
6240	-3930.673	-4192.061	261.3886	0.889303	0.3888	0.104672	0.420033	0.0864949	1.839085	1.901564
6246	-3946.203	-4207.615	261.4119	0.7870553	0.401177	0.186609	0.279788	0.132426	1.841454	1.956
6252	-3956.58	-4218.545	261.9649	0.8396432	0.378669	0.145824	0.352017	0.123491	1.927684	1.464091
6258	-3951.559	-4213.323	261.7635	0.8396432	0.501941	0.193295	0.255413	0.0493512	1.967762	1.584155
6264	-3947.88	-4210.132	262.2526	0.5884641	0.444017	0.332643	0.179684	0.0436561	1.891743	1.473884
6270	-3953.426	-4215.614	262.188	0.6664092	0.390012	0.292183	0.210208	0.107597	2.040575	1.344859
6276	-3954.873	-4217.148	262.2746	0.7681802	0.344336	0.447474	0.164993	0.0431964	2.121232	1.112623
6282	-3968.123	-4230.387	262.2644	0.7681802	0.305881	0.326267	0.320376	0.0474756	2.355589	0.8875149
6288	-3953.572	-4215.951	262.3796	0.5933222	0.35066	0.37403	0.229908	0.045401	2.355589	0.9632169
6294	-3966.262	-4228.134	261.8724	0.7081999	0.276889	0.41746	0.283327	0.022324	1.932754	1.630803
6300	-3959.244	-4220.974	261.7296	0.7925464	0.264047	0.407235	0.278072	0.0506468	1.986619	1.630803
6306	-3960.627	-4222.386	261.7594	0.8401257	0.424723	0.218754	0.233015	0.123509	1.991879	1.569092
6312	-3954.975	-4216.584	261.6086	0.8521487	0.359739	0.179169	0.384586	0.0765064	1.931901	1.711764
6318	-3964.435	-4225.957	261.5218	0.9524398	0.400776	0.21273	0.351096	0.0353984	1.900289	1.722729
6324	-3951.429	-4213.107	261.6774	0.6905627	0.445646	0.28454	0.235254	0.03456	1.865516	1.82849
6330	-3948.974	-4210.161	261.1866	0.9517183	0.310076	0.21764	0.44585	0.0264344	1.798395	2.021652
6336	-3956.057	-4217.2	261.1437	1.068006	0.371196	0.335095	0.245212	0.0484974	1.800074	1.971797
6342	-3945.226	-4206.496	261.27	0.958943	0.321233	0.371932	0.186345	0.120491	1.803756	1.957478
6348	-3941.842	-4203.253	261.4109	0.8157527	0.466725	0.175485	0.239175	0.118615	1.810206	1.957478
6354	-3942.894	-4204.264	261.3704	0.8157527	0.424139	0.15371	0.259492	0.162659	1.810206	1.984645
6360	-3955.651	-4216.937	261.2862	0.8135534	0.421487	0.152748	0.25787	0.167895	1.740412	2.088227
6366	-3949.982	-4211.385	261.4025	0.7665632	0.602075	0.145041	0.169124	0.0837601	1.789671	2.011301
6372	-3947.148	-4208.558	261.4095	0.8792835	0.442813	0.340396	0.112166	0.104625	1.86042	1.879886
6378	-3953.651	-4215.111	261.4595	0.9089135	0.554429	0.174135	0.140438	0.130997	1.86042	1.824746
6384	-3954.404	-4216.099	261.6952	0.7704479	0.283866	0.449609	0.198435	0.0680899	1.86042	1.761169
6390	-3958.869	-4221.229	262.3597	0.616261	0.283531	0.207255	0.487477	0.0217369	2.207999	1.102368
6396	-3959.09	-4221.383	262.2933	0.6953889	0.309617	0.185922	0.482927	0.021534	2.236628	1.059647
6402	-3953.308	-4215.5	262.1925	0.7947059	0.360587	0.37321	0.118635	0.147569	2.256347	1.036903
6408	-3956.872	-4219.265	262.3932	0.628297	0.340951	0.407978	0.111538	0.139533	2.165239	1.099198
6414	-3955.258	-4217.396	262.1378	0.8242321	0.349282	0.358515	0.191489	0.100714	2.213927	1.099198
6420	-3975.824	-4237.016	261.1926	0.9550116	0.490378	0.177458	0.242114	0.0900495	1.665831	2.103017
6426	-3970.088	-4231.246	261.1585	0.9085488	0.276746	0.346205	0.336775	0.0402741	1.747255	2.103017
6432	-3949.14	-4210.569	261.4293	0.5934247	0.246936	0.46365	0.188791	0.100623	1.760725	2.133315
6438	-3967.761	-4228.698	260.9376	1.250245	0.400346	0.287467	0.191597	0.120589	1.811435	1.985676
6444	-3946.598	-4207.995	261.3978	0.8334474	0.35574	0.289477	0.208232	0.146551	1.811435	1.953086
6450	-3938.64	-4199.824	261.1842	0.803911	0.505418	0.242671	0.208555	0.0433558	1.744046	2.15914
6456	-3941.465	-4202.477	261.0113	1.097633	0.45438	0.312359	0.187495	0.0457657	1.779521	2.054345
6462	-3936.927	-4198.476	261.5489	0.7252258	0.316334	0.24974	0.402065	0.0318615	1.750397	1.968935
6468	-3927.713	-4188.097	260.3846	0.895999	0.501577	0.194145	0.27166	0.0326176	1.614245	2.685031
6474	-3929.381	-4190.454	261.0726	0.750335	0.356181	0.260419	0.364396	0.0190043	1.821117	2.218048
6480	-3946.905	-4207.761	260.856	1.041069	0.352828	0.256047	0.360965	0.0301598	1.624165	2.292171
6486	-3956.236	-4216.4	260.1637	1.092906	0.43486	0.249438	0.291358	0.0243439	1.712579	2.639128
6492	-3958.995	-4219.679	260.6832	0.7445115	0.480659	0.264066	0.183167	0.0721083	1.54832	2.639128
6498	-3952.687	-4213.338	260.6507	0.7227905	0.427805	0.235029	0.304944	0.032222	1.624353	2.626441
6504	-3949.628	-4209.931	260.3028	0.9731246	0.395129	0.261638	0.223921	0.119311	1.657167	2.660679
6510	-3953.503	-4214.467	260.9633	0.732644	0.464792	0.229236	0.199613	0.106359	1.638296	2.416206
6516	-3932.284	-4193.228	260.944	0.8706962	0.477682	0.235594	0.208904	0.0778207	1.615667	2.351288
6522	-3948.969	-4210.013	261.0444	0.774461	0.284269	0.322833	0.286261	0.106637	1.615667	2.351288
6528	-3957.238	-4217.956	260.7181	0.774461	0.248131	0.218252	0.280543	0.253074	1.613275	2.557711
6534	-3950.093	-4210.64	260.5472	0.7995759	0.474338	0.229022	0.269389	0.0272506	1.728665	2.575823
6540	-3952.344	-4213.095	260.7513	0.7995759	0.417452	0.292023	0.260079	0.0304455	1.763677	2.426361
6546	-3954.715	-4215.298	260.5827	0.9328225	0.435609	0.135125	0.419105	0.0101618	1.668829	2.505206
6552	-3944.419	-4205.058	260.639	1.041315	0.514866	0.135901	0.330912	0.0183206	1.668829	2.401499
6558	-3950.135	-4210.906	260.771	1.27164	0.458913	0.19216	0.246834	0.102093	1.720165	2.142773
6564	-3937.226	-4198.328	261.1023	0.8615206	0.422404	0.152339	0.252814	0.172443	1.72364	2.186616
6570	-3952.309	-4213.205	260.8961	0.9032413	0.457338	0.121626	0.28336	0.137677	1.88684	2.186616
6576	-3946.708	-4208.612	261.9041	0.7128458	0.334188	0.325873	0.285721	0.0542172	1.892302	1.63361
6582	-3955.552	-4217.241	261.6897	0.7128458	0.321724	0.266373	0.336975	0.0749285	1.823966	1.832367
6588	-3948.044	-4208.748	260.7036	1.011404	0.437676	0.228468	0.251502	0.0823532	1.668675	2.379493
6594	-3936.829	-4198.041	261.2123	0.9323727	0.46049	0.225555	0.256829	0.0571262	1.79674	2.018738
6600	-3935.385	-4196.474	261.0888	0.8431189	0.588299	0.22474	0.107857	0.0791036	1.790406	2.164401
6606	-3947.78	-4208.749	260.9686	1.008719	0.468369	0.225693	0.223529	0.0824085	1.736808	2.167691
6612	-3944.585	-4205.714	261.1295	0.7772352	0.476417	0.120823	0.318935	0.0838245	1.647404	2.274952
6618	-3941.782	-4202.84	261.0579	0.761206	0.331534	0.346317	0.200393	0.121755	1.696562	2.300058
6624	-3953.748	-4214.373	260.6256	0.761206	0.367174	0.203013	0.294968	0.134844	1.679615	2.582642
6630	-3952.939	-4213.873	260.9347	0.8843927	0.377345	0.208637	0.391293	0.0227243	1.718119	2.282884
6636	-3964.102	-4225.539	261.4364	0.7161809	0.422634	0.230353	0.224479	0.122534	1.690945	2.089382
6642	-3940.733	-4202.068	261.3357	0.7776377	0.422634	0.230353	0.224479	0.122534	1.710391	2.100139
6648	-3947.999	-4208.977	260.9786	0.9582143	0.386118	0.317246	0.22097	0.0756661	1.650328	2.249916
6654	-3959.185	-4220.423	261.2387	0.81963	0.359057	0.241296	0.322833	0.0768143	1.682687	2.152884
6660	-3960.69	-4221.498	260.8081	1.12966	0.477719	0.184733	0.322063	0.0154841	1.801486	2.152884
6666	-3947.783	-4209.11	261.3268	0.9278647	0.528093	0.11514	0.348703	0.00806465	1.83764	1.917621
6672	-3943.74	-4205.182	261.4423	0.7838689	0.380845	0.238896	0.308392	0.0718665	1.807063	1.960948
6678	-3951.859	-4213.114	261.255	0.7384531	0.372867	0.312277	0.301932	0.0129238	1.899624	2.055922
6684	-3938.01	-4199.724	261.7137	0.6590039	0.441769	0.144132	0.398788	0.015312	1.877105	1.818497
6690	-3934.425	-4195.555	261.1299	0.8801468	0.494259	0.13211	0.336771	0.0368594	1.774358	2.123113
6696	-3939.267	-4200.281	261.0139	1.007456	0.396994	0.226502	0.339361	0.0371428	1.901942	2.030368
6702	-3932.488	-4193.74	261.2519	0.8661077	0.366093	0.38934	0.202478	0.0420883	1.807651	2.030368
6708	-3934.558	-4196.318	261.7597	0.7614392	0.479648	0.201762	0.284102	0.0344881	1.986221	1.632968
6714	-3935.806	-4197.427	261.6207	0.8300872	0.340526	0.271185	0.362705	0.025584	1.953725	1.704035
6720	-3931.557	-4193.194	261.6369	0.8300872	0.46844	0.172924	0.326225	0.0324105	2.013237	1.650086
6726	-3942.814	-4203.966	261.1522	0.6909226	0.280104	0.376427	0.308073	0.0353959	1.776835	2.235752
6732	-3949.494	-4210.55	261.0561	0.9757985	0.387584	0.288552	0.309053	0.0148111	1.791985	2.096009
6738	-3940.87	-4201.865	260.9954	0.8752879	0.413531	0.179112	0.279851	0.127505	1.785318	2.206691
6744	-3943.843	-4204.522	260.6789	0.796671	0.270055	0.271373	0.424001	0.0345707	1.665961	2.53484
6750	-3967.65	-4228.676	261.026	0.7544861	0.371389	0.161282	0.432098	0.0352309	1.733384	2.301492
6756	-3954.118	-4214.244	260.1259	0.8981214	0.470872	0.14853	0.371249	0.00934944	1.654709	2.817093
6762	-3942.93	-4202.406	259.4759	1.034576	0.363475	0.163152	0.426598	0.0467749	1.541683	3.192285
6768	-3934.649	-4193.938	259.2886	0.9657709	0.458539	0.146564	0.277769	0.117128	1.495843	3.370404
6774	-3946.508	-4206.196	259.6876	1.019848	0.458539	0.146564	0.277769	0.117128	1.48648	3.107951
6780	-3938.952	-4198.282	259.3307	1.018846	0.451736	0.0562375	0.398184	0.0938423	1.5143	3.303516
6786	-3936.74	-4196.928	260.1885	0.8625479	0.454809	0.15524	0.368857	0.0210946	1.574797	2.849841
6792	-3953.113	-4214.332	261.2189	0.6510705	0.248722	0.355759	0.262335	0.133184	1.712586	2.261353
6798	-3953.923	-4214.899	260.976	0.7460252	0.330649	0.382601	0.147155	0.139594	1.711127	2.353197
6804	-3963.143	-4224.395	261.2527	0.6815855	0.329735	0.394384	0.19182	0.0840613	1.749466	2.194932
6810	-3961.742	-4222.842	261.0996	0.611183	0.486781	0.164568	0.237187	0.111464	1.66766	2.392743
6816	-3955.85	-4216.983	261.1334	0.611183	0.321054	0.238227	0.404358	0.036362	1.633929	2.392743
6822	-3949.635	-4210.438	260.8031	0.9879105	0.321054	0.238227	0.404358	0.036362	1.733285	2.290051
6828	-3937.337	-4198.125	260.7886	0.9432068	0.402559	0.195534	0.375321	0.0265866	1.646291	2.383329
6834	-3949.974	-4211.195	261.2208	0.9409045	0.515947	0.169139	0.248134	0.0667805	1.65514	2.100916
6840	-3956.945	-4217.47	260.5254	0.8860857	0.370881	0.317887	0.267296	0.0439357	1.599438	2.61368
6846	-3952.226	-4212.604	260.3779	0.7966566	0.309101	0.253199	0.361143	0.0765573	1.592729	2.765525
6852	-3942.783	-4203.187	260.4041	0.732568	0.309101	0.253199	0.361143	0.0765573	1.604771	2.78335
6858	-3942.254	-4203.529	261.2754	0.7566171	0.328101	0.218099	0.371306	0.0824933	1.618458	2.213672
6864	-3951.071	-4212.432	261.361	0.7691845	0.33287	0.193986	0.409418	0.0637251	1.672015	2.114524
6870	-3953.259	-4214.79	261.5306	0.6776271	0.516868	0.0711582	0.400123	0.0118513	1.73513	2.024941
6876	-3946.236	-4207.172	260.9358	1.040015	0.448724	0.0821133	0.461723	0.00743969	1.786757	2.136248
6882	-3948.823	-4209.588	260.7648	1.208729	0.647889	0.0812893	0.199849	0.070972	1.722389	2.183488
6888	-3961.48	-4222.445	260.9652	0.8032322	0.421286	0.137475	0.374189	0.0670495	1.725238	2.312767
6894	-3956.713	-4217.693	260.9798	0.8787547	0.42641	0.140674	0.365051	0.0678649	1.632131	2.312767
6900	-3953.018	-4213.847	260.8294	0.9152418	0.379519	0.243897	0.237034	0.13955	1.698015	2.342729
6906	-3952.045	-4213.138	261.0927	0.8522055	0.377841	0.145447	0.337779	0.138933	1.773191	2.166971
6912	-3956.452	-4217.91	261.4579	0.6857172	0.300327	0.210637	0.43098	0.0580554	1.734547	2.067761
6918	-3976.662	-4238.134	261.4716	0.6871674	0.396595	0.373168	0.203574	0.0266622	1.69344	2.084827
6924	-3960.064	-4221.834	261.7706	0.7039491	0.47604	0.326624	0.178183	0.0191535	1.784675	1.810203
6930	-3940.939	-4202.481	261.5425	0.7601053	0.266967	0.264776	0.422808	0.0454492	1.876431	1.863057
6936	-3934.223	-4195.761	261.5377	0.8141296	0.264143	0.218148	0.419646	0.0980628	1.918018	1.79872
6942	-3931.259	-4192.946	261.6871	0.8109083	0.26404	0.304483	0.348146	0.0833318	1.892251	1.714704
6948	-3933.577	-4195.581	262.0044	0.6825082	0.328525	0.285556	0.287915	0.098003	1.910403	1.570914
6954	-3943.849	-4205.88	262.0302	0.6876022	0.473684	0.287027	0.140782	0.0985075	2.019832	1.466053
6960	-3941.228	-4203.229	262.001	0.6876022	0.454904	0.28561	0.21738	0.0421058	1.96967	1.525633
6966	-3947.775	-4209.799	262.0234	0.6876022	0.338578	0.366659	0.255794	0.0389688	1.952159	1.521976
6972	-3940.153	-4201.818	261.6647	0.6743461	0.190965	0.395515	0.296734	0.116787	1.857436	1.854521
6978	-3951.545	-4212.884	261.3391	0.8155102	0.427885	0.226315	0.248139	0.0976608	1.893715	1.949826
6984	-3952.775	-4214.333	261.5586	0.8155102	0.405859	0.115825	0.378864	0.0994517	1.811366	1.85676
6990	-3965.627	-4226.964	261.337	0.661944	0.305391	0.304245	0.356857	0.0335078	1.678962	2.199489
6996	-3947.495	-4208.358	260.8628	0.9597352	0.41955	0.163164	0.373702	0.0435839	1.687887	2.299055
7002	-3939.235	-4200.627	261.3918	0.7352406	0.286978	0.403258	0.286692	0.0230732	1.69247	2.104408
7008	-3941.792	-4203.617	261.8245	0.6731809	0.2947	0.397922	0.294406	0.0129722	1.789782	1.791873
7014	-3942.52	-4204.664	262.1448	0.455772	0.307277	0.414904	0.264294	0.0135258	1.823909	1.699899
7020	-3960.196	-4221.826	261.6309	0.8529174	0.410178	0.300257	0.275467	0.0140977	1.90477	1.714657
7026	-3948.77	-4210.774	262.0045	0.6623389	0.352291	0.257882	0.318186	0.071641	1.90477	1.590567
7032	-3945.334	-4207.41	262.0764	0.6296124	0.449738	0.292548	0.196608	0.0611057	1.889477	1.574505
7038	-3946.308	-4208.278	261.9702	0.5601543	0.300627	0.371824	0.249885	0.0776644	1.889354	1.703332
7044	-3946.177	-4208.16	261.9833	0.5974422	0.228799	0.435502	0.266161	0.0695374	1.835364	1.704752
7050	-3954.782	-4216.796	262.0145	0.6896367	0.331122	0.31959	0.274122	0.0751654	1.809315	1.631545
7056	-3948.784	-4210.604	261.8208	0.8351667	0.303752	0.402778	0.251464	0.042006	1.846158	1.634182
7062	-3949.186	-4211.675	262.4885	0.354771	0.352045	0.391392	0.21832	0.038243	1.909282	1.447591
7068	-3946.22	-4208.092	261.8717	0.6322733	0.296133	0.297897	0.36511	0.0408601	1.873795	1.73051
7074	-3947.318	-4209.241	261.9224	0.5809027	0.381602	0.36033	0.203224	0.0548441	1.775703	1.801231
7080	-3947.245	-4209.446	262.2007	0.4329109	0.356791	0.306051	0.259774	0.0773837	1.805959	1.687958
7086	-3949.927	-4212.035	262.1084	0.4292426	0.251974	0.509938	0.216355	0.0217335	1.901486	1.688078
7092	-3955.819	-4217.793	261.9745	0.3908285	0.213835	0.367324	0.401362	0.0174795	1.714418	1.932778
7098	-3952.624	-4214.084	261.4607	0.7637547	0.209435	0.376206	0.411067	0.00329171	1.810511	1.960504
7104	-3940.75	-4202.516	261.766	0.7002551	0.189273	0.43223	0.370768	0.00772894	1.803442	1.803121
7110	-3949.801	-4211.843	262.042	0.4232298	0.21668	0.482625	0.294325	0.00636933	1.839788	1.781806
7116	-3941.198	-4202.953	261.7556	0.656333	0.292575	0.33308	0.339169	0.0351755	1.776474	1.860802
7122	-3943.926	-4205.007	261.0805	0.6051394	0.287241	0.36981	0.243352	0.0995973	1.612981	2.443258
7128	-3950.791	-4211.543	260.7523	0.6790972	0.371597	0.226979	0.350291	0.0511324	1.65944	2.570441
7134	-3945.969	-4206.689	260.72	0.5555867	0.297008	0.483039	0.191936	0.028017	1.508937	2.762893
7140	-3943.841	-4204.777	260.936	0.6978633	0.349308	0.406673	0.225733	0.0182849	1.517696	2.531953
7146	-3956.09	-4216.826	260.7365	0.5192144	0.313325	0.221011	0.415677	0.0499868	1.649519	2.689438
7152	-3958.135	-4218.975	260.8401	0.6397802	0.3768	0.317854	0.2814	0.0239459	1.624434	2.563503
7158	-3974.92	-4235.526	260.6056	0.6597342	0.371341	0.313248	0.277322	0.0380888	1.622068	2.696723
7164	-3954.687	-4214.951	260.2636	0.8322754	0.499027	0.258089	0.228489	0.0143954	1.549203	2.838915
7170	-3963.347	-4224.273	260.9262	0.6747905	0.519434	0.179466	0.283254	0.0178457	1.600744	2.501519
7176	-3952.14	-4213.085	260.9444	0.7081226	0.309001	0.235986	0.438287	0.0167265	1.600744	2.46801
7182	-3945.536	-4206.287	260.7503	1.024331	0.39137	0.106921	0.380354	0.121355	1.693412	2.326
7188	-3954.276	-4215.197	260.921	0.684497	0.354481	0.20277	0.344504	0.0982454	1.629119	2.480622
7194	-3951.026	-4212.399	261.3725	0.64944	0.217591	0.441096	0.264281	0.0770322	1.679788	2.184531
7200	-3952.086	-4213.557	261.4715	0.7156328	0.201142	0.429087	0.298561	0.071209	1.750933	2.026971
7206	-3942.758	-4204.021	261.2631	0.7741016	0.213839	0.393051	0.317407	0.0757038	1.750933	2.123602
7212	-3939.71	-4201.418	261.7089	0.7827345	0.465068	0.285377	0.205015	0.0445402	1.894976	1.718246
7218	-3955.315	-4217	261.6853	0.9931361	0.34883	0.284538	0.322223	0.0444092	1.922787	1.559481
7224	-3956.723	-4218.501	261.7781	0.8945038	0.321965	0.239392	0.363619	0.0750241	1.922787	1.564828
7230	-3953.132	-4215.34	262.2075	0.6909947	0.259734	0.305581	0.349773	0.0849122	1.963282	1.369946
7236	-3945.934	-4208.134	262.1993	0.6562937	0.397102	0.347764	0.225408	0.0297261	2.02115	1.359749
7242	-3951.259	-4213.501	262.2423	0.6887239	0.424952	0.232072	0.204684	0.138292	2.082118	1.247566
7248	-3962.585	-4224.452	261.8668	0.8615931	0.503885	0.221159	0.242703	0.0322537	2.037905	1.437422
7254	-3955.858	-4218.07	262.2121	0.6289381	0.26317	0.378834	0.334976	0.0230198	1.879465	1.4816
7260	-3953.47	-4215.875	262.405	0.5733327	0.214778	0.51267	0.21141	0.0611425	2.041715	1.247022
7266	-3938.401	-4200.732	262.3315	0.5817623	0.220695	0.446438	0.184098	0.148768	2.053059	1.291066
7272	-3949.024	-4211.399	262.3753	0.5931949	0.502308	0.321472	0.132566	0.0436547	1.963522	1.318429
7278	-3943.497	-4205.622	262.1253	0.6972568	0.495593	0.360892	0.100444	0.0430712	1.903189	1.474586
7284	-3960.452	-4222.489	262.0372	0.6972568	0.1822	0.271195	0.426931	0.119674	1.935104	1.516829
7290	-3965.806	-4227.498	261.6923	0.6202808	0.306051	0.484427	0.167974	0.0415488	1.793959	1.917882
7296	-3968.225	-4229.805	261.5802	0.9053654	0.306792	0.485838	0.1522	0.0551704	1.812352	1.777016
7302	-3961.487	-4223.373	261.8859	0.8147747	0.53458	0.113633	0.265205	0.0865806	1.781499	1.649131
7308	-3956.735	-4218.844	262.1096	0.7862923	0.534719	0.113663	0.265274	0.0863435	1.875968	1.435671
7314	-3962.516	-4224.437	261.9204	0.7966312	0.232793	0.406341	0.270936	0.0899295	1.9528	1.51248
7320	-3954.127	-4215.922	261.7948	0.7611217	0.210805	0.471966	0.265013	0.0522154	1.893444	1.674564
7326	-3950.203	-4211.973	261.7701	0.8134952	0.220277	0.466302	0.261832	0.0515887	1.863126	1.674564
7332	-3958.079	-4219.732	261.6528	0.8734541	0.342829	0.275394	0.293306	0.0884705	1.804133	1.754995
7338	-3952.802	-4214.371	261.5695	0.981241	0.38963	0.200681	0.333347	0.0763416	1.853232	1.701764
7344	-3950.294	-4212.201	261.9064	0.7279466	0.351435	0.229845	0.38179	0.0369305	1.963716	1.568342
7350	-3951.716	-4211.411	259.695	1.247547	0.300441	0.116765	0.5148	0.0679937	1.572142	2.920804
7356	-3943.2	-4202.819	259.6186	0.9960909	0.329849	0.16347	0.449442	0.0572392	1.535063	3.134197
7362	-3943.18	-4203.642	260.4623	0.8328251	0.382722	0.0963922	0.489891	0.0309957	1.656489	2.65145
7368	-3941.487	-4202.298	260.8107	0.9686179	0.492806	0.108114	0.336506	0.0625733	1.667449	2.339556
7374	-3942.165	-4203.815	261.65	0.7589881	0.440334	0.152057	0.338945	0.0686631	1.77852	1.85729
7380	-3941.842	-4203.334	261.492	0.7589881	0.349654	0.326679	0.269144	0.0545229	1.809721	1.94339
7386	-3939.712	-4201.188	261.4758	0.8548974	0.352042	0.32891	0.306157	0.0128917	1.687684	1.968784
7392	-3957.617	-4218.977	261.3599	0.8084743	0.613112	0.197833	0.1813	0.00775412	1.710868	2.062649
7398	-3954.101	-4215.861	261.76	0.810093	0.438163	0.312008	0.241832	0.00799676	1.809096	1.722537
7404	-3965.205	-4226.926	261.7204	0.810093	0.497057	0.186951	0.308487	0.00750476	1.922762	1.670023
7410	-3945.829	-4207.662	261.8327	0.8001153	0.395452	0.320232	0.261866	0.0224508	1.889585	1.620641
7416	-3962.318	-4224.002	261.6846	0.8569624	0.320693	0.367585	0.304248	0.00747417	2.012446	1.595992
7422	-3946.445	-4208.176	261.7314	0.7570432	0.358371	0.296405	0.339993	0.00523191	1.92031	1.703503
7428	-3955.615	-4217.624	262.0092	0.6675092	0.41855	0.24395	0.319996	0.0175041	1.929288	1.565125
7434	-3969.455	-4231.419	261.9642	0.7546008	0.306526	0.428209	0.13136	0.133905	1.977897	1.494011
7440	-3968.985	-4231.239	262.2544	0.7450186	0.389267	0.325396	0.189544	0.0957928	1.992002	1.262916
7446	-3950.641	-4212.978	262.337	0.7332463	0.256067	0.51197	0.172377	0.0595861	2.101148	1.107626
7452	-3953.215	-4215.644	262.4293	0.621078	0.242661	0.278743	0.449921	0.0286758	2.145393	1.09125
7458	-3954.158	-4216.481	262.3226	0.7101153	0.366021	0.272544	0.265972	0.0954631	1.949249	1.272357
7464	-3964.093	-4226.241	262.1481	0.5968436	0.128234	0.606166	0.230371	0.0352298	1.987461	1.473891
7470	-3963.541	-4225.025	261.4846	0.7766447	0.544974	0.15352	0.274647	0.0268581	1.969767	1.826791
7476	-3951.008	-4212.319	261.3108	0.668896	0.406696	0.194046	0.272476	0.126781	1.790155	2.139479
7482	-3934.701	-4196.139	261.4376	0.5661847	0.21118	0.590301	0.135076	0.0634432	1.771393	2.139479
7488	-3938.434	-4199.902	261.4681	0.5355512	0.177356	0.495756	0.260316	0.0665719	1.690169	2.192997
7494	-3942.923	-4203.682	260.7586	0.6742337	0.397582	0.254389	0.327712	0.0203172	1.670384	2.562948
7500	-3932.661	-4193.539	260.8782	0.7918365	0.424779	0.336608	0.206316	0.032297	1.610438	2.448078
7506	-3936.496	-4197.911	261.4146	0.5948396	0.424779	0.336608	0.206316	0.032297	1.638713	2.221114
7512	-3945.472	-4206.957	261.4848	0.5692476	0.172936	0.520097	0.269662	0.037305	1.722416	2.138548
7518	-3948.178	-4209.855	261.6775	0.45146	0.168645	0.503512	0.260501	0.0673427	1.683717	2.114886
7524	-3950.158	-4212.001	261.8429	0.6169739	0.353221	0.355002	0.234142	0.0576353	1.780031	1.826961
7530	-3956.518	-4218.819	262.301	0.5172379	0.306812	0.268555	0.378997	0.0456367	2.042571	1.376968
7536	-3953.096	-4215.377	262.2804	0.6400341	0.36533	0.254765	0.359536	0.0203686	2.015286	1.313429
7542	-3953.408	-4215.749	262.3408	0.6991054	0.484848	0.194647	0.309872	0.0106329	2.017493	1.209736
7548	-3944.862	-4207.039	262.1772	0.7175518	0.362853	0.208183	0.419677	0.00928697	2.086069	1.272888
7554	-3954.696	-4216.879	262.1826	0.7742512	0.364371	0.21918	0.189502	0.226947	2.017453	1.275679
7560	-3960.622	-4222.382	261.76	0.903434	0.419481	0.167634	0.23931	0.173575	1.983017	1.526922
7566	-3956.188	-4218.223	262.0353	0.7622666	0.299107	0.491966	0.0992005	0.109726	2.09581	1.341713
7572	-3952.671	-4214.765	262.0937	0.8682741	0.433969	0.296379	0.184225	0.0854272	2.044799	1.24536
7578	-3936.969	-4199.024	262.0553	0.7856887	0.382326	0.302102	0.186304	0.129268	2.044799	1.346801
7584	-3941.789	-4203.987	262.198	0.6324279	0.345887	0.273309	0.246071	0.134733	2.03991	1.365959
7590	-3944.186	-4206.369	262.1827	0.7937683	0.396471	0.356129	0.229602	0.0177976	2.16697	1.130019
7596	-3941.844	-4204.285	262.4406	0.6429132	0.44188	0.240804	0.294489	0.0228273	2.127913	1.07564
7602	-3946.431	-4208.529	262.0976	0.8082024	0.277996	0.236399	0.445499	0.0401057	2.171497	1.18754
7608	-3946.99	-4208.952	261.9619	0.8082024	0.34734	0.218056	0.398711	0.0358936	2.212828	1.267239
7614	-3955.641	-4217.721	262.0796	0.8352157	0.439214	0.34849	0.190103	0.0221939	1.984687	1.334016
7620	-3953.281	-4215.31	262.0287	0.6944632	0.375283	0.167616	0.405211	0.0518891	2.089747	1.407985
7626	-3951.116	-4213.072	261.9554	0.8108479	0.25855	0.16709	0.496243	0.0781175	2.018829	1.424624
7632	-3952.195	-4213.707	261.512	1.013765	0.440468	0.236587	0.213188	0.109756	1.943272	1.655417
7638	-3962.831	-4224.748	261.9168	0.9632673	0.447341	0.216457	0.235785	0.100417	2.114064	1.254144
7644	-3967.313	-4229.087	261.7745	1.13002	0.44238	0.252879	0.208005	0.0967359	2.090098	1.255536
7650	-3965.852	-4228.095	262.2436	0.8379322	0.437578	0.16078	0.367961	0.033681	2.035661	1.151605
7656	-3954.078	-4216.246	262.168	0.6973788	0.481016	0.283156	0.21144	0.0243883	2.053393	1.324333
7662	-3963.186	-4224.582	261.3958	1.078752	0.471805	0.222171	0.195222	0.110802	1.777073	1.808855
7668	-3954.44	-4216.378	261.9384	0.6053875	0.38184	0.352038	0.229536	0.0365856	1.819472	1.741706
7674	-3950.939	-4212.571	261.6329	0.8054164	0.371044	0.296892	0.166542	0.165522	1.863454	1.776882
7680	-3953.548	-4215.567	262.019	0.7249437	0.534906	0.242937	0.134717	0.0874402	1.95381	1.49446
7686	-3953.869	-4215.892	262.0236	0.6006894	0.336587	0.340012	0.196111	0.12729	1.915158	1.616417
7692	-3952.041	-4213.049	261.0084	1.574258	0.594148	0.0703764	0.182105	0.153371	1.915158	1.667651
7698	-3953.683	-4214.393	260.7103	1.291597	0.518075	0.0597873	0.229147	0.19299	1.793161	2.122721
7704	-3957.505	-4219.234	261.7291	0.7411624	0.1809	0.577297	0.194507	0.0472969	1.947318	1.697885
7710	-3952.926	-4214.847	261.9204	0.569962	0.173657	0.59422	0.18672	0.0454033	1.853199	1.756686
7716	-3960.827	-4222.96	262.1333	0.6090631	0.130274	0.54782	0.292721	0.0291846	1.954818	1.49993
7722	-3963.272	-4224.591	261.3192	1.271436	0.553094	0.073237	0.202552	0.171118	1.897971	1.648862
7728	-3968.908	-4230.645	261.7375	1.068923	0.50995	0.0675241	0.273059	0.149467	1.91598	1.469469
7734	-3962.581	-4224.443	261.8619	1.068923	0.514949	0.0527523	0.372539	0.0597593	2.009898	1.298459
7740	-3959.67	-4221.551	261.8803	0.7166314	0.324278	0.32099	0.209555	0.145176	1.983716	1.581634
7746	-3964.624	-4226.713	262.089	0.7166314	0.372027	0.277734	0.224627	0.125612	2.028133	1.390767
7752	-3968.156	-4230.265	262.1089	0.6535526	0.393424	0.258146	0.268849	0.0795819	2.028133	1.427133
7758	-3956.708	-4218.59	261.8817	0.7662345	0.323107	0.337822	0.261009	0.0780613	2.028133	1.508995
7764	-3947.602	-4209.535	261.9335	0.7396256	0.167353	0.415184	0.336793	0.0806706	2.02625	1.492627
7770	-3951.845	-4213.973	262.1274	0.5592075	0.334049	0.442417	0.219294	0.00423997	1.959606	1.539559
7776	-3959.722	-4221.627	261.9043	0.9670478	0.266236	0.333422	0.393011	0.0073305	2.030199	1.329652
7782	-3957.995	-4219.7	261.705	1.000261	0.483322	0.131782	0.357483	0.0274131	2.026888	1.46156
7788	-3952.18	-4214.103	261.9231	0.894502	0.578678	0.086775	0.280961	0.0535858	2.03491	1.369645
7794	-3962.327	-4224.547	262.2198	0.7359302	0.487149	0.273815	0.171095	0.0679408	2.049476	1.251831
7800	-3946.91	-4208.79	261.8806	0.7690691	0.386967	0.217505	0.306264	0.0892632	1.979495	1.54377
7806	-3947.472	-4209.151	261.6787	0.9307663	0.42078	0.211251	0.278581	0.0893877	1.944237	1.594709
7812	-3953.462	-4214.962	261.4997	0.930789	0.43922	0.215112	0.283671	0.0619964	1.91271	1.744988
7818	-3945.576	-4207.267	261.691	0.9412499	0.423554	0.325874	0.167741	0.0828311	1.91271	1.600978
7824	-3947.938	-4209.425	261.4865	0.8294744	0.390192	0.329091	0.241063	0.0396534	1.88327	1.846907
7830	-3958.929	-4220.73	261.8017	0.7316072	0.328883	0.337477	0.284196	0.0494439	1.846181	1.725196
7836	-3968.001	-4229.245	261.244	1.110202	0.493823	0.169112	0.277366	0.0596987	1.884427	1.818403
7842	-3963.399	-4224.977	261.5777	0.8142103	0.336829	0.208472	0.407955	0.0467436	1.788406	1.860315
7848	-3965.27	-4227.111	261.8409	0.6094853	0.285814	0.362251	0.346167	0.00576711	1.708513	1.882736
7854	-3954.077	-4215.148	261.0713	0.7835577	0.344743	0.141448	0.41754	0.0962689	1.73358	2.252685
7860	-3956.366	-4217.98	261.6143	0.9079631	0.325925	0.227009	0.385964	0.0611019	1.899758	1.68974
7866	-3954.9	-4216.713	261.8132	0.7474242	0.375124	0.334482	0.225402	0.0649918	1.87555	1.684484
7872	-3951.433	-4213.375	261.9428	0.8654951	0.397911	0.319566	0.239094	0.0434296	1.98384	1.417491
7878	-3943.483	-4205.231	261.7478	1.063214	0.488145	0.126812	0.265696	0.119347	2.045504	1.365821
7884	-3959.112	-4221.24	262.1275	0.7245555	0.420336	0.298295	0.204202	0.0771666	2.096263	1.299218
7890	-3952.47	-4214.615	262.1444	0.6844558	0.380858	0.206975	0.342248	0.0699192	2.113761	1.305743
7896	-3959.3	-4221.45	262.1502	0.7096015	0.251018	0.354544	0.357649	0.0367881	2.08701	1.301096
7902	-3964.812	-4226.393	261.5806	0.938679	0.351125	0.403915	0.164029	0.0809314	1.961618	1.647301
7908	-3963.323	-4225	261.6775	0.8757582	0.372001	0.398343	0.145997	0.083659	1.929168	1.647301
7914	-3961.165	-4222.511	261.3459	0.9691998	0.423648	0.290809	0.21497	0.0705719	1.69362	1.973512
7920	-3950.465	-4211.486	261.0209	1.080631	0.336836	0.178792	0.324101	0.16027	1.837639	2.020457
7926	-3966.643	-4227.905	261.2616	1.157469	0.404758	0.102531	0.317083	0.175627	1.896188	1.766495
7932	-3953.169	-4214.735	261.5654	0.9421737	0.463897	0.163967	0.270978	0.101158	1.884151	1.710706
7938	-3939.802	-4201.188	261.3858	1.000671	0.362532	0.167057	0.35898	0.11143	1.884151	1.795128
7944	-3948.017	-4209.412	261.3947	0.7982274	0.399345	0.160738	0.395432	0.0444845	1.788755	1.994938
7950	-3948.063	-4208.346	260.2833	1.389586	0.567411	0.078293	0.28283	0.0714662	1.668783	2.419526
7956	-3943.202	-4204.211	261.0088	1.159044	0.566288	0.107321	0.25426	0.0721318	1.706837	2.064862
7962	-3943.075	-4204.271	261.1957	0.9003501	0.441694	0.154382	0.347663	0.0562614	1.67325	2.132567
7968	-3947.287	-4208.313	261.0263	0.8766763	0.373171	0.305149	0.305528	0.0161514	1.739176	2.215576
7974	-3967.819	-4230.062	262.243	0.6950628	0.383827	0.344919	0.186837	0.084417	1.892392	1.394327
7980	-3953.145	-4215.305	262.1601	0.7891816	0.351441	0.418857	0.12719	0.102513	1.994621	1.299935
7986	-3965.828	-4227.874	262.046	0.8619321	0.337672	0.251914	0.181689	0.228724	1.987361	1.336548
7992	-3958.165	-4219.76	261.5951	1.1177	0.239021	0.426556	0.240688	0.0937347	1.855359	1.585107
7998	-3965.361	-4227.297	261.9367	0.9002331	0.224124	0.20064	0.569939	0.00529689	1.779675	1.549129
8004	-3955.333	-4217.371	262.0383	0.5423732	0.471934	0.362416	0.162096	0.00355445	1.866633	1.68418
8010	-3945.729	-4207.79	262.0611	0.7068782	0.345156	0.313711	0.262721	0.0784127	1.866633	1.542349
8016	-3952.699	-4214.461	261.7612	0.8416383	0.356085	0.338408	0.27104	0.0344681	1.857271	1.664121
8022	-3948.249	-4210.359	262.1101	0.7188388	0.368109	0.32964	0.256791	0.0454602	1.831761	1.522467
8028	-3955.965	-4217.925	261.9608	0.7433407	0.368109	0.32964	0.256791	0.0454602	1.849222	1.600391
8034	-3956.001	-4217.85	261.8491	0.8347302	0.364531	0.329969	0.257047	0.0484527	1.864965	1.600391
8040	-3960.534	-4222.746	262.2122	0.7501566	0.281859	0.429178	0.175801	0.113162	1.948429	1.328334
8046	-3965.218	-4227.186	261.968	0.642978	0.25817	0.435652	0.179538	0.126639	1.85594	1.666909
8052	-3961.832	-4223.725	261.8927	0.7601098	0.493773	0.229886	0.206705	0.0696368	1.771503	1.692423
8058	-3960.063	-4221.731	261.6682	0.9210715	0.515194	0.100273	0.215672	0.168861	1.864301	1.667073
8064	-3968.198	-4230.361	262.163	0.7349837	0.553405	0.150099	0.207581	0.0889142	1.904097	1.414514
8070	-3969.064	-4230.975	261.9107	0.8470162	0.403107	0.235112	0.321047	0.0407337	1.953455	1.479815
8076	-3962.38	-4224.322	261.9418	0.7287882	0.393679	0.249002	0.319347	0.0379724	2.082707	1.452233
8082	-3964.168	-4225.516	261.3473	0.9642804	0.375322	0.273642	0.226267	0.124768	1.80625	1.89998
8088	-3953.702	-4215.142	261.4402	0.9939278	0.542443	0.0741095	0.304713	0.0787348	1.832826	1.797664
8094	-3964.995	-4227	262.0051	0.7536054	0.29342	0.402455	0.233413	0.0707118	2.122207	1.352001
8100	-3945.24	-4207.428	262.1883	0.5647044	0.179827	0.575938	0.17817	0.0660645	1.949508	1.497422
8106	-3934.862	-4196.474	261.6115	1.103629	0.438043	0.360499	0.124706	0.0767518	1.87985	1.565191
8112	-3946.217	-4207.268	261.0511	1.240582	0.537324	0.269563	0.123832	0.0692813	1.740395	1.963261
8118	-3955.347	-4216.516	261.1696	1.068901	0.525392	0.264818	0.141728	0.0680618	1.78607	1.963261
8124	-3954.343	-4215.639	261.2953	1.134919	0.52855	0.103952	0.260166	0.107331	1.789245	1.832194
8130	-3953.36	-4214.755	261.3945	1.056392	0.494807	0.170302	0.283385	0.0515059	1.793201	1.813788
8136	-3954.291	-4215.237	260.9458	1.27833	0.61081	0.0243208	0.344195	0.0206735	1.780892	1.983225
8142	-3951.577	-4212.562	260.9856	1.087216	0.592146	0.0235777	0.333678	0.0505983	1.793175	2.068964
8148	-3954.418	-4215.646	261.2282	1.276109	0.458494	0.018256	0.466999	0.0562513	1.834997	1.754793
8154	-3953.012	-4214.159	261.1468	1.172956	0.664962	0.0218921	0.231563	0.0815823	1.819808	1.887972
8160	-3956.689	-4218.216	261.527	0.9492595	0.510604	0.0200756	0.31537	0.153951	1.943778	1.690572
8166	-3970.974	-4232.153	261.1791	1.702961	0.499782	0.00740268	0.380437	0.112378	1.943778	1.441918
8172	-3954.944	-4216.631	261.6871	0.9955267	0.575419	0.00969018	0.406119	0.00877174	1.997243	1.501045
8178	-3955.516	-4217.597	262.0819	0.694448	0.311443	0.385464	0.299009	0.00408394	2.051723	1.396237
8184	-3954.227	-4216.127	261.8996	0.7601123	0.455564	0.253837	0.279843	0.0107562	1.901136	1.594219
8190	-3957.984	-4219.75	261.7654	0.6385386	0.29081	0.210665	0.302883	0.195642	1.824616	1.833951
8196	-3976.322	-4237.897	261.5751	0.9532729	0.382888	0.175638	0.251534	0.18994	1.725027	1.807231
8202	-3963.721	-4225.142	261.4208	0.9532729	0.35373	0.290121	0.229907	0.126242	1.839152	1.834932
8208	-3953.622	-4214.921	261.2989	0.988914	0.493599	0.260068	0.206091	0.0402419	1.790831	1.926389
8214	-3954.96	-4216.58	261.6202	1.028753	0.345434	0.423067	0.197568	0.0339313	1.851542	1.632912
8220	-3955.753	-4217.344	261.591	0.9671691	0.370133	0.379298	0.211695	0.0388739	1.855866	1.694699
8226	-3952.057	-4213.393	261.3357	0.9959177	0.317678	0.211261	0.352075	0.118986	1.857606	1.851192
8232	-3957.892	-4218.027	260.1357	1.095123	0.503343	0.23495	0.173512	0.0881953	1.585485	2.733128
8238	-3954.27	-4214.92	260.6507	0.8180926	0.282753	0.315605	0.317131	0.0845105	1.580544	2.591465
8244	-3951.19	-4212.121	260.9309	0.7963905	0.411977	0.33477	0.144789	0.108464	1.600786	2.417988
8250	-3958.951	-4219.607	260.6558	0.9279335	0.342373	0.3218	0.231565	0.104262	1.637589	2.482133
8256	-3969.154	-4230.221	261.0668	0.8518679	0.365317	0.343366	0.204953	0.0863646	1.689439	2.238089
8262	-3954.843	-4216.439	261.5958	0.8971751	0.370762	0.334154	0.225604	0.0694802	1.854466	1.742593
8268	-3959.7	-4221.451	261.7515	0.7913343	0.276718	0.388899	0.230226	0.104157	1.837386	1.722417
8274	-3956.449	-4218.65	262.2004	0.8055424	0.395154	0.256703	0.244121	0.104023	2.132427	1.133981
8280	-3950.783	-4212.961	262.1783	0.7692231	0.401219	0.260643	0.232519	0.105619	2.210789	1.117727
8286	-3942.495	-4204.727	262.2321	0.7692231	0.427826	0.277927	0.247939	0.0463081	2.296863	0.9841006
8292	-3956.696	-4219.08	262.3837	0.8024	0.537145	0.245122	0.159309	0.0584234	2.277326	0.7922608
8298	-3943.246	-4205.575	262.3286	0.6393565	0.309318	0.360955	0.234591	0.0951357	2.215834	1.101384
8304	-3947.902	-4210.08	262.1784	0.6523639	0.358115	0.417897	0.132032	0.0919553	2.050321	1.356532
8310	-3952.566	-4215.06	262.4948	0.5320027	0.352606	0.32314	0.202046	0.122208	2.263892	1.003911
8316	-3946.663	-4208.928	262.2651	0.8171759	0.421009	0.314645	0.213249	0.0510978	2.148393	1.04835
8322	-3938.183	-4200.438	262.2552	0.8185033	0.333102	0.349454	0.261775	0.0556702	2.156824	1.04835
8328	-3943.798	-4206.208	262.4098	0.6528981	0.25142	0.436278	0.257534	0.0547683	2.147568	1.076185
8334	-3962.48	-4224.685	262.2052	0.8097656	0.347441	0.220984	0.35589	0.0756851	2.112566	1.143528
8340	-3966.897	-4228.791	261.8945	0.7891323	0.338867	0.319217	0.266839	0.075077	1.818655	1.635584
8346	-3971.375	-4233.275	261.9007	0.7891323	0.178166	0.612487	0.140296	0.0690506	1.931949	1.548432
8352	-3964.298	-4225.64	261.3418	0.8717651	0.335789	0.341399	0.194652	0.12816	1.814043	1.962238
8358	-3968.885	-4230.198	261.3135	0.5484077	0.193242	0.481716	0.26403	0.0610113	1.688166	2.285294
8364	-3965.132	-4226.566	261.4339	0.8713336	0.255538	0.222974	0.432792	0.0886957	1.728273	1.958304
8370	-3972.956	-4234.215	261.2595	0.948831	0.255538	0.222974	0.432792	0.0886957	1.728273	2.021792
8376	-3956.819	-4217.687	260.8678	1.027781	0.561848	0.128513	0.219983	0.0896553	1.752496	2.21051
8382	-3956.747	-4217.445	260.6987	0.9647291	0.434312	0.175824	0.326394	0.0634705	1.646453	2.426206
8388	-3951.848	-4212.644	260.7964	0.9087743	0.429258	0.189873	0.352474	0.0283953	1.659382	2.392339
8394	-3950.935	-4211.869	260.9342	0.8305712	0.429258	0.189873	0.352474	0.0283953	1.638078	2.36976
8400	-3947.68	-4208.69	261.0104	0.7218108	0.388689	0.169911	0.365913	0.0754871	1.676143	2.36976
8406	-3947.136	-4208.113	260.9772	0.689003	0.405636	0.239357	0.294295	0.0607125	1.827601	2.316676
8412	-3968.629	-4228.659	260.0296	0.7027724	0.163224	0.499134	0.304576	0.0330653	1.603209	3.029548
8418	-3956.22	-4216.786	260.5657	0.6468581	0.22279	0.548166	0.185913	0.0431311	1.56578	2.763908
8424	-3945.073	-4205.447	260.3739	0.7499231	0.295094	0.38266	0.293953	0.0282933	1.648518	2.763908
8430	-3944.067	-4205.164	261.0968	0.7191885	0.274032	0.16972	0.529599	0.0266485	1.624879	2.349273
8436	-3955.49	-4216.8	261.3102	0.6743503	0.337995	0.209335	0.431207	0.0214628	1.744475	2.165856
8442	-3951.282	-4212.791	261.5084	0.6486619	0.289162	0.270195	0.395463	0.0451801	1.753391	2.047903
8448	-3943.716	-4205.331	261.6146	0.6810882	0.363998	0.232717	0.393559	0.00972568	1.770915	1.942446
8454	-3951.98	-4213.327	261.3474	0.9392103	0.398903	0.270596	0.303973	0.0265282	1.768709	1.942446
8460	-3954.909	-4216.436	261.5271	0.8019536	0.430596	0.267249	0.276073	0.0260822	1.791798	1.901212
8466	-3962.737	-4224.104	261.3676	1.003608	0.576776	0.10315	0.307179	0.0128945	1.75038	1.897312
8472	-3954.223	-4215.777	261.554	0.6645854	0.468892	0.214059	0.306566	0.0104827	1.75038	2.008455
8478	-3965.599	-4227.158	261.559	0.9784881	0.363208	0.226461	0.311931	0.0983993	1.834229	1.724556
8484	-3961.617	-4223.444	261.8262	0.7079655	0.306517	0.25837	0.355883	0.07923	1.834229	1.734001
8490	-3952.565	-4214.617	262.052	0.687631	0.12869	0.315398	0.454685	0.101226	1.992081	1.470495
8496	-3954.241	-4216.591	262.3499	0.687631	0.103205	0.462214	0.355448	0.0791332	1.99741	1.229361
8502	-3944.457	-4206.858	262.4014	0.6027029	0.287172	0.364342	0.280184	0.0683025	2.063392	1.205768
8508	-3952.093	-4214.449	262.3557	0.6027029	0.419444	0.334489	0.183361	0.062706	2.151539	1.169156
8514	-3942.626	-4204.797	262.1714	0.7741655	0.402011	0.284186	0.2542	0.059603	2.056795	1.252464
8520	-3963.124	-4225.428	262.3036	0.6712308	0.325255	0.309301	0.289285	0.0761596	2.062922	1.227822
8526	-3951.751	-4213.741	261.9893	0.7562789	0.279894	0.417593	0.211186	0.0913279	1.959558	1.487598
8532	-3951.322	-4213.094	261.7718	0.7458186	0.340946	0.431397	0.195394	0.0322631	1.708576	1.831295
8538	-3948.251	-4209.95	261.6991	0.698214	0.403141	0.215119	0.327641	0.0540997	1.696813	1.923193
8544	-3950.569	-4211.605	261.0355	1.213793	0.580716	0.081613	0.2577	0.0799703	1.703134	2.015303
8550	-3950.435	-4211.644	261.2087	1.085928	0.592461	0.0599138	0.266038	0.0815877	1.756227	1.945865
8556	-3952.974	-4214.378	261.4042	0.8554435	0.397253	0.261502	0.294573	0.0466722	1.651152	2.040466
8562	-3945.794	-4207.255	261.461	0.8698473	0.441061	0.285859	0.197664	0.0754159	1.773421	1.910624
8568	-3952.208	-4213.689	261.481	0.8640078	0.363191	0.23539	0.177883	0.223535	1.758097	1.91151
8574	-3941.837	-4203.613	261.7761	0.6890918	0.38643	0.346124	0.189265	0.07818	1.691677	1.880992
8580	-3945.879	-4207.757	261.8778	0.7266384	0.229593	0.358737	0.241546	0.170125	1.87172	1.656799
8586	-3955.205	-4217.272	262.0668	0.7703652	0.407339	0.305038	0.131699	0.155925	1.857201	1.49515
8592	-3958.403	-4220.122	261.7191	0.8469423	0.379927	0.321095	0.25552	0.0434588	1.807907	1.725125
8598	-3951.031	-4212.725	261.6934	0.7131492	0.526387	0.251349	0.162052	0.060212	1.809085	1.839847
8604	-3962.027	-4223.823	261.7955	0.8380223	0.448736	0.317355	0.170542	0.0633668	1.957049	1.569801
8610	-3953.089	-4214.772	261.6835	0.9886405	0.510236	0.187107	0.12467	0.177987	1.943896	1.548557
8616	-3945.948	-4207.841	261.8924	0.8274616	0.393281	0.315945	0.177011	0.113763	2.019035	1.45942
8622	-3947.002	-4208.464	261.4619	1.386047	0.592327	0.104657	0.269304	0.0337118	1.886105	1.47605
8628	-3955.601	-4217.062	261.4619	1.386047	0.620364	0.0869588	0.254914	0.0377635	1.886105	1.47605
8634	-3954.481	-4216.155	261.6736	1.121897	0.571849	0.0591672	0.239098	0.129886	1.926978	1.470485
8640	-3958.853	-4221.366	262.5129	0.5783435	0.279237	0.25206	0.33014	0.138562	2.153103	1.047679
8646	-3955.617	-4218.115	262.4977	0.6021433	0.317369	0.432592	0.183063	0.0669751	2.288077	0.8985651
8652	-3957.999	-4220.291	262.2916	0.7714509	0.308567	0.306623	0.295742	0.0890689	2.316605	0.897009
8658	-3958.113	-4220.48	262.3669	0.6406312	0.269795	0.395786	0.218754	0.115665	2.36246	0.9161919
8664	-3964.705	-4226.331	261.626	0.924022	0.332586	0.206215	0.30113	0.160068	1.883367	1.681392
8670	-3952.669	-4215.11	262.4408	0.652967	0.312246	0.322195	0.286053	0.0795068	2.405711	0.7529586
8676	-3962.808	-4225.205	262.3974	0.6861055	0.365306	0.358969	0.197042	0.0786838	2.430733	0.727202
8682	-3960.638	-4221.924	261.2859	1.125375	0.598915	0.164277	0.114391	0.122417	1.815679	1.826785
8688	-3960.665	-4221.784	261.1194	1.144028	0.659908	0.0691596	0.203355	0.0675783	1.773783	1.956241
8694	-3930.057	-4192.597	262.5401	0.5901802	0.368426	0.307417	0.244141	0.0800161	2.344874	0.7923225
8700	-3940.857	-4203.144	262.2869	0.7862963	0.404418	0.32996	0.179739	0.0858838	2.320598	0.8799537
8706	-3957.942	-4220.312	262.3704	0.7446665	0.413246	0.22698	0.325989	0.0337845	2.156753	1.011912
8712	-3940.442	-4202.869	262.4271	0.5965055	0.360321	0.266232	0.34399	0.0294576	2.156753	1.106613
8718	-3932.729	-4194.92	262.1911	0.7036078	0.3613	0.276597	0.317899	0.0442037	2.044647	1.307479
8724	-3952.362	-4214.711	262.349	0.6825507	0.298994	0.506675	0.169171	0.0251603	2.173619	1.079314
8730	-3944.47	-4206.904	262.4337	0.5902256	0.301776	0.343794	0.343764	0.0106659	2.001848	1.241626
8736	-3952.053	-4214.324	262.2715	0.8011279	0.297018	0.20297	0.487181	0.0128303	2.022412	1.172467
8742	-3971.591	-4232.502	260.9109	0.7475633	0.426318	0.287336	0.226726	0.0596196	1.69398	2.404213
8748	-3971.23	-4232.202	260.972	0.7326167	0.491353	0.227732	0.2122	0.0687147	1.6487	2.404213
8754	-3952.905	-4214.137	261.2318	0.7866826	0.427338	0.261309	0.189281	0.122072	1.625417	2.216873
8760	-3951.298	-4212.402	261.1043	0.5827084	0.438047	0.375608	0.163995	0.0223508	1.653904	2.417328
8766	-3950.874	-4212.225	261.3505	0.6747016	0.457426	0.392225	0.123932	0.0264168	1.680438	2.180999
8772	-3943.772	-4205.175	261.4028	0.8459675	0.360985	0.276452	0.190892	0.171671	1.813834	1.939301
8778	-3951.524	-4212.992	261.4682	0.9820284	0.472278	0.0804902	0.243	0.204231	1.774517	1.826849
8784	-3961.331	-4222.012	260.6814	1.3549	0.451753	0.076992	0.275901	0.195355	1.760847	2.125125
8790	-3956.346	-4216.919	260.5726	0.9387986	0.532549	0.102817	0.134339	0.230294	1.644783	2.522768
8796	-3949.629	-4209.686	260.0579	1.190418	0.471452	0.175236	0.234382	0.118929	1.599914	2.715925
8802	-3942.873	-4203.183	260.3091	1.362879	0.459854	0.195527	0.228616	0.116004	1.623719	2.446714
8808	-3953.726	-4214.732	261.0066	0.9162713	0.574798	0.103118	0.282913	0.0391707	1.629746	2.27252
8814	-3950.596	-4211.84	261.2438	0.9348889	0.482618	0.144979	0.300611	0.0717916	1.733189	2.038342
8820	-3942.291	-4203.544	261.2531	0.8959348	0.355647	0.148063	0.448934	0.047357	1.733189	2.058514
8826	-3955.353	-4216.889	261.5364	0.6130025	0.300408	0.353419	0.306171	0.0400016	1.720706	2.07586
8832	-3942.754	-4203.962	261.2084	0.8388492	0.483825	0.202618	0.274398	0.0391586	1.719228	2.135766
8838	-3941.418	-4203.056	261.638	0.7590155	0.337015	0.260246	0.352443	0.0502961	1.86683	1.804791
8844	-3945.406	-4207.377	261.9714	0.671282	0.160887	0.571873	0.20416	0.0630807	1.850427	1.646934
8850	-3953.966	-4215.966	262	0.5985467	0.329628	0.424384	0.160799	0.0851888	1.898628	1.646934
8856	-3956.707	-4218.651	261.9436	0.6928085	0.216701	0.278994	0.409592	0.0947139	1.938866	1.586582
8862	-3965.549	-4227.569	262.0206	0.7223879	0.243799	0.181928	0.466418	0.107855	1.938866	1.506498
8868	-3947.858	-4209.908	262.0493	0.6952735	0.237552	0.235464	0.373189	0.153795	1.938866	1.506548
8874	-3942.523	-4204.434	261.9107	0.8690805	0.519518	0.238045	0.171685	0.070753	1.938866	1.473544
8880	-3938.298	-4200.062	261.7638	0.8874065	0.434502	0.149047	0.362145	0.0543058	1.977096	1.540752
8886	-3939.118	-4201.206	262.0887	0.8040786	0.361793	0.293092	0.300112	0.0450035	2.092249	1.265594
8892	-3956.969	-4219.06	262.0915	0.7713099	0.51122	0.238489	0.191646	0.0586455	2.076208	1.304662
8898	-3953.054	-4215.273	262.2191	0.8399152	0.46283	0.31057	0.173506	0.0530944	2.030489	1.175804
8904	-3961.619	-4223.755	262.1359	0.8399152	0.320934	0.407144	0.183297	0.0886258	2.170537	1.125526
8910	-3952.4	-4214.508	262.1077	0.8416951	0.391069	0.277584	0.223354	0.107994	2.094044	1.215311
8916	-3941.493	-4203.389	261.8966	0.7137319	0.331825	0.284328	0.303717	0.08013	1.995391	1.563366
8922	-3943.253	-4205.199	261.9461	0.7258884	0.382125	0.2159	0.349757	0.0522176	2.000566	1.513284
8928	-3934.643	-4196.576	261.9332	0.8057932	0.389457	0.223547	0.356468	0.0305276	1.973613	1.480089
8934	-3946.91	-4208.374	261.4642	0.8807997	0.528788	0.173982	0.270971	0.0262592	1.827404	1.864003
8940	-3939.364	-4200.705	261.3412	0.6603957	0.379193	0.284111	0.3045	0.0321969	1.74925	2.15217
8946	-3939.655	-4201.235	261.5802	0.7857162	0.292843	0.225387	0.454146	0.0276234	1.759307	1.898812
8952	-3942.413	-4204.091	261.6785	0.7857162	0.442725	0.340743	0.149113	0.067419	1.732589	1.849987
8958	-3938.53	-4199.928	261.3982	0.5269607	0.346677	0.411542	0.180095	0.0616865	1.634565	2.279453
8964	-3951.078	-4212.246	261.168	0.5843115	0.264765	0.368601	0.273094	0.0935409	1.564021	2.432756
8970	-3958.93	-4219.709	260.7793	0.8477112	0.417036	0.186582	0.23222	0.164162	1.539164	2.518087
8976	-3958.755	-4219.999	261.2437	0.8092275	0.351589	0.354394	0.172249	0.121768	1.674222	2.162218
8982	-3959.645	-4221.132	261.4867	0.7106734	0.284231	0.474354	0.187867	0.0535488	1.793343	1.99214
8988	-3944.007	-4205.21	261.2027	0.6064208	0.263401	0.439592	0.247382	0.0496246	1.797698	2.247368
8994	-3955.231	-4216.28	261.0491	0.7490474	0.401046	0.206002	0.348867	0.0440853	1.744472	2.283274
9000	-3969.519	-4230.67	261.1506	1.152201	0.368658	0.250119	0.343995	0.0372279	1.833882	1.889276
9006	-3959.644	-4221.656	262.0127	0.5596969	0.287361	0.380669	0.299791	0.0321781	1.914882	1.655295
9012	-3956.611	-4218.516	261.9057	0.6634172	0.28709	0.380311	0.299509	0.0330903	1.93759	1.637553
9018	-3940.949	-4202.979	262.0303	0.8335835	0.25379	0.336197	0.298257	0.111756	2.0139	1.35136
9024	-3949.61	-4211.675	262.0651	0.7875611	0.21117	0.304712	0.383425	0.100693	2.027256	1.35136
9030	-3946.994	-4209.136	262.1419	0.7010135	0.231771	0.33617	0.361952	0.0701069	2.032868	1.358476
9036	-3944.849	-4207.11	262.2613	0.6575648	0.241091	0.349688	0.308131	0.101089	2.009686	1.318406
9042	-3944.658	-4206.756	262.098	0.7165225	0.341078	0.216508	0.378935	0.0634789	2.085572	1.338374
9048	-3945.014	-4207.446	262.4324	0.5754675	0.3184	0.344829	0.311916	0.0248556	2.040623	1.223055
9054	-3946.952	-4208.996	262.044	0.7267301	0.29249	0.378253	0.315828	0.0134292	2.097518	1.363238
9060	-3943.096	-4205.161	262.0648	0.7267301	0.286954	0.371094	0.270197	0.0717551	2.086567	1.355445
9066	-3953.514	-4215.701	262.1871	0.6413788	0.242035	0.337264	0.332421	0.0882797	2.10648	1.313972
9072	-3954.293	-4216.489	262.196	0.6413788	0.175883	0.491268	0.268698	0.0641513	2.097615	1.313972
9078	-3942.141	-4204.408	262.2667	0.6171525	0.246169	0.454294	0.2716	0.0279372	2.052421	1.313972
9084	-3946.716	-4209.045	262.3289	0.6171525	0.218582	0.403384	0.241163	0.13687	1.993433	1.311421
9090	-3965.952	-4227.675	261.7229	0.7794799	0.305203	0.454284	0.0646451	0.175868	1.967359	1.659307
9096	-3968.224	-4230.324	262.1003	0.6882079	0.44102	0.25187	0.106841	0.200269	1.894771	1.506961
9102	-3962.523	-4224.057	261.5344	0.950538	0.435366	0.248641	0.118292	0.197701	1.894771	1.719156
9108	-3940.002	-4202.246	262.2441	0.6676952	0.240211	0.4946	0.155697	0.109491	2.013542	1.32052
9114	-3941.941	-4204.148	262.2076	0.7129274	0.258172	0.456811	0.167339	0.117678	2.002085	1.32052
9120	-3935.261	-4197.237	261.9762	0.7681539	0.301508	0.341629	0.248298	0.108566	2.008199	1.451193
9126	-3949.825	-4211.719	261.8941	0.7681539	0.306694	0.405339	0.177533	0.110433	2.090308	1.451193
9132	-3963.924	-4226.264	262.3402	0.6545987	0.41363	0.166607	0.339289	0.0804736	2.000186	1.264331
9138	-3958.522	-4220.563	262.0409	0.8277093	0.368147	0.309849	0.231403	0.0906008	2.116903	1.264331
9144	-3971.812	-4233.812	262.0006	0.8277093	0.348096	0.162786	0.208674	0.280443	1.995883	1.393707
9150	-3948.741	-4210.198	261.4563	0.8277093	0.273249	0.217355	0.338325	0.171071	1.778345	1.940015
9156	-3944.235	-4205.779	261.5444	0.8461826	0.38911	0.316159	0.194471	0.100261	1.808544	1.846577
9162	-3933.742	-4195.652	261.9101	0.9354212	0.39215	0.296886	0.2265	0.0844632	2.057884	1.328501
9168	-3948.794	-4210.644	261.8503	0.8456993	0.232901	0.377804	0.288234	0.101061	2.00884	1.484649
9174	-3949.448	-4211.467	262.0188	0.6320744	0.272653	0.44229	0.239473	0.0455838	2.02052	1.518324
9180	-3944.617	-4206.039	261.4219	0.8554912	0.404647	0.362027	0.196015	0.0373116	1.847078	1.897238
9186	-3943.741	-4205.469	261.7282	0.7716191	0.280378	0.343408	0.279334	0.0968811	1.78149	1.792261
9192	-3945.591	-4207.323	261.7317	0.8348287	0.305525	0.254391	0.389006	0.0510784	1.811989	1.722239
9198	-3950.713	-4212.15	261.4378	0.6206342	0.418763	0.280409	0.282995	0.0178333	1.686461	2.157527
9204	-3947.861	-4209.003	261.1412	1.01824	0.419277	0.257781	0.23515	0.0877923	1.77648	2.021984
9210	-3969.518	-4230.723	261.2055	0.910242	0.370386	0.197079	0.244413	0.188122	1.822967	2.020815
9216	-3956.668	-4218.339	261.671	0.7403664	0.319935	0.312579	0.237	0.130486	1.801427	1.840667
9222	-3973.564	-4234.81	261.2461	0.6829043	0.207472	0.339787	0.309358	0.143384	1.776702	2.180691
9228	-3966.228	-4226.828	260.6003	0.7866463	0.411531	0.335776	0.172665	0.0800282	1.748518	2.538894
9234	-3961.192	-4222.225	261.0323	0.7866463	0.395504	0.281489	0.246095	0.0769116	1.636525	2.337582
9240	-3954.322	-4215.844	261.5215	0.8038978	0.285552	0.239484	0.346769	0.128196	1.759365	1.92559
9246	-3948.896	-4209.671	260.7747	1.188418	0.469911	0.0238888	0.411558	0.0946413	1.59524	2.271443
9252	-3952.175	-4212.707	260.5321	1.057728	0.555258	0.0213517	0.367849	0.0555412	1.677228	2.453322
9258	-3952.544	-4213.331	260.7873	1.430469	0.658359	0.0253163	0.199774	0.116551	1.654956	2.080948
9264	-3948.936	-4210.26	261.3237	0.9107942	0.509623	0.0195969	0.38056	0.0902199	1.825213	1.939918
9270	-3958.771	-4220.068	261.2973	1.03371	0.612639	0.198131	0.137518	0.0517117	1.888463	1.830538
9276	-3948.418	-4209.777	261.3589	1.422363	0.57723	0.215416	0.12957	0.077784	2.008855	1.436513
9282	-3953.951	-4215.077	261.1255	1.168402	0.464474	0.0509041	0.404536	0.0800866	1.842642	1.889909
9288	-3961.192	-4222.122	260.9302	1.639339	0.424745	0.0528671	0.333153	0.189235	1.868127	1.717854
9294	-3951.012	-4212.675	261.6632	0.8001141	0.497617	0.208543	0.144143	0.149697	1.942592	1.703968
9300	-3938.807	-4200.643	261.8365	0.8001141	0.429425	0.315728	0.144883	0.109964	1.775096	1.699875
9306	-3953.87	-4215.633	261.763	0.814562	0.348702	0.139754	0.415159	0.096386	1.813842	1.713729
9312	-3962.617	-4224.092	261.4748	0.8489345	0.321758	0.129411	0.479683	0.069149	1.761217	1.924175
9318	-3963.552	-4224.96	261.4083	0.7003232	0.350783	0.141085	0.426454	0.0816787	1.745916	2.082756
9324	-3953.108	-4214.551	261.4428	0.7474084	0.327698	0.299321	0.351817	0.0211636	1.783319	2.002201
9330	-3956.358	-4217.376	261.0181	0.9645448	0.446758	0.0722772	0.44148	0.0394846	1.829752	2.103631
9336	-3952.538	-4213.834	261.296	0.9645448	0.536302	0.0241391	0.415786	0.0237726	1.784796	1.948956
9342	-3949.357	-4210.905	261.5478	0.8071215	0.498428	0.0224344	0.425791	0.0533469	1.832626	1.855616
9348	-3963.6	-4225.039	261.4384	0.8337335	0.49397	0.0219517	0.416629	0.0674489	1.823808	1.917125
9354	-3963.532	-4224.691	261.1586	1.111641	0.447914	0.0486569	0.431559	0.0718699	1.860374	1.892413
9360	-3964	-4225.413	261.4127	1.159014	0.465579	0.0230746	0.444646	0.0667008	2.011921	1.575008
9366	-3959.317	-4220.916	261.5992	0.842435	0.453819	0.0827202	0.398445	0.0650161	1.921543	1.732794
9372	-3966.14	-4227.675	261.5347	1.085207	0.437237	0.222172	0.110033	0.230558	1.734108	1.737655
9378	-3976.218	-4237.961	261.7437	0.7655635	0.466942	0.188068	0.111454	0.233536	1.908797	1.696597
9384	-3968.654	-4229.289	260.6351	0.9596401	0.435624	0.165219	0.338019	0.061138	1.791272	2.378144
9390	-3960.332	-4221.038	260.7064	0.9596401	0.431418	0.157852	0.334756	0.0759747	1.639526	2.428932
9396	-3958.468	-4219.178	260.7101	0.9778518	0.462484	0.220417	0.260199	0.0568991	1.716777	2.366236
9402	-3956.046	-4217.343	261.2963	0.9160877	0.543518	0.112425	0.222538	0.121519	1.762573	1.996599
9408	-3960.379	-4221.804	261.4244	0.9160877	0.401022	0.171492	0.290282	0.137204	1.762573	1.910557
9414	-3953.825	-4215.074	261.2492	0.9862328	0.450435	0.153888	0.32605	0.0696263	1.74318	1.993589
9420	-3949.93	-4211.241	261.3113	0.8404654	0.440585	0.150523	0.383789	0.0251025	1.835497	1.990016
9426	-3951.189	-4212.568	261.379	0.8404654	0.36883	0.238348	0.365416	0.0274056	1.786619	1.977426
9432	-3959.535	-4221.268	261.7323	0.8404654	0.332754	0.38643	0.188522	0.0922941	1.80592	1.721944
9438	-3954.509	-4215.939	261.4305	1.015002	0.39888	0.339642	0.258703	0.00277562	1.746745	1.849142
9444	-3954.46	-4214.838	260.3782	0.6746222	0.337414	0.212752	0.447679	0.00215496	1.570137	2.857436
9450	-3955.96	-4215.936	259.9756	0.6870586	0.341571	0.211417	0.444871	0.00214145	1.532018	3.114206
9456	-3945.501	-4205.797	260.2961	0.9889297	0.455164	0.145488	0.397435	0.00191311	1.678858	2.64165
9462	-3958.21	-4219.393	261.183	0.8425251	0.459226	0.114685	0.424049	0.00204122	1.692525	2.1672
9468	-3953.551	-4214.758	261.2074	0.8127891	0.399515	0.195168	0.404314	0.00100284	1.776629	2.11666
9474	-3956.384	-4218.064	261.6795	0.6078976	0.441008	0.215438	0.339463	0.00409162	1.78064	1.944249
9480	-3955.249	-4216.433	261.1841	1.209573	0.46238	0.192188	0.314072	0.0313597	1.761635	1.87862
9486	-3956.626	-4218.095	261.4696	0.6898677	0.477515	0.130604	0.36518	0.0267016	1.765151	2.03691
9492	-3950.499	-4211.935	261.4364	0.7665456	0.368129	0.200473	0.345153	0.0862449	1.765274	2.005023
9498	-3962.254	-4224.244	261.9898	0.5903582	0.385936	0.181708	0.28967	0.142685	1.802709	1.728476
9504	-3959.342	-4220.882	261.5393	0.7657367	0.413207	0.134784	0.337453	0.114556	1.785713	1.922839
9510	-3951.077	-4212.333	261.2567	0.6492727	0.425785	0.146574	0.303066	0.124576	1.659998	2.272068
9516	-3952.41	-4213.644	261.2338	0.7441991	0.418512	0.240008	0.222792	0.118688	1.659998	2.222147
9522	-3955.929	-4217.444	261.5153	0.8721738	0.4567	0.233777	0.217007	0.0925152	1.682682	1.933597
9528	-3953.992	-4215.589	261.5975	0.6726137	0.364813	0.273315	0.253709	0.108162	1.597731	2.075102
9534	-3949.376	-4210.987	261.6107	0.4919249	0.330877	0.332362	0.268185	0.0685752	1.718992	2.109946
9540	-3952.5	-4214.469	261.969	0.8552905	0.248205	0.321474	0.392688	0.0376324	2.027749	1.371058
9546	-3962.313	-4224.9	262.5866	0.5544111	0.333935	0.287059	0.328376	0.0506306	2.161753	0.9911791
9552	-3954.961	-4217.567	262.6062	0.532944	0.244613	0.483454	0.240541	0.031393	2.161753	0.9937168
9558	-3961.655	-4224.173	262.5178	0.6068496	0.157889	0.379239	0.41269	0.0501817	2.21442	0.95148
9564	-3966.136	-4228.661	262.5247	0.5384112	0.113286	0.494841	0.376535	0.0153375	2.277191	0.9530821
9570	-3970.853	-4233.179	262.326	0.7340468	0.201718	0.419678	0.319342	0.0592616	2.245109	0.9790283
9576	-3968.192	-4230.511	262.3193	0.7475522	0.347581	0.231357	0.381099	0.039963	2.253373	0.9627223
9582	-3970.199	-4232.561	262.3628	0.6532415	0.210036	0.445824	0.319792	0.0243481	2.350318	0.9193881
9588	-3961.281	-4223.621	262.3399	0.6372448	0.202623	0.366523	0.403822	0.027032	2.34826	0.9640124
9594	-3948.955	-4211.34	262.3849	0.6176465	0.337744	0.359427	0.252599	0.0502305	2.331327	0.9563061
9600	-3966.181	-4228.663	262.4823	0.6549532	0.264556	0.268601	0.415293	0.05155	2.194532	0.9563061
9606	-3962.235	-4224.518	262.2826	0.6386999	0.274852	0.279054	0.431455	0.0146391	2.244842	1.117479
9612	-3962.285	-4224.786	262.5014	0.5856982	0.35024	0.202695	0.382973	0.0640924	2.244842	0.9600305
9618	-3953.613	-4215.968	262.355	0.6212504	0.34908	0.1834	0.370758	0.0967619	2.244842	1.067675
9624	-3940.214	-4202.562	262.3477	0.661088	0.197596	0.443075	0.304558	0.0547718	2.241512	1.037708
9630	-3949.139	-4211.444	262.3051	0.6968823	0.217087	0.563922	0.158817	0.0601746	2.163854	1.114664
9636	-3936.388	-4198.805	262.4171	0.6601043	0.33326	0.382768	0.186745	0.0972264	2.210951	1.000578
9642	-3945.722	-4208.094	262.372	0.6629348	0.360228	0.413742	0.120935	0.105094	2.194509	1.057557
9648	-3946.196	-4208.478	262.2815	0.7194756	0.336763	0.424655	0.129477	0.109104	2.194509	1.086241
9654	-3955.325	-4217.435	262.1103	0.8389362	0.425271	0.210485	0.311924	0.0523207	2.232076	1.093747
9660	-3950.422	-4212.629	262.2071	0.6828266	0.404384	0.270757	0.25962	0.0652384	2.069744	1.291943
9666	-3955.943	-4218.134	262.1918	0.6748034	0.366571	0.268256	0.206797	0.158375	2.044607	1.331507
9672	-3943.747	-4205.396	261.6491	0.8382505	0.488927	0.191871	0.122214	0.196988	1.956402	1.675944
9678	-3959.354	-4221.12	261.766	0.7907219	0.453693	0.219679	0.200448	0.12618	2.028677	1.575135
9684	-3960.392	-4222.566	262.1742	0.6499761	0.371577	0.336541	0.279497	0.0123845	2.031396	1.376757
9690	-3962.679	-4224.453	261.7745	1.078627	0.259011	0.421195	0.194827	0.124967	1.991617	1.375328
9696	-3966.167	-4227.988	261.8214	0.9022048	0.336867	0.411877	0.138743	0.112512	2.118847	1.377386
9702	-3954.783	-4216.964	262.1811	0.6801539	0.318787	0.42087	0.139979	0.120364	2.040989	1.338443
9708	-3945.043	-4207.07	262.0277	0.7561909	0.254633	0.336172	0.323625	0.0855695	2.047122	1.391106
9714	-3936.901	-4198.796	261.8944	0.7269524	0.303375	0.296405	0.378223	0.0219973	2.027833	1.530653
9720	-3937.821	-4199.935	262.114	0.7179992	0.377481	0.268122	0.342132	0.0122642	2.095034	1.316692
9726	-3930.956	-4193.24	262.2847	0.6786485	0.355198	0.237488	0.346798	0.0605158	2.093277	1.211435
9732	-3937.359	-4199.636	262.2767	0.7556387	0.243751	0.367461	0.295154	0.0936349	2.216803	1.033495
9738	-3944.158	-4206.677	262.5192	0.6056962	0.260742	0.358323	0.305312	0.0756224	2.132822	1.033495
9744	-3946.515	-4208.75	262.235	0.6723855	0.221781	0.3856	0.372352	0.020267	2.132822	1.225681
9750	-3952.2	-4214.591	262.3913	0.6723855	0.283974	0.361244	0.326176	0.0286056	2.14842	1.073366
9756	-3947.625	-4209.836	262.2105	0.6559836	0.449431	0.222308	0.301794	0.0264673	2.09312	1.293319
9762	-3960.956	-4223.086	262.1304	0.8033813	0.290898	0.266159	0.361324	0.0816195	2.09312	1.230718
9768	-3945.424	-4207.427	262.0036	0.8824063	0.373186	0.31392	0.288252	0.024641	2.09312	1.267966
9774	-3935.308	-4197.032	261.7242	0.916756	0.406206	0.301443	0.265637	0.0267142	2.022171	1.514263
9780	-3928.945	-4190.838	261.8932	0.7620242	0.396758	0.229781	0.319788	0.053673	2.000352	1.524425
9786	-3930.094	-4192.082	261.9872	0.7547702	0.345839	0.214463	0.365976	0.0737224	2.018577	1.44564
9792	-3941.241	-4202.801	261.5597	0.8533402	0.407193	0.258331	0.247846	0.0866298	1.97204	1.71707
9798	-3945.095	-4207.374	262.2789	0.5868374	0.446918	0.231143	0.272026	0.0499134	1.838651	1.495314
9804	-3941.025	-4202.693	261.6674	1.133436	0.509164	0.157372	0.275674	0.0577897	1.889157	1.495314
9810	-3941.497	-4203.261	261.7637	0.8775316	0.241605	0.532306	0.130572	0.0955182	1.869938	1.626524
9816	-3946.421	-4208.093	261.6713	0.9906212	0.342174	0.295813	0.222201	0.139811	1.923203	1.571278
9822	-3948.455	-4210.3	261.8441	0.6985009	0.399568	0.306876	0.240037	0.0535199	1.834804	1.728046
9828	-3944.71	-4206.744	262.0336	0.6985009	0.316965	0.338416	0.304365	0.040254	1.922653	1.52779
9834	-3955.464	-4217.97	262.5066	0.6071839	0.266734	0.339646	0.325035	0.0685857	2.043467	1.127034
9840	-3946.276	-4208.446	262.1701	0.7432392	0.389435	0.293601	0.234792	0.0821716	2.025768	1.305774
9846	-3940.158	-4202.019	261.8613	0.7167084	0.48313	0.242318	0.261645	0.012907	1.977872	1.599688
9852	-3936.276	-4197.948	261.6726	0.8685961	0.385863	0.289859	0.312978	0.0112996	1.941685	1.647123
9858	-3939.312	-4201.405	262.0922	0.6785026	0.219307	0.389743	0.377326	0.0136229	1.84278	1.559168
9864	-3937.192	-4199.259	262.0669	0.4601208	0.382689	0.230202	0.37362	0.013489	1.813217	1.759302
9870	-3944.478	-4206.714	262.2353	0.5890192	0.364937	0.311995	0.31561	0.00745744	1.88024	1.495165
9876	-3937.392	-4199.225	261.8323	0.7168615	0.323417	0.309592	0.31318	0.0538111	1.954291	1.637607
9882	-3952.954	-4214.772	261.8178	0.9394852	0.468492	0.240769	0.243559	0.0471799	2.03889	1.412858
9888	-3927.42	-4189.282	261.8622	0.8283877	0.438042	0.166594	0.337501	0.0578637	1.965678	1.521555
9894	-3935.35	-4197.41	262.0591	0.5256009	0.20778	0.501077	0.276771	0.0143717	1.869702	1.679372
9900	-3955.215	-4217.616	262.4017	0.4541265	0.125855	0.619985	0.233736	0.020425	1.984182	1.392231
9906	-3937.62	-4199.716	262.0958	0.6526603	0.395653	0.347356	0.231758	0.0252327	1.978572	1.475611
9912	-3938.666	-4200.578	261.9121	0.9205028	0.458794	0.270154	0.249765	0.0212871	2.003491	1.382076
9918	-3953.05	-4214.93	261.8796	0.7769464	0.373551	0.219817	0.369943	0.0366883	2.044825	1.489621
9924	-3933.964	-4196.138	262.1741	0.7794176	0.335411	0.321043	0.31255	0.0309964	2.080676	1.225611
9930	-3938.536	-4200.86	262.3239	0.7233853	0.254397	0.492795	0.212979	0.0398291	2.064193	1.161716
9936	-3946.465	-4208.603	262.138	0.7458259	0.429546	0.398419	0.160276	0.0117588	2.060051	1.30179
9942	-3933.027	-4195.052	262.0247	0.7105623	0.347199	0.449471	0.180884	0.0224463	2.060051	1.42083
9948	-3937.73	-4200.388	262.6581	0.4430181	0.349414	0.483159	0.15133	0.0160967	2.129391	1.060595
9954	-3939.925	-4202.336	262.4103	0.6758148	0.428337	0.315326	0.252283	0.00405335	2.038628	1.152483
9960	-3935.116	-4197.087	261.9717	0.6401972	0.302007	0.339877	0.334131	0.0239843	1.90078	1.634188
9966	-3941.861	-4203.717	261.8562	0.6835462	0.448624	0.269959	0.258076	0.0233404	1.824178	1.738158
9972	-3946.737	-4207.286	260.5488	1.096681	0.508712	0.24054	0.229951	0.0207968	1.71134	2.397292
9978	-3948.845	-4209.137	260.2918	0.8702778	0.462966	0.25354	0.246121	0.0373733	1.580112	2.778968
9984	-3941.952	-4202.725	260.7726	0.748777	0.461826	0.183044	0.328148	0.0269819	1.54561	2.582683
9990	-3934.129	-4195.196	261.0674	0.6681829	0.398476	0.271598	0.306645	0.0232807	1.518581	2.468967
9996	-3938.405	-4199.19	260.7848	0.8713174	0.241559	0.412829	0.337041	0.00857191	1.57354	2.477841
10002	-3939.456	-4200.22	260.7633	0.5778826	0.264585	0.394164	0.321802	0.0194496	1.584954	2.675588
10008	-3926.415	-4187.59	261.1751	0.9699583	0.538483	0.168152	0.145199	0.148166	1.655261	2.111482
10014	-3927.442	-4188.832	261.3906	0.5438016	0.400836	0.291351	0.249475	0.0583372	1.655261	2.260015
10020	-3934.193	-4195.05	260.8575	0.536615	0.15788	0.539413	0.279729	0.0229777	1.56658	2.65517
10026	-3934.762	-4195.831	261.0689	0.6536061	0.137196	0.483517	0.293485	0.0858023	1.626517	2.40985
10032	-3951.737	-4212.79	261.0527	0.9180628	0.25094	0.275277	0.391683	0.0821001	1.732903	2.175049
10038	-3943.668	-4204.738	261.0708	1.010987	0.325553	0.353614	0.258828	0.0620045	1.732903	2.102015
10044	-3947.602	-4209.38	261.7775	0.7720008	0.290539	0.401368	0.279378	0.0287157	1.87008	1.695273
10050	-3950.339	-4212.149	261.8095	0.6820053	0.28213	0.401113	0.2792	0.0375559	1.87008	1.739864
10056	-3965.443	-4227.646	262.2032	0.6440007	0.23075	0.452988	0.27385	0.0424129	1.927097	1.440071
10062	-3951.365	-4213.18	261.8151	0.9051018	0.251172	0.485163	0.192545	0.0711204	1.927097	1.526241
10068	-3952.609	-4214.708	262.0984	0.772682	0.401817	0.242153	0.3162	0.0398301	2.038793	1.328058
10074	-3942.318	-4204.526	262.2079	0.6906466	0.291841	0.274007	0.357795	0.0763572	2.043936	1.305508
10080	-3944.108	-4205.964	261.8557	0.7525882	0.192395	0.571996	0.147099	0.0885103	2.03059	1.537203
10086	-3945.62	-4207.667	262.0472	0.6594756	0.239655	0.388913	0.223108	0.148324	1.892297	1.570695
10092	-3939.902	-4201.77	261.8678	0.7439027	0.301091	0.362911	0.231274	0.104724	1.997386	1.559617
10098	-3951.407	-4213.463	262.0563	0.715409	0.343749	0.414328	0.158366	0.0835567	1.960802	1.468685
10104	-3936.412	-4198.342	261.9302	0.6834941	0.323456	0.389868	0.208052	0.078624	1.935523	1.605944
10110	-3940.094	-4202.16	262.0665	0.550613	0.153975	0.46817	0.331037	0.0468172	1.902142	1.632493
10116	-3929.349	-4191.454	262.1054	0.6015564	0.320899	0.322558	0.29399	0.0625529	1.961033	1.522073
10122	-3940.655	-4202.568	261.9133	0.7055479	0.27957	0.342189	0.311882	0.0663598	1.964257	1.580281
10128	-3949.499	-4211.339	261.8394	0.7321361	0.27957	0.342189	0.311882	0.0663598	2.010017	1.580281
10134	-3955.217	-4217.237	262.0205	0.9299417	0.499472	0.171948	0.202322	0.126258	2.127616	1.183431
10140	-3941.588	-4203.003	261.4152	0.7321361	0.453694	0.249978	0.271254	0.0250736	1.867269	1.975343
10146	-3952.974	-4214.446	261.4717	0.8470704	0.471115	0.259577	0.260779	0.00852819	1.902271	1.831452
10152	-3950.87	-4213.15	262.2799	0.7066706	0.313469	0.174811	0.346752	0.164968	2.130805	1.157438
10158	-3953.754	-4216.075	262.3211	0.7066706	0.389075	0.295387	0.27033	0.0452093	2.063361	1.180331
10164	-3954.721	-4216.951	262.2304	0.7021912	0.226307	0.385	0.339161	0.0495314	1.998652	1.314071
10170	-3971.911	-4233.035	261.1235	0.8619414	0.353577	0.326844	0.237032	0.0825468	1.685383	2.197355
10176	-3959.896	-4221.582	261.6863	0.8731163	0.306559	0.233983	0.284973	0.174486	1.84264	1.704611
10182	-3959.396	-4221.362	261.9659	0.7196008	0.472488	0.221651	0.22816	0.0777008	1.943817	1.545722
10188	-3952.767	-4214.479	261.7124	0.9599292	0.3229	0.272203	0.351795	0.053101	1.950938	1.543327
10194	-3944.9	-4207.018	262.1179	0.6978011	0.475522	0.294848	0.15143	0.0781997	2.007752	1.399648
10200	-3958.384	-4220.376	261.9919	0.7705165	0.547915	0.159992	0.210753	0.0813405	2.019796	1.42837
10206	-3955.666	-4217.992	262.3263	0.6798856	0.287842	0.319534	0.319948	0.0726764	2.049722	1.211976
10212	-3953.488	-4215.649	262.1612	0.5783411	0.321353	0.195114	0.357197	0.126336	2.103895	1.389198
10218	-3942.3	-4204.186	261.8865	0.7224894	0.287629	0.332084	0.267208	0.113078	1.923214	1.6166
10224	-3935.29	-4196.783	261.4923	0.8601908	0.287629	0.332084	0.267208	0.113078	1.914173	1.799686
10230	-3938.591	-4200.212	261.6213	0.6447176	0.253915	0.342967	0.303295	0.0998239	1.797527	1.945933
10236	-3942.438	-4204.359	261.9209	0.566311	0.347619	0.296272	0.246678	0.109431	1.772745	1.814794
10242	-3941.838	-4203.69	261.8519	0.826844	0.314862	0.400505	0.181711	0.102923	1.947025	1.544196
10248	-3945.22	-4207.212	261.9924	0.8085616	0.296087	0.303727	0.322134	0.0780525	1.982712	1.425745
10254	-3955.263	-4217.134	261.8713	0.8085616	0.354656	0.282537	0.29966	0.0631467	1.959291	1.534923
10260	-3957.668	-4219.505	261.837	0.8085616	0.389271	0.250988	0.328907	0.030834	1.873682	1.622637
10266	-3937.605	-4199.053	261.4482	1.008584	0.401148	0.160544	0.392565	0.0457427	1.859116	1.763659
10272	-3954.466	-4216.205	261.7395	0.9000631	0.446928	0.151199	0.364119	0.0377542	1.924127	1.587913
10278	-3958.715	-4220.529	261.8137	0.7485495	0.473522	0.100692	0.385786	0.0400007	1.842202	1.706909
10284	-3964.274	-4225.69	261.4161	1.036307	0.437227	0.0539806	0.460993	0.0477988	1.856321	1.768789
10290	-3951.312	-4213.046	261.734	0.8560159	0.35417	0.195764	0.376461	0.073605	1.856321	1.673555
10296	-3978.941	-4239.861	260.9203	1.271476	0.477313	0.211883	0.250244	0.0605605	1.836641	1.967214
10302	-3971.22	-4232.895	261.6743	0.870637	0.354995	0.217939	0.381651	0.0454143	1.912154	1.665568
10308	-3955.944	-4217.735	261.7904	0.7628796	0.345822	0.215641	0.286883	0.151655	1.909729	1.664729
10314	-3970.304	-4231.958	261.6536	0.786157	0.364282	0.134797	0.339414	0.161507	1.885426	1.761196
10320	-3962.328	-4224.144	261.816	0.7900421	0.278453	0.324271	0.330061	0.0672145	1.865686	1.657509
10326	-3953.051	-4215.135	262.0834	0.686131	0.32551	0.212589	0.421032	0.040869	1.982729	1.454972
10332	-3949.723	-4211.44	261.7164	0.9614078	0.290894	0.244842	0.424554	0.0397105	1.979034	1.518394
10338	-3948.157	-4210.14	261.9829	0.8397981	0.362193	0.163298	0.458867	0.0156422	2.010837	1.38602
10344	-3949.11	-4210.693	261.5833	0.6158338	0.22891	0.390136	0.298996	0.0819575	1.697071	2.058516
10350	-3949.789	-4211.639	261.8499	0.6300303	0.479539	0.19305	0.239753	0.0876587	1.818378	1.786091
10356	-3934.714	-4195.837	261.1237	0.9123522	0.406554	0.167229	0.350282	0.0759342	1.832358	2.067325
10362	-3955.547	-4216.553	261.0061	1.023867	0.413474	0.170076	0.356245	0.0602053	1.756963	2.120255
10368	-3942.391	-4203.624	261.2328	0.8007252	0.385311	0.178811	0.374543	0.0613349	1.674926	2.17463
10374	-3945.311	-4206.488	261.177	0.8490688	0.391167	0.246015	0.323821	0.0389965	1.63912	2.201343
10380	-3939.924	-4200.713	260.7891	0.9517713	0.400833	0.201033	0.331666	0.0664685	1.718272	2.331797
10386	-3944.799	-4205.813	261.0146	0.7891934	0.38032	0.20671	0.341033	0.0719371	1.734281	2.284814
10392	-3943.07	-4204.227	261.1566	0.8094165	0.449876	0.204788	0.25419	0.0911459	1.835307	2.113839
10398	-3940.852	-4202.413	261.5609	0.8430339	0.351429	0.191175	0.387605	0.069791	1.908202	1.768524
10404	-3937.837	-4198.943	261.1063	0.8751567	0.349401	0.189032	0.430137	0.0314307	1.767405	2.146423
10410	-3943.112	-4204.462	261.3505	0.7978904	0.426102	0.184761	0.346427	0.0427098	1.710342	2.07647
10416	-3941.99	-4203.015	261.0247	0.9830297	0.433699	0.231202	0.248575	0.0865235	1.73122	2.151559
10422	-3955.381	-4217.028	261.6467	0.7482093	0.229797	0.335744	0.414384	0.020075	1.749095	1.887414
10428	-3949.193	-4211.172	261.9789	0.6775736	0.341893	0.257979	0.372575	0.0275536	2.02892	1.505874
10434	-3952.315	-4214.309	261.9933	0.7356177	0.383962	0.23471	0.33897	0.0423577	2.044272	1.436729
10440	-3944.72	-4206.687	261.9664	0.7797216	0.406762	0.260585	0.292585	0.0400681	2.024737	1.436729
10446	-3933.67	-4195.559	261.8894	0.7240702	0.375511	0.261836	0.29399	0.068663	2.017773	1.544085
10452	-3941.371	-4202.777	261.4058	1.117542	0.426566	0.250767	0.282576	0.040092	1.839304	1.732263
10458	-3939.915	-4201.879	261.9632	0.7175726	0.426478	0.304731	0.217206	0.0515852	1.868525	1.604418
10464	-3963.762	-4226.082	262.3201	0.4247806	0.346213	0.24738	0.351124	0.0552826	1.797065	1.61398
10470	-3970.337	-4232.549	262.2118	0.4437384	0.217871	0.39094	0.337977	0.0532126	2.013211	1.522146
10476	-3952.95	-4214.844	261.8944	0.7725876	0.437927	0.253564	0.250438	0.0580702	1.996975	1.517824
10482	-3951.858	-4213.572	261.714	0.938237	0.353126	0.204464	0.395585	0.0468254	2.005666	1.517824
10488	-3938.744	-4200.939	262.1946	0.6081713	0.297944	0.251836	0.333767	0.116453	1.977222	1.437154
10494	-3929.395	-4191.42	262.0254	0.6496734	0.250453	0.34598	0.305676	0.097891	1.954609	1.548496
10500	-3936.485	-4198.431	261.9456	0.6927912	0.356892	0.269704	0.31963	0.0537736	1.923345	1.596454
10506	-3936.037	-4197.859	261.8222	0.8328498	0.398929	0.29262	0.275332	0.0331185	2.046596	1.487383
10512	-3944.173	-4205.894	261.7211	0.8392482	0.318423	0.252607	0.395907	0.033062	1.987952	1.600638
10518	-3946.852	-4208.562	261.7092	0.7317429	0.385093	0.150451	0.428659	0.0357971	1.864572	1.776936
10524	-3946.642	-4208.51	261.8675	0.7049333	0.331691	0.204365	0.362256	0.101688	1.873946	1.678937
10530	-3941.484	-4203.12	261.6361	0.8782781	0.28741	0.310582	0.313895	0.0881125	1.923671	1.678937
10536	-3957	-4219.222	262.2222	0.6100725	0.28741	0.310582	0.313895	0.0881125	1.923671	1.455464
10542	-3951.398	-4213.557	262.1586	0.7892558	0.351646	0.379997	0.244302	0.0240548	2.055278	1.251187
10548	-3951.399	-4213.665	262.2662	0.6931711	0.2265	0.534377	0.217689	0.0214344	2.068174	1.235261
10554	-3954.183	-4216.474	262.2909	0.6298033	0.341864	0.244811	0.376276	0.0370494	2.139405	1.210839
10560	-3950.588	-4212.616	262.0288	0.8720133	0.384537	0.170877	0.366598	0.0779891	2.139405	1.217143
10566	-3951.883	-4214.101	262.2177	0.6895322	0.412259	0.31825	0.222165	0.0473259	2.136252	1.222001
10572	-3942.418	-4204.677	262.2592	0.7892046	0.412259	0.31825	0.222165	0.0473259	2.232547	1.000516
10578	-3948.883	-4211.086	262.2039	0.8298009	0.377749	0.344634	0.246748	0.0308692	2.240844	1.005046
10584	-3948.442	-4210.709	262.2668	0.6813892	0.293371	0.202278	0.489873	0.0144782	2.126614	1.195716
10590	-3943.654	-4205.013	261.3599	0.812705	0.438462	0.163098	0.221326	0.177114	1.877256	1.948839
10596	-3940.457	-4202.073	261.616	0.6236551	0.290877	0.38575	0.269458	0.0539154	1.820791	1.948839
10602	-3948.226	-4209.991	261.765	0.6707123	0.307964	0.477261	0.158949	0.0558258	1.829567	1.807364
10608	-3936.521	-4198.45	261.9285	0.6208802	0.352677	0.430748	0.16022	0.056355	1.955566	1.640571
10614	-3946.815	-4208.674	261.8586	0.5249058	0.349375	0.298719	0.274369	0.0775361	1.851922	1.832473
10620	-3945.927	-4207.316	261.3897	0.7222832	0.210109	0.443123	0.314532	0.0322357	1.808087	2.038633
10626	-3959.97	-4221.418	261.4477	0.6783234	0.425806	0.327788	0.156032	0.0903731	1.888973	1.97719
10632	-3954.93	-4216.461	261.531	0.6783234	0.333627	0.246044	0.328139	0.0921907	1.747356	2.016093
10638	-3951.383	-4213.032	261.6482	0.598983	0.255995	0.458563	0.239115	0.0463265	1.894059	1.895057
10644	-3962.967	-4224.582	261.6154	0.6795311	0.243008	0.435299	0.226984	0.0947086	1.762345	1.948787
10650	-3954.33	-4215.515	261.1851	1.063878	0.454254	0.129555	0.377604	0.0385868	1.870112	1.899412
10656	-3956.651	-4218.17	261.5195	1.015096	0.362826	0.144414	0.444503	0.0482573	1.808913	1.744351
10662	-3946.651	-4208.194	261.5424	0.8413604	0.264534	0.259595	0.391945	0.0839263	1.765981	1.880403
10668	-3981.542	-4243.393	261.8513	0.7894013	0.394484	0.211135	0.382023	0.0123591	1.861236	1.635802
10674	-3969.283	-4230.744	261.4605	0.8032016	0.293037	0.21143	0.382557	0.112976	1.897162	1.873972
10680	-3951.787	-4213.142	261.3549	0.7967704	0.280187	0.24601	0.365781	0.108022	1.773229	2.03279
10686	-3938.969	-4200.436	261.4675	0.8564792	0.599049	0.154702	0.191198	0.0550501	1.826193	1.879751
10692	-3948.179	-4209.722	261.5427	0.8628128	0.500091	0.122893	0.330095	0.0469209	1.926244	1.754333
10698	-3960.284	-4221.916	261.6317	0.8921604	0.424552	0.0891904	0.443619	0.0426388	1.938757	1.66109
10704	-3957.235	-4218.879	261.6441	0.7407244	0.36489	0.232795	0.333256	0.0690594	1.859226	1.819177
10710	-3956.72	-4218.154	261.4338	0.8143664	0.434086	0.103807	0.407006	0.0551001	1.913471	1.873119
10716	-3943.628	-4204.634	261.0063	1.017022	0.391747	0.174144	0.341675	0.0924342	1.713536	2.152879
10722	-3954.076	-4215.156	261.08	0.813783	0.419612	0.166166	0.326022	0.0881996	1.645845	2.283064
10728	-3950.823	-4212.114	261.2909	0.7489298	0.240548	0.554112	0.15511	0.0502302	1.730802	2.135904
10734	-3943.53	-4204.776	261.2458	0.9417515	0.352391	0.354745	0.175075	0.117789	1.67868	2.06838
10740	-3944.768	-4206.069	261.3002	0.9340946	0.275925	0.195423	0.409174	0.119478	1.796956	1.958707
10746	-3961.411	-4222.457	261.0456	0.8007961	0.302101	0.213962	0.353124	0.130812	1.775851	2.230397
10752	-3952.09	-4212.862	260.7719	0.9245232	0.293554	0.21932	0.360014	0.127112	1.707664	2.367038
10758	-3959.549	-4221.423	261.874	0.6195214	0.347133	0.23338	0.294274	0.125213	1.844591	1.758826
10764	-3946.008	-4207.889	261.8816	0.6957104	0.303734	0.466804	0.177611	0.0518507	1.845042	1.696374
10770	-3946.479	-4208.481	262.0016	0.6991435	0.281375	0.442689	0.223682	0.0522532	1.866769	1.591973
10776	-3954.761	-4216.724	261.9623	0.6832604	0.405364	0.390607	0.177497	0.0265317	1.922837	1.591973
10782	-3949.98	-4211.488	261.508	1.029535	0.39228	0.222404	0.316155	0.0691607	1.877291	1.69412
10788	-3946.592	-4208.049	261.4567	1.009891	0.411027	0.233032	0.331264	0.0246761	1.790407	1.804602
10794	-3953.855	-4214.927	261.0721	0.8991608	0.476298	0.142229	0.332721	0.0487522	1.715575	2.186293
10800	-3945.481	-4206.512	261.0309	0.86629	0.480015	0.159364	0.290691	0.0699296	1.625339	2.292681
10806	-3951.69	-4212.708	261.0183	1.056096	0.482893	0.154323	0.292434	0.0703489	1.777761	2.077675
10812	-3955.242	-4216.31	261.0684	1.166215	0.492533	0.117831	0.334386	0.0552497	1.807815	1.953438
10818	-3953.385	-4214.974	261.5895	1.147948	0.597942	0.100156	0.234828	0.0670738	1.813406	1.598571
10824	-3942.971	-4203.865	260.8937	1.18759	0.597942	0.100156	0.234828	0.0670738	1.78247	2.072968
10830	-3952.022	-4212.42	260.3985	1.306953	0.410785	0.121734	0.268862	0.198618	1.641926	2.410873
10836	-3940.618	-4201.724	261.1065	0.8508017	0.383753	0.146873	0.362107	0.107267	1.629889	2.25161
10842	-3958.467	-4219.34	260.8736	0.9954583	0.539886	0.103217	0.284128	0.0727697	1.594051	2.32906
10848	-3954.52	-4215.282	260.7614	0.761608	0.33266	0.231776	0.390726	0.0448383	1.562617	2.570714
10854	-3946.3	-4206.899	260.599	0.9740711	0.409874	0.232067	0.265793	0.0922661	1.597384	2.513563
10860	-3951.398	-4211.629	260.2314	0.8654402	0.428072	0.23084	0.295782	0.0453053	1.543855	2.840762
10866	-3942.68	-4202.987	260.3073	0.9051013	0.422783	0.225082	0.303589	0.0485452	1.592476	2.740029
10872	-3941.495	-4202.552	261.0563	0.8884984	0.352791	0.284539	0.312672	0.0499975	1.682797	2.224752
10878	-3938.254	-4199.083	260.8283	0.8843064	0.343439	0.296462	0.304383	0.0557163	1.666377	2.38364
10884	-3949.449	-4210.383	260.9335	0.7815175	0.393974	0.236682	0.318559	0.0507841	1.675153	2.379237
10890	-3945.272	-4206.079	260.8065	0.9146222	0.528049	0.122821	0.281063	0.0680666	1.636805	2.396446
10896	-3942.159	-4203.133	260.9739	1.030524	0.477926	0.132802	0.352023	0.0372486	1.705435	2.170543
10902	-3958.035	-4219.292	261.2569	0.7548168	0.329963	0.118188	0.499043	0.0528052	1.705435	2.170543
10908	-3969.326	-4230.523	261.1968	0.7991398	0.305422	0.181117	0.495851	0.0176105	1.731182	2.16257
10914	-3958.064	-4219.279	261.2153	0.7951398	0.438354	0.251123	0.297573	0.0129502	1.68158	2.185464
10920	-3973.506	-4234.857	261.351	0.8410104	0.421693	0.232287	0.327459	0.0185612	1.731487	2.0324
10926	-3973.315	-4234.845	261.5304	0.9084545	0.456172	0.150563	0.365618	0.0276463	1.751633	1.85113
10932	-3971.577	-4232.85	261.2729	1.059184	0.368652	0.121677	0.504639	0.0050319	1.751633	1.923316
10938	-3964.561	-4225.615	261.054	0.9966901	0.398464	0.338543	0.247033	0.0159596	1.787546	2.08654
10944	-3959.977	-4221.559	261.5821	0.9136674	0.435558	0.304383	0.222107	0.0379516	1.837262	1.75238
10950	-3966.9	-4227.899	260.9991	1.309262	0.383342	0.229859	0.301628	0.0851707	1.837262	1.890194
10956	-3953.53	-4214.625	261.0942	0.8531312	0.48053	0.201358	0.211348	0.106764	1.73409	2.190709
10962	-3959.733	-4220.456	260.7232	0.7879135	0.471224	0.197458	0.226621	0.104696	1.773954	2.445323
10968	-3965.269	-4225.364	260.0954	1.121364	0.440795	0.172443	0.288219	0.0985433	1.657398	2.69813
10974	-3974.231	-4235.196	260.9649	1.107331	0.462956	0.156208	0.177086	0.20375	1.766023	2.087563
10980	-3955.531	-4216.782	261.2514	0.8433277	0.55897	0.12435	0.145927	0.170753	1.864718	2.008441
10986	-3948.76	-4210.058	261.2978	0.828201	0.451921	0.11288	0.231633	0.203565	1.84154	2.003489
10992	-3956.02	-4216.883	260.8629	1.050766	0.399501	0.250682	0.200666	0.149152	1.778075	2.18243
10998	-3953.597	-4214.43	260.8326	1.201423	0.495393	0.0775483	0.244974	0.182085	1.843675	2.064277
11004	-3954.137	-4215.529	261.3914	0.8547221	0.419499	0.146768	0.356029	0.0777034	1.858319	1.910808
11010	-3946.151	-4208.067	261.9161	0.7150483	0.531386	0.0975942	0.276834	0.0941851	1.948308	1.582539
11016	-3936.302	-4197.733	261.4308	0.8583096	0.488209	0.139396	0.300331	0.0720631	1.833096	1.898716
11022	-3933.791	-4195.715	261.9248	0.5470609	0.277489	0.488255	0.188925	0.0453317	1.846193	1.775016
11028	-3958.816	-4220.612	261.7956	0.6629218	0.338829	0.278127	0.355332	0.0277124	1.974359	1.690343
11034	-3964.697	-4225.629	260.9316	1.010183	0.343324	0.281817	0.270593	0.104266	1.758639	2.176549
11040	-3969.519	-4231.08	261.5609	0.8018922	0.246649	0.517146	0.172974	0.0632306	1.674243	1.957802
11046	-3947.34	-4208.739	261.3992	0.8364747	0.421676	0.306482	0.23167	0.0401715	1.787521	1.966054
11052	-3937.485	-4199.268	261.7832	0.8364747	0.34388	0.293529	0.300757	0.0618344	1.843608	1.661993
11058	-3939.393	-4201.197	261.8034	0.6371161	0.423743	0.211122	0.164974	0.200161	1.828958	1.805791
11064	-3954.077	-4215.808	261.7315	0.6740788	0.36816	0.301538	0.156396	0.173906	1.840179	1.820729
11070	-3951.305	-4212.996	261.691	0.6202521	0.334579	0.346657	0.14213	0.176634	1.820263	1.90096
11076	-3955.084	-4216.935	261.8509	0.9216364	0.458875	0.224665	0.13552	0.18094	2.041052	1.399601
11082	-3949.252	-4211.223	261.9715	0.85397	0.303222	0.420534	0.125071	0.151172	2.053195	1.350027
11088	-3943.93	-4206.163	262.2336	0.613409	0.293191	0.378373	0.210488	0.117948	2.044513	1.350027
11094	-3960.216	-4222.566	262.3496	0.5415472	0.295123	0.368161	0.217991	0.118725	1.925779	1.410802
11100	-3945.331	-4207.273	261.9425	0.7409365	0.364067	0.297996	0.268916	0.0690215	1.938694	1.55012
11106	-3941.049	-4202.992	261.9434	0.6878853	0.364067	0.297996	0.268916	0.0690215	1.977666	1.562112
11112	-3956.525	-4218.586	262.0607	0.8491086	0.483368	0.199823	0.225169	0.0916394	1.95413	1.361871
11118	-3952.562	-4214.374	261.8118	0.9629207	0.302592	0.253397	0.390013	0.0539975	2.077264	1.369054
11124	-3955.681	-4217.711	262.0303	0.7522039	0.33108	0.280903	0.28504	0.102976	2.110126	1.342766
11130	-3964.744	-4226.811	262.0666	0.7571167	0.360379	0.354959	0.252576	0.0320851	2.105358	1.313317
11136	-3956.161	-4218.301	262.1397	0.7564676	0.296843	0.292379	0.351951	0.0588275	2.077991	1.276629
11142	-3963.672	-4225.753	262.0806	0.8241793	0.321536	0.29018	0.325923	0.0623609	2.065967	1.276629
11148	-3949.812	-4211.671	261.8586	0.8016245	0.410742	0.0912499	0.352791	0.145217	2.051764	1.480671
11154	-3944.722	-4206.734	262.0116	0.7550735	0.49234	0.0926213	0.401862	0.0131776	2.052861	1.400133
11160	-3936.388	-4198.56	262.1715	0.6906756	0.441691	0.0881262	0.466928	0.00325462	2.051858	1.328445
11166	-3941.611	-4203.82	262.2084	0.6906756	0.414499	0.237934	0.342697	0.00486959	2.07728	1.277867
11172	-3938.745	-4200.688	261.943	0.7905168	0.398125	0.268039	0.329159	0.00467722	2.07728	1.405493
11178	-3939.272	-4201.294	262.0217	0.7574059	0.301227	0.260141	0.368196	0.0704358	2.021331	1.414812
11184	-3932.673	-4194.844	262.1708	0.7323195	0.358655	0.309736	0.223853	0.107756	2.056475	1.289608
11190	-3936.832	-4198.877	262.0457	0.6664011	0.45342	0.208103	0.233198	0.105279	2.003544	1.483615
11196	-3945.154	-4206.918	261.7645	0.7191841	0.306346	0.265177	0.392954	0.0355225	1.886082	1.732571
11202	-3948.275	-4209.666	261.3904	0.9613148	0.363179	0.106689	0.422209	0.107923	1.898584	1.809359
11208	-3967.296	-4229.192	261.8955	0.6380105	0.320336	0.119128	0.471434	0.089102	1.88389	1.702344
11214	-3960.031	-4221.713	261.6815	0.7786691	0.40069	0.302729	0.194074	0.102506	1.882331	1.749383
11220	-3939.251	-4201.386	262.1351	0.7156166	0.379842	0.321188	0.251925	0.0470442	1.929242	1.432429
11226	-3953.081	-4215.405	262.3236	0.5563655	0.370826	0.302896	0.261287	0.0649917	2.014163	1.34993
11232	-3947.278	-4209.374	262.0959	0.6838742	0.350855	0.286583	0.30107	0.0614916	1.944044	1.476684
11238	-3945.098	-4207.211	262.1134	0.676913	0.415909	0.276151	0.256268	0.0516724	1.933886	1.476684
11244	-3947.116	-4209.033	261.9167	0.6530174	0.33778	0.319977	0.294736	0.0475073	1.870671	1.68543
11250	-3936.06	-4197.654	261.5947	0.7630868	0.364624	0.25163	0.318159	0.0655869	1.802737	1.875578
11256	-3953.538	-4214.63	261.0922	1.01344	0.452945	0.106177	0.370444	0.0704346	1.732494	2.086642
11262	-3948.718	-4210.073	261.3554	0.8972819	0.452945	0.106177	0.370444	0.0704346	1.702169	2.010308
11268	-3952.485	-4213.937	261.4525	0.8972819	0.457202	0.107175	0.402696	0.0329264	1.625706	1.996607
11274	-3956.409	-4217.285	260.8758	1.492245	0.516962	0.0850482	0.283801	0.114189	1.738238	1.930627
11280	-3963.13	-4224.608	261.4783	0.916519	0.518792	0.15419	0.205523	0.121496	1.852057	1.812188
11286	-3961.684	-4223.328	261.6439	0.7552247	0.432075	0.168994	0.265769	0.133161	1.854298	1.812188
11292	-3960.031	-4221.038	261.0071	0.8585368	0.40023	0.205775	0.26308	0.130915	1.705404	2.261768
11298	-3962.968	-4224.081	261.1135	1.007785	0.394295	0.143286	0.413046	0.049373	1.718418	2.085583
11304	-3949.349	-4209.842	260.4933	1.221351	0.404786	0.185562	0.361745	0.0479071	1.682303	2.375474
11310	-3959.869	-4220.748	260.879	1.128732	0.391341	0.0548175	0.514269	0.0395721	1.604294	2.235248
11316	-3956.001	-4216.321	260.3203	1.128732	0.435365	0.0844616	0.386748	0.0934252	1.535102	2.630587
11322	-3939.836	-4200.38	260.5446	0.8886368	0.500883	0.112048	0.331164	0.0559051	1.550243	2.630587
11328	-3942.492	-4203.289	260.7972	0.7030873	0.346281	0.144009	0.383608	0.126102	1.586554	2.572042
11334	-3943.43	-4204.233	260.8033	0.8893016	0.323148	0.326714	0.267576	0.0825619	1.632831	2.417333
11340	-3933.37	-4194.456	261.0864	0.8156193	0.222697	0.250376	0.438701	0.0882259	1.70448	2.2401
11346	-3951.789	-4213.22	261.4305	0.7136555	0.48779	0.134089	0.264183	0.113939	1.716971	2.07791
11352	-3948.709	-4209.552	260.8429	0.8994391	0.421449	0.110451	0.336237	0.131863	1.613533	2.397942
11358	-3940.931	-4201.469	260.5386	0.9478868	0.573874	0.128616	0.234738	0.0627722	1.658072	2.529898
11364	-3953.334	-4213.998	260.6645	0.7061202	0.411789	0.224881	0.302841	0.0604889	1.557502	2.670004
11370	-3966.558	-4227.095	260.5371	0.8019032	0.411789	0.224881	0.302841	0.0604889	1.583891	2.670004
11376	-3976.435	-4236.818	260.3832	0.7359955	0.417829	0.211629	0.313618	0.0569244	1.526967	2.841196
11382	-3965.393	-4225.998	260.6051	0.8744496	0.356957	0.233757	0.34641	0.0628765	1.62824	2.55386
11388	-3973.828	-4233.713	259.8859	0.9966677	0.439067	0.0967425	0.369158	0.095032	1.519417	2.983465
11394	-3962.695	-4224.042	261.3466	0.9197517	0.346261	0.0651984	0.383296	0.205245	1.821793	1.920558
11400	-3975.373	-4236.508	261.1349	0.7907447	0.442422	0.297274	0.169527	0.0907772	1.715292	2.218673
11406	-3957.922	-4219.025	261.1034	0.8019174	0.466511	0.247227	0.210668	0.0755939	1.73504	2.218673
11412	-3956.936	-4217.883	260.9466	0.8019174	0.350438	0.185714	0.431046	0.0328019	1.619779	2.392397
11418	-3959.191	-4220.266	261.0753	0.8019174	0.429224	0.227466	0.303134	0.0401765	1.626351	2.306503
11424	-3954.744	-4216.085	261.3409	0.913069	0.453057	0.271189	0.0891794	0.186574	1.697575	2.01224
11430	-3965.238	-4226.701	261.463	0.915849	0.503517	0.301393	0.0984168	0.0966736	1.646502	1.962937
11436	-3975.912	-4236.927	261.0156	0.81859	0.341696	0.400145	0.12981	0.128349	1.642836	2.322906
11442	-3983.264	-4244.436	261.1717	0.8235152	0.348121	0.294726	0.113995	0.243157	1.574415	2.263601
11448	-3980.497	-4241.16	260.6637	0.8235152	0.427911	0.324146	0.0855921	0.162351	1.576242	2.582595
11454	-3954.595	-4215.713	261.1179	0.8895456	0.517203	0.143081	0.303466	0.0362501	1.748107	2.141721
11460	-3964.608	-4225.945	261.3369	0.8895456	0.440824	0.192329	0.258652	0.108196	1.734077	2.006686
11466	-3965.007	-4226.535	261.5277	0.7359081	0.330792	0.296518	0.355908	0.0167827	1.70951	2.002856
11472	-3968.428	-4230.347	261.919	0.560813	0.247092	0.38133	0.288149	0.0834292	1.753336	1.833385
11478	-3974.13	-4236.277	262.1465	0.4454121	0.235414	0.389822	0.31007	0.0646943	1.853115	1.684806
11484	-3976.538	-4236.914	260.3759	0.8798552	0.413997	0.0690399	0.419351	0.0976125	1.611749	2.702143
11490	-3969.996	-4230.332	260.3365	0.9803842	0.433655	0.0723183	0.391779	0.102248	1.487604	2.739591
11496	-3959.102	-4220.338	261.2355	0.5710231	0.239216	0.297162	0.352592	0.11103	1.711704	2.305159
11502	-3953.093	-4213.522	260.4287	0.8330439	0.240132	0.315114	0.353942	0.0908116	1.65112	2.675321
11508	-3970.96	-4231.734	260.7742	0.6102722	0.322697	0.325674	0.214367	0.137262	1.572275	2.655801
11514	-3948.246	-4210.298	262.0527	0.6653219	0.266004	0.307941	0.346807	0.0792484	1.829487	1.607969
11520	-3940.875	-4202.917	262.0416	0.6647128	0.306359	0.240373	0.368958	0.08431	1.951635	1.526852
11526	-3949.217	-4211.026	261.8085	0.8500817	0.363839	0.182837	0.438183	0.0151407	2.014411	1.508425
11532	-3964.779	-4226.617	261.8375	0.8980105	0.506439	0.259747	0.165966	0.067848	2.004839	1.456402
11538	-3954.529	-4216.592	262.0636	0.6961485	0.389786	0.199296	0.273268	0.137649	1.926796	1.504143
11544	-3975.409	-4237.315	261.9058	0.6705149	0.310608	0.397156	0.276108	0.0161274	2.004438	1.583505
11550	-3951.703	-4213.68	261.9775	0.7903519	0.306014	0.311765	0.36975	0.0124715	1.995544	1.442047
11556	-3954.438	-4216.229	261.7913	0.8775716	0.399769	0.302389	0.26525	0.0325918	2.084951	1.446556
11562	-3964.957	-4227.198	262.2408	0.4652663	0.168665	0.460124	0.324874	0.0463367	2.075517	1.43785
11568	-3963.332	-4225.387	262.0556	0.7678165	0.262468	0.262011	0.447411	0.0281097	2.182583	1.249717
11574	-3950.242	-4212.53	262.288	0.5604888	0.377717	0.288571	0.293259	0.0404526	2.084329	1.318895
11580	-3959.982	-4222.16	262.1777	0.6358738	0.229075	0.241897	0.50932	0.019707	2.084329	1.34396
11586	-3943.772	-4206.057	262.2848	0.6473391	0.423265	0.15497	0.40914	0.0126252	1.965086	1.34396
11592	-3940.715	-4202.79	262.0752	0.7816477	0.252174	0.270942	0.443648	0.0332357	1.924443	1.428605
11598	-3947.169	-4209.125	261.9554	0.6680175	0.323986	0.335562	0.290818	0.0496345	1.966913	1.576594
11604	-3948.437	-4210.223	261.7857	0.842958	0.371098	0.245622	0.321648	0.0616326	1.993185	1.546635
11610	-3961.131	-4223.279	262.1478	0.7379757	0.26159	0.366737	0.285386	0.0862873	2.017496	1.3349
11616	-3967.87	-4229.982	262.1122	0.6020119	0.236828	0.419618	0.204441	0.139114	2.006137	1.482763
11622	-3949.453	-4211.372	261.9191	0.7212314	0.241285	0.427515	0.285277	0.045923	1.899589	1.611081
11628	-3947.352	-4209.35	261.9981	0.7040161	0.322283	0.378717	0.258319	0.0406812	1.960609	1.521608
11634	-3954.56	-4216.506	261.9456	0.5885302	0.282484	0.416722	0.252599	0.0481949	1.965733	1.6454
11640	-3942.477	-4204.434	261.9569	0.6662768	0.351715	0.291995	0.304949	0.0513405	1.991942	1.558488
11646	-3938.955	-4200.803	261.8485	0.7977999	0.34473	0.286196	0.318754	0.0503208	1.991942	1.535982
11652	-3946.541	-4208.54	261.999	0.7885895	0.453077	0.206397	0.229877	0.110649	1.951029	1.460977
11658	-3961.382	-4222.893	261.5108	0.7907384	0.513998	0.118166	0.218989	0.148847	1.81392	1.90524
11664	-3952.573	-4214.092	261.5194	0.807182	0.285188	0.435675	0.22013	0.0590069	1.836976	1.87198
11670	-3944.731	-4206.021	261.2895	0.7738421	0.317931	0.278521	0.269142	0.134406	1.83806	2.049132
11676	-3955.363	-4216.626	261.2627	0.7738421	0.358287	0.220698	0.298323	0.122692	1.741007	2.130507
11682	-3953.348	-4214.542	261.1944	0.7738421	0.333485	0.250535	0.379487	0.0364925	1.817541	2.125145
11688	-3931.346	-4192.912	261.5655	0.7597958	0.425105	0.265348	0.263029	0.0465182	1.86068	1.858334
11694	-3938.576	-4200.348	261.7722	0.7641949	0.375357	0.286037	0.283536	0.0550698	1.896842	1.685871
11700	-3961.722	-4223.191	261.4687	0.7641949	0.369214	0.264897	0.31489	0.0509998	1.865177	1.917975
11706	-3960.079	-4220.973	260.8933	0.8848194	0.486987	0.256861	0.185613	0.0705396	1.756858	2.284325
11712	-3962.068	-4223.733	261.6647	0.6205561	0.323252	0.415101	0.240842	0.0208042	1.796884	1.934286
11718	-3948.686	-4209.768	261.0814	0.8902886	0.279405	0.272187	0.352221	0.0961874	1.750999	2.163142
11724	-3937.485	-4198.761	261.2755	0.8254768	0.282986	0.275676	0.343917	0.0974205	1.775167	2.064152
11730	-3951.484	-4212.169	260.6851	1.002996	0.49142	0.119548	0.301297	0.0877347	1.65559	2.404812
11736	-3967.166	-4228.25	261.084	0.7989547	0.459733	0.185224	0.274973	0.0800696	1.696042	2.258311
11742	-3948.372	-4208.688	260.3164	1.132219	0.443096	0.12873	0.331612	0.0965621	1.618675	2.579226
11748	-3961.629	-4222.318	260.6898	0.8895746	0.449974	0.0958261	0.356139	0.0980609	1.647657	2.479163
11754	-3952.035	-4212.799	260.7647	0.9205046	0.46858	0.123168	0.319557	0.0886953	1.643276	2.414915
11760	-3957.678	-4218.255	260.5766	1.070397	0.371727	0.365107	0.226101	0.0370652	1.696283	2.405473
11766	-3969.275	-4230.008	260.7336	0.9724206	0.410834	0.216451	0.22758	0.145135	1.636653	2.405473
11772	-3964.115	-4225.389	261.2742	0.7556958	0.553129	0.107011	0.306403	0.0334571	1.740446	2.135838
11778	-3963.684	-4225.191	261.5067	0.7171094	0.383513	0.223189	0.365894	0.0274032	1.740446	2.009532
11784	-3957.095	-4218.362	261.2677	0.5818183	0.309044	0.413801	0.24824	0.0289155	1.677876	2.299054
11790	-3959.125	-4220.987	261.8613	0.5028801	0.307263	0.400584	0.247621	0.044532	1.744156	1.919226
11796	-3953.509	-4215.478	261.969	0.4040796	0.245584	0.376587	0.340999	0.0368296	1.791011	1.877122
11802	-3968.125	-4229.737	261.6122	0.4516982	0.2717	0.359335	0.338908	0.0300576	1.791011	2.087172
11808	-3949.114	-4210.613	261.4986	0.6367617	0.205416	0.433008	0.330843	0.0307326	1.731295	2.077279
11814	-3953.275	-4214.711	261.4363	0.6367617	0.488517	0.264538	0.226893	0.0200508	1.804468	2.070082
11820	-3943.308	-4204.714	261.4062	1.050663	0.417354	0.251644	0.28509	0.0459117	1.901727	1.734012
11826	-3948.588	-4210.325	261.7373	0.9176937	0.44352	0.26742	0.1907	0.0983602	1.92185	1.57804
11832	-3951.568	-4213.229	261.6614	0.8348777	0.402361	0.259523	0.272159	0.065956	1.843541	1.749438
11838	-3949.228	-4211.083	261.855	0.8884858	0.528478	0.17107	0.250347	0.0501047	1.864022	1.556044
11844	-3977.738	-4238.936	261.1982	1.050783	0.500435	0.159261	0.220668	0.119637	1.864222	1.903292
11850	-3954.438	-4216.349	261.9109	0.7499702	0.424649	0.221868	0.265219	0.0882641	1.864222	1.620624
11856	-3959.808	-4221.806	261.9982	0.7308328	0.454943	0.237696	0.284139	0.0232214	1.956243	1.503613
11862	-3953.608	-4215.872	262.2645	0.6385469	0.37352	0.184448	0.419379	0.0226531	1.960015	1.371396
11868	-3969.897	-4231.869	261.9712	0.8633046	0.52461	0.193887	0.27397	0.00753399	2.120423	1.288339
11874	-3965.067	-4226.544	261.4769	0.8675819	0.393705	0.279894	0.222981	0.10342	1.767183	1.905643
11880	-3950.314	-4211.903	261.5896	0.9905955	0.34882	0.247984	0.311568	0.091629	1.854558	1.679916
11886	-3944.652	-4206.404	261.7521	0.797328	0.330366	0.366499	0.227004	0.0761312	1.848966	1.709389
11892	-3932.826	-4194.635	261.8091	0.7914935	0.410476	0.321174	0.183956	0.0843938	2.006486	1.559194
11898	-3940.993	-4202.7	261.7071	0.863986	0.533367	0.165651	0.23873	0.0622522	1.878793	1.67084
11904	-3934.46	-4196.329	261.8696	0.846949	0.589292	0.147238	0.208138	0.0553326	1.948068	1.514745
11910	-3939.773	-4201.284	261.5118	1.10279	0.517897	0.172688	0.260787	0.0486288	1.839668	1.667016
11916	-3951.63	-4213.568	261.9384	0.7022853	0.441495	0.135528	0.398292	0.0246843	1.951205	1.574017
11922	-3954.114	-4216.096	261.9824	0.7335732	0.512379	0.157287	0.305112	0.0252208	2.003157	1.478001
11928	-3958.191	-4220.202	262.0114	0.7546336	0.525039	0.147045	0.312651	0.0152646	1.951949	1.477997
11934	-3961.753	-4223.894	262.141	0.6993615	0.419499	0.254613	0.311266	0.014623	1.996956	1.388724
11940	-3946.449	-4208.68	262.2313	0.7515117	0.400404	0.406944	0.140382	0.0522702	2.10898	1.177488
11946	-3946.26	-4208.236	261.9752	0.8775232	0.37581	0.197309	0.313004	0.113877	2.105825	1.284981
11952	-3957.977	-4219.978	262.0013	0.7816936	0.34698	0.182173	0.410115	0.0607331	2.113745	1.338162
11958	-3968.645	-4230.547	261.9021	0.9247115	0.326692	0.277901	0.338225	0.057182	2.073055	1.331515
11964	-3954.821	-4216.538	261.7173	1.165918	0.416934	0.305512	0.167469	0.110085	2.004655	1.3436
11970	-3973.077	-4235.287	262.2103	0.7591615	0.412484	0.138576	0.338275	0.110665	2.064557	1.226609
11976	-3965.163	-4226.734	261.571	1.021452	0.430739	0.131337	0.329974	0.10795	2.033982	1.540902
11982	-3952.15	-4213.733	261.583	1.02399	0.485311	0.108823	0.308934	0.0969325	2.038633	1.526673
11988	-3950.293	-4212.055	261.7615	1.007786	0.414725	0.201729	0.301572	0.0819741	2.195605	1.27817
11994	-3944.891	-4207.178	262.2862	0.6154473	0.346499	0.225245	0.336726	0.0915299	2.118355	1.245391
12000	-3935.66	-4197.608	261.9488	0.7833318	0.42944	0.200146	0.280211	0.0902023	2.052123	1.426257
12006	-3960.377	-4222.322	261.9453	0.7833318	0.240562	0.359018	0.257256	0.143164	2.106982	1.386417
12012	-3948.197	-4210.227	262.0299	0.7394237	0.338853	0.237054	0.28258	0.141512	2.068647	1.386417
12018	-3949.794	-4211.554	261.76	0.8960928	0.304743	0.235885	0.318558	0.140814	2.047805	1.484049
12024	-3944.091	-4206.133	262.0423	0.7599934	0.417517	0.196351	0.324963	0.061169	2.104701	1.330934
12030	-3946.25	-4208.172	261.9226	0.7828921	0.335424	0.1786	0.447287	0.0386887	1.974243	1.505595
12036	-3944.361	-4206.471	262.1102	0.6299251	0.224566	0.470501	0.234478	0.0704543	1.966978	1.491654
12042	-3946.053	-4207.652	261.599	0.7484458	0.228086	0.477876	0.238153	0.0558857	1.856069	1.846785
12048	-3952.754	-4214.524	261.7699	0.9187408	0.364159	0.223768	0.380232	0.0318413	1.887965	1.578199
12054	-3955.215	-4216.581	261.3663	1.151685	0.322451	0.262062	0.339596	0.0758899	1.911176	1.686197
12060	-3955.887	-4217.279	261.3926	1.174534	0.434481	0.167493	0.171547	0.226479	1.913828	1.649952
12066	-3960.539	-4222.466	261.9276	0.7131738	0.351174	0.098573	0.237156	0.313097	1.930873	1.588347
12072	-3942.386	-4203.794	261.4078	0.8760446	0.324162	0.0909909	0.508661	0.0761865	1.871106	1.876024
12078	-3955.644	-4216.944	261.2999	0.9623227	0.371954	0.110908	0.42972	0.0874189	1.871106	1.889515
12084	-3945.065	-4206.866	261.8008	0.7715457	0.48411	0.105836	0.27606	0.133995	1.930092	1.636118
12090	-3936.855	-4198.311	261.4558	0.9399213	0.436483	0.149272	0.333014	0.0812316	1.789879	1.854053
12096	-3948.717	-4210.556	261.8383	0.7328251	0.473055	0.151775	0.285793	0.0893769	1.861675	1.687432
12102	-3955.556	-4216.805	261.2483	1.117523	0.378705	0.261305	0.292414	0.0675757	1.926925	1.781108
12108	-3955.281	-4216.702	261.4209	1.21758	0.469527	0.08415	0.362541	0.0837819	1.956279	1.569139
12114	-3952.22	-4213.855	261.6352	1.053671	0.419642	0.132966	0.394446	0.0529461	1.986433	1.504739
12120	-3956.287	-4218.12	261.8332	0.8254274	0.327752	0.292122	0.196942	0.183185	2.062812	1.472741
12126	-3950.851	-4213.101	262.25	0.6355029	0.219898	0.464952	0.254305	0.0608453	2.111511	1.263566
12132	-3950.981	-4213.063	262.0817	0.766611	0.172984	0.419918	0.272881	0.134217	2.060458	1.329178
12138	-3954.715	-4216.967	262.2518	0.5783012	0.193089	0.409046	0.248049	0.149816	2.089215	1.329178
12144	-3953.968	-4216.136	262.1687	0.4356095	0.24446	0.391259	0.308256	0.0560246	1.923665	1.624864
12150	-3952.174	-4213.785	261.6114	0.9199096	0.564565	0.196892	0.214914	0.023629	1.954504	1.643971
12156	-3955.245	-4217.059	261.8144	0.94754	0.353789	0.394478	0.216993	0.0347404	2.026959	1.418437
12162	-3944.013	-4206.342	262.3294	0.5750714	0.151557	0.496302	0.255706	0.0964346	1.922912	1.401786
12168	-3938.667	-4200.677	262.0094	0.6671698	0.226646	0.474797	0.244626	0.0539298	1.964582	1.539278
12174	-3951.707	-4213.682	261.9753	0.6084594	0.268032	0.425971	0.23573	0.0702671	1.931177	1.633815
12180	-3937.606	-4199.715	262.1091	0.598151	0.283209	0.400922	0.231651	0.0842176	1.948333	1.531357
12186	-3951.632	-4213.028	261.3961	0.8985314	0.448089	0.273107	0.204469	0.0743353	1.910126	1.841474
12192	-3956.702	-4218.506	261.8042	0.8689031	0.394185	0.23759	0.172645	0.195579	1.978491	1.523884
12198	-3948.514	-4210.064	261.5503	0.7019224	0.402182	0.148101	0.400415	0.049302	1.846588	1.919832
12204	-3952.616	-4214.195	261.5785	0.675321	0.295741	0.373564	0.294442	0.0362537	1.846588	1.919832
12210	-3962.43	-4223.868	261.4379	0.675321	0.258625	0.44541	0.289733	0.00623248	1.863902	2.002572
12216	-3954.422	-4216.206	261.7833	0.836388	0.258303	0.444855	0.289372	0.00747136	2.002066	1.546908
12222	-3950.226	-4212.127	261.9016	0.7321325	0.479082	0.176105	0.330919	0.0138941	2.01284	1.532377
12228	-3965.29	-4226.298	261.0088	0.9427999	0.465022	0.198163	0.321208	0.0156075	1.856447	2.106679
12234	-3951.424	-4213.324	261.8997	0.8695743	0.30175	0.358753	0.177225	0.162272	1.859624	1.54072
12240	-3947.424	-4209.324	261.8997	0.8695743	0.449077	0.291776	0.144138	0.115009	1.859624	1.54072
12246	-3950.689	-4212.321	261.6315	0.9430668	0.330892	0.261685	0.304276	0.103147	1.815659	1.711758
12252	-3965.937	-4227.906	261.9699	0.706109	0.279571	0.365176	0.205008	0.150244	1.718267	1.715805
12258	-3951.514	-4213.226	261.712	0.8480469	0.366317	0.367475	0.223678	0.0425296	1.825103	1.717194
12264	-3965.595	-4227.27	261.6743	0.8058547	0.36231	0.363456	0.255681	0.0185533	1.756677	1.821783
12270	-3945.077	-4205.976	260.8988	0.7070377	0.367281	0.179166	0.43848	0.0150737	1.651945	2.465263
12276	-3962.401	-4223.476	261.0751	0.742429	0.517349	0.20062	0.274611	0.00742028	1.618846	2.351241
12282	-3960.639	-4222.013	261.3735	0.7119329	0.341316	0.395381	0.248498	0.0148041	1.710697	2.120628
12288	-3947.937	-4208.728	260.7902	0.866081	0.39983	0.366509	0.207794	0.0258669	1.678132	2.412152
12294	-3947.645	-4209.74	262.0946	0.9142882	0.520701	0.184248	0.19011	0.10494	2.147477	1.114309
12300	-3949.247	-4211.548	262.3013	0.7163122	0.336104	0.368629	0.22753	0.0677371	2.147414	1.114309
12306	-3952.177	-4214.339	262.1623	0.7858472	0.336104	0.368629	0.22753	0.0677371	2.126014	1.191219
12312	-3951.267	-4213.271	262.0047	0.8292521	0.362637	0.229547	0.245492	0.162323	2.107851	1.300131
12318	-3958.337	-4220.516	262.1793	0.8778827	0.363036	0.2298	0.244662	0.162502	2.11162	1.103901
12324	-3946.554	-4208.587	262.0329	0.8116652	0.467314	0.136737	0.281086	0.114863	2.076368	1.317671
12330	-3955.687	-4217.731	262.0439	0.7558078	0.404313	0.181927	0.403045	0.010715	2.133075	1.310307
12336	-3958.467	-4220.568	262.1019	0.7966384	0.196984	0.247542	0.535271	0.0202025	2.140561	1.220703
12342	-3944.973	-4206.065	261.0919	1.082798	0.388348	0.364234	0.188686	0.0587327	1.692039	2.068399
12348	-3943.664	-4204.622	260.9589	1.157515	0.459126	0.132144	0.387421	0.0213083	1.721954	2.088744
12354	-3950.901	-4212.039	261.1377	1.053065	0.433708	0.141285	0.414219	0.0107886	1.772578	2.003986
12360	-3961.079	-4222.497	261.4188	0.9643788	0.411361	0.183931	0.355976	0.0487318	1.772578	1.874175
12366	-3953.448	-4214.878	261.4306	0.8773942	0.492541	0.170436	0.281866	0.0551574	1.763369	1.932666
12372	-3970.572	-4232.005	261.4334	0.9773608	0.388154	0.337332	0.253051	0.0214624	1.864306	1.792071
12378	-3945.151	-4206.353	261.2025	0.9675325	0.43621	0.206347	0.318888	0.0385553	1.803729	1.996862
12384	-3958.455	-4219.605	261.1506	0.9675325	0.507962	0.0978469	0.371342	0.0228494	1.777012	2.049124
12390	-3955.564	-4217.081	261.5168	0.9317043	0.542333	0.0823269	0.369143	0.00619696	1.753979	1.842548
12396	-3964.516	-4225.788	261.2715	1.085397	0.546705	0.0609459	0.372119	0.0202304	1.845987	1.842548
12402	-3966.444	-4227.776	261.3314	0.8651932	0.583562	0.0548409	0.334844	0.0267534	1.737141	2.025041
12408	-3964.209	-4225.171	260.9617	1.425262	0.544707	0.131635	0.299712	0.0239464	1.804795	1.866886
12414	-3946.744	-4208.663	261.919	0.7660082	0.371806	0.344656	0.172474	0.111064	1.871162	1.597395
12420	-3947.71	-4209.578	261.8685	0.7558774	0.509265	0.199914	0.234513	0.0563077	1.911818	1.612348
12426	-3953.323	-4214.881	261.5588	0.7558774	0.362786	0.200325	0.371086	0.0658027	1.801405	1.9061
12432	-3935.28	-4196.867	261.5866	0.7449708	0.270652	0.41574	0.238956	0.0746526	1.768774	1.917133
12438	-3961.134	-4222.502	261.368	0.8550132	0.25277	0.261305	0.438055	0.0478701	1.795115	1.969004
12444	-3943.794	-4205.45	261.6563	0.7203338	0.437385	0.22936	0.297115	0.0361403	1.7953	1.869431
12450	-3965.226	-4226.344	261.1182	0.8773286	0.284026	0.304847	0.360206	0.0509208	1.774829	2.132321
12456	-3970.767	-4231.497	260.73	1.058317	0.432927	0.231738	0.279348	0.0559862	1.594713	2.380223
12462	-3965.225	-4226.186	260.9606	1.058317	0.435214	0.22768	0.280824	0.056282	1.7692	2.119755
12468	-3953.068	-4214.515	261.447	0.9613549	0.525462	0.0876192	0.318965	0.0679529	1.764957	1.862223
12474	-3963.932	-4224.66	260.728	1.398003	0.531706	0.0886602	0.333976	0.0456582	1.772175	2.0617
12480	-3968.755	-4229.772	261.0165	0.9021117	0.369548	0.105326	0.407404	0.117722	1.67313	2.247583
12486	-3955.481	-4216.89	261.4087	0.8443714	0.408191	0.263137	0.263845	0.0648275	1.810624	1.938619
12492	-3960.696	-4222.37	261.6739	0.7245327	0.405372	0.135788	0.311408	0.147432	1.83276	1.82868
12498	-3966.239	-4227.874	261.6344	0.6402233	0.244562	0.529366	0.164676	0.0613964	1.78337	1.949849
12504	-3948.123	-4209.581	261.4579	0.7729211	0.284389	0.32028	0.323936	0.0713947	1.742915	2.001143
12510	-3955.567	-4217.194	261.6271	0.798569	0.355295	0.235882	0.349964	0.0588587	1.801005	1.829061
12516	-3943.561	-4204.807	261.2453	0.9522482	0.379733	0.315151	0.158677	0.146439	1.957179	1.875018
12522	-3946.344	-4207.996	261.6514	0.6789909	0.354499	0.326869	0.206601	0.112031	1.825855	1.88179
12528	-3968.046	-4230.117	262.071	0.6560143	0.315581	0.4665	0.0767982	0.14112	1.894234	1.554465
12534	-3962.079	-4223.821	261.7418	0.9041878	0.294861	0.397064	0.092818	0.215257	1.963249	1.554465
12540	-3963.26	-4225.369	262.1089	0.7204189	0.232981	0.155889	0.377785	0.233345	1.999438	1.394487
12546	-3955.856	-4217.939	262.0827	0.8017421	0.390114	0.23334	0.330681	0.0458653	2.044353	1.311636
12552	-3949.739	-4211.987	262.2483	0.6922743	0.294233	0.421767	0.249407	0.0345927	1.99426	1.311636
12558	-3940.546	-4202.548	262.0012	0.7409737	0.224322	0.353377	0.341075	0.0812267	1.96772	1.484648
12564	-3941.683	-4203.549	261.866	0.7409737	0.262784	0.284652	0.382627	0.069937	1.963545	1.587977
12570	-3949.322	-4211.542	262.2207	0.5163017	0.328986	0.225802	0.357657	0.087556	1.963545	1.499864
12576	-3962.236	-4223.95	261.7146	0.6785685	0.439923	0.301944	0.224702	0.0334313	1.871488	1.807488
12582	-3950.334	-4211.382	261.0472	0.8001738	0.497318	0.127801	0.329493	0.045388	1.800669	2.213803
12588	-3949.224	-4210.225	261.0013	0.7987559	0.409181	0.147122	0.379305	0.0643919	1.740455	2.282944
12594	-3953.084	-4214.117	261.0327	0.8365524	0.437501	0.107649	0.38566	0.0691899	1.6599	2.289132
12600	-3940.327	-4201.784	261.4566	0.7605686	0.487233	0.212872	0.204329	0.0955658	1.782203	1.984414
12606	-3934.307	-4195.823	261.5159	0.6872079	0.392351	0.221117	0.287265	0.0992672	1.800494	1.984414
12612	-3933.427	-4195.175	261.7485	0.7316456	0.360373	0.345151	0.23237	0.0621063	1.713174	1.854359
12618	-3932.451	-4193.602	261.1508	0.5962256	0.383131	0.298083	0.265149	0.0536368	1.68307	2.360541
12624	-3928.432	-4190.094	261.662	0.6810941	0.353152	0.218166	0.308555	0.120127	1.735016	1.934652
12630	-3942.854	-4204.624	261.7697	0.764502	0.351098	0.221502	0.352338	0.0750616	1.995226	1.616877
12636	-3948.186	-4210.033	261.8466	0.6918273	0.377789	0.238341	0.330727	0.0531426	1.995226	1.616877
12642	-3948.197	-4210.139	261.9416	0.6785456	0.340374	0.233945	0.36675	0.0589309	1.914248	1.616877
12648	-3955.979	-4217.444	261.4649	0.8004131	0.294065	0.202115	0.421005	0.082815	1.920627	1.856958
12654	-3947.023	-4208.711	261.6887	0.6744496	0.319728	0.233854	0.373038	0.0733796	1.865973	1.832136
12660	-3958.959	-4220.452	261.4928	0.8236808	0.319728	0.233854	0.373038	0.0733796	1.900891	1.834647
12666	-3948.611	-4210.071	261.4604	0.696159	0.324975	0.348466	0.270626	0.0559335	1.670369	2.101045
12672	-3951.897	-4212.258	260.3608	0.7173708	0.501423	0.135734	0.320453	0.0423892	1.527271	2.866538
12678	-3941.875	-4202.492	260.6168	0.7427225	0.397322	0.234075	0.253923	0.11468	1.591693	2.654479
12684	-3946.441	-4207.067	260.6259	0.6861388	0.329059	0.291771	0.236223	0.142947	1.642483	2.654479
12690	-3953.903	-4214.507	260.6039	0.7385182	0.49402	0.201996	0.189382	0.114602	1.501769	2.720356
12696	-3957.997	-4218.038	260.041	1.190206	0.397132	0.145406	0.387334	0.0701277	1.599105	2.726871
12702	-3947.245	-4207.862	260.6176	0.9516054	0.411417	0.136536	0.385535	0.0665114	1.626383	2.498001
12708	-3957.074	-4218.253	261.1785	0.8544353	0.494524	0.165523	0.204731	0.135221	1.692835	2.161879
12714	-3937.658	-4199.436	261.7774	0.7272191	0.556561	0.182131	0.225273	0.0360343	1.8901	1.714637
12720	-3943.301	-4204.887	261.5858	0.8271815	0.377744	0.423636	0.175077	0.0235423	1.921478	1.753348
12726	-3948.561	-4210.496	261.9356	0.5883975	0.246386	0.34596	0.339539	0.0681152	1.720928	1.824514
12732	-3955.156	-4216.738	261.5822	0.818153	0.338996	0.475997	0.0912889	0.0937179	1.790782	1.852851
12738	-3944.702	-4206.112	261.4103	0.9769479	0.554861	0.142324	0.14942	0.153395	1.913062	1.774528
12744	-3949.842	-4211.539	261.6971	0.8751822	0.44715	0.11853	0.283826	0.150495	1.832957	1.702314
12750	-3937.673	-4199.182	261.5095	0.6441055	0.462526	0.139809	0.315915	0.0817493	1.843731	1.990342
12756	-3945.05	-4206.381	261.3306	0.6418034	0.3922	0.270848	0.299528	0.0374239	1.684593	2.213785
12762	-3952.313	-4213.524	261.2109	0.7570532	0.363434	0.250982	0.350905	0.034679	1.682329	2.213785
12768	-3948.758	-4209.959	261.201	0.7570532	0.317033	0.340412	0.28969	0.0528647	1.799499	2.144173
12774	-3943.924	-4205.106	261.1825	0.7975269	0.393221	0.243139	0.290534	0.0731063	1.775457	2.144173
12780	-3940.061	-4200.991	260.9301	0.7975269	0.37128	0.300952	0.272669	0.0550992	1.710699	2.348156
12786	-3940.078	-4201.245	261.1669	0.7003894	0.351655	0.36468	0.254711	0.0289544	1.728686	2.250882
12792	-3942.345	-4203.509	261.1637	0.7617082	0.382887	0.276968	0.316413	0.0237317	1.667013	2.250882
12798	-3942.366	-4203.558	261.1925	0.7729408	0.38618	0.279351	0.322719	0.0117505	1.698182	2.204618
12804	-3943.067	-4203.872	260.8052	0.8698414	0.334886	0.219991	0.423857	0.0212659	1.739784	2.36119
12810	-3941.63	-4202.153	260.5228	0.884983	0.414092	0.309685	0.221771	0.0544512	1.570435	2.633891
12816	-3950.403	-4211.178	260.7747	0.8801982	0.395167	0.315987	0.240357	0.0484885	1.682498	2.409955
12822	-3946.373	-4207.174	260.8016	0.7387968	0.573865	0.15073	0.206355	0.0690498	1.671952	2.492568
12828	-3946.565	-4206.965	260.3995	1.060927	0.505297	0.11009	0.279426	0.105187	1.5884	2.589453
12834	-3955.61	-4215.912	260.3016	1.134141	0.505297	0.11009	0.279426	0.105187	1.615095	2.589453
12840	-3942.957	-4203.634	260.6773	0.6949918	0.342048	0.215969	0.396076	0.0459066	1.527377	2.687872
12846	-3944.14	-4204.273	260.1333	0.9297008	0.377545	0.266592	0.275074	0.0807887	1.564027	2.848055
12852	-3957.445	-4217.912	260.4678	1.014992	0.408741	0.170414	0.342059	0.078786	1.677837	2.519689
12858	-3968.004	-4228.348	260.3447	0.9969611	0.351731	0.284002	0.294349	0.0699177	1.637138	2.632486
12864	-3956.458	-4217.132	260.6744	0.9042677	0.593174	0.0892269	0.199687	0.117912	1.640638	2.483739
12870	-3940.407	-4201.15	260.7439	1.126611	0.326605	0.174588	0.405453	0.0933539	1.672018	2.279779
12876	-3960.657	-4221.523	260.866	1.097082	0.274727	0.283386	0.381956	0.0599307	1.63793	2.241663
12882	-3947.087	-4207.982	260.8952	0.7436477	0.277279	0.233054	0.456038	0.0336281	1.678611	2.426379
12888	-3951.204	-4211.511	260.3074	1.164901	0.303639	0.0936799	0.565856	0.036825	1.659091	2.540238
12894	-3948.429	-4209.458	261.0291	0.8721244	0.366601	0.059182	0.518345	0.0558725	1.857956	2.139729
12900	-3954.823	-4216.488	261.6647	0.7069321	0.349258	0.145653	0.478032	0.0270566	1.833888	1.846999
12906	-3955.374	-4216.938	261.5646	0.8472092	0.330832	0.290414	0.351273	0.0274811	1.813964	1.828231
12912	-3951.746	-4213.158	261.412	0.7793118	0.444847	0.151545	0.331488	0.0721202	1.850447	1.955387
12918	-3948.758	-4210.47	261.7118	1.022907	0.477183	0.149838	0.327755	0.0452232	1.908132	1.528727
12924	-3954.52	-4216.195	261.6748	0.9607547	0.45636	0.142035	0.380645	0.0209604	1.846411	1.646275
12930	-3952.419	-4214.188	261.7688	0.8649145	0.433264	0.117454	0.431949	0.017333	1.850445	1.646275
12936	-3955.465	-4216.989	261.524	0.8350012	0.447126	0.231567	0.301003	0.0203036	1.885133	1.81589
12942	-3966.409	-4228.08	261.6714	0.8033347	0.438865	0.228837	0.297454	0.034844	1.767915	1.8179
12948	-3960.78	-4221.9	261.1201	1.239045	0.400238	0.292379	0.28029	0.0270934	1.796385	1.879747
12954	-3941.689	-4203.515	261.8267	0.6263358	0.36465	0.313624	0.277538	0.0441883	1.800931	1.816934
12960	-3968.454	-4228.995	260.5412	1.404391	0.288244	0.275848	0.308846	0.127063	1.657918	2.253977
12966	-3955.274	-4216.876	261.602	0.8604964	0.315532	0.294207	0.338084	0.052176	1.821529	1.787609
12972	-3950.202	-4211.943	261.7419	0.9311643	0.331047	0.360114	0.187783	0.121055	2.005023	1.502895
12978	-3967.763	-4229.581	261.8176	0.8504502	0.455346	0.180612	0.208667	0.155375	1.912414	1.576822
12984	-3955.827	-4217.099	261.2725	1.326955	0.432508	0.267921	0.190929	0.108642	1.817192	1.703432
12990	-3960.34	-4221.884	261.5448	1.195734	0.451449	0.098451	0.3367	0.1134	1.914833	1.52337
12996	-3957.094	-4219.03	261.9352	0.9340226	0.461871	0.100724	0.344474	0.092931	1.920726	1.417732
13002	-3968.455	-4229.804	261.3487	1.199432	0.418155	0.203846	0.308163	0.0698365	1.920726	1.659539
13008	-3968.417	-4230.358	261.9408	0.8160794	0.460046	0.168475	0.321297	0.050182	1.954441	1.480661
13014	-3962.409	-4223.985	261.5759	0.8661911	0.360749	0.180272	0.430006	0.0289726	1.927525	1.727677
13020	-3963.015	-4224.881	261.8652	0.7409281	0.272108	0.195883	0.422213	0.109797	1.864608	1.66009
13026	-3968.467	-4230.282	261.8149	0.8306675	0.471822	0.168017	0.24908	0.111081	1.820679	1.66009
13032	-3950.53	-4212.354	261.8243	0.7821651	0.471734	0.0708118	0.352954	0.104501	1.876038	1.650055
13038	-3947.333	-4208.521	261.1881	1.239381	0.543071	0.0139367	0.406328	0.0366643	1.874677	1.778826
13044	-3947.371	-4208.815	261.4439	1.020114	0.519313	0.0133271	0.4323	0.0350604	1.853987	1.762241
13050	-3950.333	-4212.074	261.7402	0.8014203	0.503969	0.00931614	0.406228	0.0804868	1.846883	1.716245
13056	-3946.802	-4208.25	261.448	1.019414	0.548626	0.0890433	0.29122	0.0711116	1.70472	1.862921
13062	-3928.077	-4189.855	261.7784	1.019414	0.380312	0.226763	0.334392	0.0585335	1.972256	1.43269
13068	-3950.937	-4212.953	262.0163	0.6903515	0.418607	0.171624	0.324954	0.084815	1.944928	1.530476
13074	-3972.349	-4234.089	261.7399	0.785339	0.304314	0.225403	0.441653	0.0286305	1.944928	1.658777
13080	-3955.774	-4217.895	262.1216	0.5832701	0.337661	0.272564	0.243678	0.146098	1.890238	1.576501
13086	-3957.244	-4218.811	261.5671	0.774996	0.510489	0.128451	0.269599	0.0914608	1.840789	1.859903
13092	-3951.633	-4213.146	261.5121	1.196131	0.437648	0.137727	0.340672	0.083953	1.939661	1.528944
13098	-3957.37	-4219.244	261.874	0.8914312	0.422588	0.141416	0.349795	0.0862012	2.011317	1.428689
13104	-3970.809	-4232.133	261.3241	1.336817	0.508769	0.0487809	0.42113	0.0213196	1.952806	1.562052
13110	-3987.868	-4249.043	261.1757	0.863515	0.354617	0.232492	0.400572	0.0123191	1.766997	2.109155
13116	-3980.437	-4241.61	261.1727	0.7614392	0.345534	0.226537	0.359855	0.0680745	1.691834	2.229314
13122	-3984.604	-4245.774	261.1701	0.7319555	0.221457	0.456865	0.243355	0.0783234	1.656779	2.273485
13128	-3981.624	-4242.794	261.1698	0.7033977	0.376041	0.1278	0.345974	0.150185	1.637167	2.305555
13134	-3971.622	-4232.951	261.3298	0.7531458	0.275748	0.382749	0.287177	0.0543259	1.685035	2.137491
13140	-3966.504	-4227.853	261.3489	0.786989	0.277026	0.356116	0.231262	0.135596	1.739302	2.065973
13146	-3978.254	-4239.648	261.3939	1.037071	0.395741	0.33693	0.218803	0.0485261	1.833101	1.799783
13152	-3980.952	-4242.242	261.2904	1.116515	0.405343	0.297866	0.179243	0.117548	2.022345	1.685156
13158	-3968.304	-4229.948	261.6438	0.8513852	0.357377	0.262618	0.35263	0.0273748	1.93502	1.685156
13164	-3956.247	-4217.493	261.2457	0.8513852	0.360009	0.190533	0.355227	0.0942308	1.774945	2.066171
13170	-3973.429	-4235.17	261.7413	0.6215631	0.314524	0.390422	0.272269	0.0227852	1.76891	1.900699
13176	-3979.817	-4240.921	261.1044	0.8570342	0.225008	0.43524	0.326741	0.0130107	1.76891	2.158878
13182	-3968.269	-4229.642	261.3729	0.9297539	0.243068	0.327857	0.409349	0.0197256	1.750074	1.944306
13188	-3959.724	-4221.218	261.4938	0.7097963	0.255898	0.3223	0.402411	0.0193913	1.751217	2.016059
13194	-3956.672	-4217.976	261.3042	0.7097963	0.468757	0.168654	0.327067	0.0355211	1.71426	2.164995
13200	-3964.153	-4225.608	261.4548	0.9680956	0.352616	0.211649	0.40708	0.0286544	1.904018	1.756061
13206	-3965.031	-4226.81	261.7795	0.7060143	0.313324	0.351258	0.183719	0.151699	1.834559	1.767863
13212	-3958.97	-4220.359	261.389	1.036766	0.484453	0.206716	0.207933	0.100898	1.834559	1.802375
13218	-3960.9	-4222.281	261.381	0.960895	0.456957	0.194984	0.252888	0.0951717	1.865832	1.83869
13224	-3946.323	-4207.471	261.148	1.009815	0.400358	0.135328	0.337355	0.12696	1.798239	2.008628
13230	-3952.37	-4213.734	261.3641	0.7499239	0.378427	0.233464	0.367914	0.0201944	1.766218	2.063942
13236	-3955.633	-4216.091	260.4577	0.9299575	0.479285	0.191233	0.270535	0.0589474	1.615332	2.617915
13242	-3965.878	-4226.27	260.3915	1.103211	0.461496	0.184136	0.297608	0.0567596	1.626893	2.544899
13248	-3955.248	-4216.51	261.2626	0.6874583	0.399509	0.181124	0.370231	0.0491359	1.75028	2.183987
13254	-3954.242	-4215.955	261.7127	0.6874583	0.302144	0.404969	0.256286	0.0366006	1.785472	1.861416
13260	-3951.745	-4213.228	261.4826	0.7372774	0.473913	0.282647	0.217894	0.0255453	1.924927	1.887304
13266	-3952.174	-4214.092	261.9183	0.7372774	0.427731	0.289935	0.257265	0.0250686	1.921773	1.583171
13272	-3963.423	-4225.488	262.0646	0.6808345	0.420118	0.269596	0.252686	0.0576	1.85478	1.568797
13278	-3956.994	-4218.603	261.6087	0.7924885	0.303187	0.279601	0.392477	0.0247354	1.865245	1.801827
13284	-3958.729	-4220.397	261.6681	0.5309649	0.256744	0.349456	0.377588	0.0162114	1.836121	1.968322
13290	-3967.822	-4229.496	261.6739	0.6736082	0.272364	0.351493	0.359838	0.0163058	1.835615	1.863725
13296	-3971.501	-4233.045	261.5439	0.7074119	0.276736	0.312116	0.395485	0.0156633	1.775178	1.968293
13302	-3970.165	-4232.428	262.2631	0.7324505	0.307613	0.387411	0.294934	0.0100414	2.199326	1.086123
13308	-3977.04	-4239.211	262.1713	0.8296183	0.272267	0.373117	0.34294	0.0116758	2.121739	1.147062
13314	-3973.031	-4234.975	261.9439	0.8804184	0.370818	0.142853	0.387956	0.0983736	2.136732	1.282851
13320	-3964.463	-4226.601	262.1387	0.6637358	0.191129	0.526196	0.240421	0.0422536	2.036643	1.389045
13326	-3970.096	-4232.312	262.2154	0.695756	0.231617	0.233422	0.483756	0.0512044	2.066993	1.276157
13332	-3960.954	-4223.075	262.1202	0.7928055	0.270597	0.320079	0.31158	0.097744	2.093398	1.248322
13338	-3957.696	-4219.969	262.273	0.6942625	0.238174	0.381024	0.290746	0.090056	2.044611	1.248322
13344	-3955.367	-4217.639	262.2721	0.6461954	0.427578	0.231988	0.273326	0.0671081	2.118356	1.22999
13350	-3946.098	-4207.921	261.8237	0.9500869	0.367675	0.339586	0.235033	0.0577063	2.006845	1.424756
13356	-3964.006	-4225.267	261.2615	1.463544	0.268955	0.322588	0.321078	0.0873784	2.035809	1.462703
13362	-3974.594	-4236.372	261.7784	0.7548445	0.267509	0.332122	0.335224	0.0651453	1.840438	1.728344
13368	-3974.708	-4236.395	261.6871	0.9884547	0.29569	0.309699	0.312591	0.0820197	1.869536	1.600524
13374	-3963.866	-4225.337	261.4715	0.8843671	0.479309	0.226831	0.22895	0.06491	1.90424	1.803615
13380	-3966.88	-4229.119	262.2388	0.6989903	0.295666	0.343142	0.282799	0.0783925	1.962552	1.339061
13386	-3957.182	-4219.422	262.24	0.6491102	0.367968	0.248568	0.351954	0.0315101	1.962684	1.379739
13392	-3942.911	-4204.666	261.7545	0.9994726	0.390228	0.166834	0.354794	0.0881437	1.938532	1.491587
13398	-3949.281	-4210.944	261.6625	0.9994726	0.423378	0.169676	0.329564	0.0773819	1.919037	1.574286
13404	-3968.363	-4230.39	262.0269	0.7090441	0.455665	0.117501	0.391081	0.0357532	1.880034	1.556035
13410	-3947.884	-4209.092	261.208	0.8680567	0.455665	0.117501	0.391081	0.0357532	1.828683	2.044153
13416	-3962.865	-4224.364	261.499	1.061951	0.471486	0.0492418	0.404089	0.0751841	1.896201	1.664306
13422	-3970.371	-4231.139	260.7686	1.598093	0.450302	0.0472275	0.423648	0.0788232	1.896201	1.834715
13428	-3971.55	-4233.175	261.6244	0.8769258	0.333552	0.146599	0.313808	0.206042	1.92308	1.688646
13434	-3948.546	-4210.421	261.8749	0.6411538	0.33172	0.330388	0.312085	0.0258072	1.804682	1.77008
13440	-3970.369	-4231.941	261.5719	0.9185598	0.289084	0.233419	0.393619	0.0838782	1.814776	1.771679
13446	-3957.034	-4218.718	261.6835	1.069379	0.498882	0.236088	0.116382	0.148647	1.887129	1.531313
13452	-3958.009	-4219.49	261.481	1.00834	0.528124	0.0623156	0.344726	0.0648345	1.952433	1.67491
13458	-3978.357	-4240.401	262.0442	0.715232	0.408917	0.184971	0.332678	0.0734342	1.982606	1.461468
13464	-3973.424	-4234.981	261.5575	0.7628208	0.212932	0.313557	0.43777	0.0357412	1.787904	1.91114
13470	-3966.821	-4228.078	261.2567	0.6376758	0.335995	0.357646	0.275379	0.0309802	1.624687	2.30251
13476	-3969.437	-4230.795	261.358	0.7650393	0.266285	0.395193	0.30429	0.0342326	1.769282	2.055455
13482	-3952.967	-4214.287	261.32	0.7763395	0.345197	0.330567	0.289642	0.0345945	1.917997	1.973907
13488	-3949.62	-4211.76	262.1403	0.6304119	0.324639	0.415119	0.232476	0.0277667	1.961678	1.472569
13494	-3950.111	-4212.087	261.9764	0.7879669	0.431678	0.329216	0.213203	0.0259034	1.958995	1.472559
13500	-3974.942	-4236.969	262.0264	0.6903384	0.389158	0.296788	0.290702	0.023352	2.012159	1.472559
13506	-3966.476	-4228.217	261.7411	0.7086786	0.308679	0.321921	0.351969	0.0174299	1.914952	1.736516
13512	-3952.366	-4214.483	262.1168	0.6760618	0.254437	0.324957	0.394066	0.0265394	1.956139	1.457919
13518	-3963.036	-4225.203	262.1674	0.5288993	0.202808	0.502816	0.268171	0.0262058	1.832163	1.626244
13524	-3974.551	-4236.071	261.5194	0.7319204	0.355165	0.38424	0.254848	0.00574686	1.753003	1.982232
13530	-3962.956	-4224.372	261.4154	1.240015	0.485887	0.157605	0.348647	0.00786203	1.815471	1.659916
13536	-3938.283	-4199.765	261.4822	0.830794	0.495453	0.160842	0.332711	0.0109945	1.909342	1.831021
13542	-3950.215	-4212.183	261.9684	0.6533206	0.267723	0.220362	0.473019	0.0388954	1.897028	1.629272
13548	-3958.956	-4220.861	261.9053	0.8555596	0.352683	0.323619	0.282426	0.0412722	1.917651	1.504141
13554	-3966.342	-4228.466	262.124	0.7588944	0.289699	0.337482	0.33668	0.0361393	1.960357	1.381461
13560	-3983.036	-4244.414	261.3782	0.5960579	0.259896	0.354436	0.377987	0.00768114	1.622198	2.254369
13566	-3965.337	-4226.807	261.4691	0.6852249	0.243618	0.3378	0.357401	0.0611817	1.694097	2.087376
13572	-3969.381	-4230.123	260.7412	0.9105719	0.27479	0.381023	0.275177	0.0690102	1.592004	2.468294
13578	-3956.052	-4217.44	261.3881	0.6508821	0.292841	0.397789	0.229107	0.0802633	1.599511	2.225383
13584	-3946.584	-4208.359	261.7747	0.6915834	0.220341	0.41259	0.251302	0.115767	1.808778	1.799725
13590	-3948.082	-4209.797	261.7153	0.7284624	0.324241	0.40574	0.184859	0.0851591	1.784513	1.830506
13596	-3947.797	-4209.586	261.7892	0.8665044	0.425197	0.31843	0.188062	0.0683109	1.867328	1.618266
13602	-3952.458	-4214.394	261.936	0.7356913	0.388767	0.334995	0.21378	0.0624581	1.895191	1.59087
13608	-3960.938	-4222.85	261.912	1.009862	0.380153	0.22191	0.1863	0.211637	1.931777	1.367615
13614	-3959.756	-4221.549	261.7935	0.8991316	0.588318	0.119698	0.161372	0.130612	1.931777	1.543354
13620	-3954.134	-4215.351	261.2168	1.609946	0.613111	0.0656114	0.168172	0.153105	2.01772	1.415014
13626	-3958.87	-4220.626	261.7557	1.252942	0.443807	0.0490976	0.234659	0.272436	2.090817	1.172097
13632	-3965.394	-4227.602	262.2079	0.8519146	0.492982	0.233178	0.20245	0.0713904	2.053675	1.154359
13638	-3953.041	-4215.254	262.2125	0.600177	0.239135	0.397484	0.301566	0.061816	1.905577	1.484424
13644	-3935.108	-4197.247	262.1386	0.4512845	0.181872	0.420468	0.319003	0.0786576	1.880418	1.667083
13650	-3941.923	-4203.871	261.9482	0.8258925	0.227158	0.525164	0.211702	0.0359766	1.947105	1.472859
13656	-3943.523	-4205.389	261.8658	0.8774	0.300536	0.473171	0.198245	0.0280478	1.88766	1.539071
13662	-3945.024	-4207.036	262.0127	0.8563795	0.363339	0.291742	0.239672	0.105247	1.924231	1.416834
13668	-3948.136	-4210.364	262.2277	0.7150005	0.303576	0.228907	0.310198	0.15732	1.918616	1.369203
13674	-3943.897	-4205.979	262.0824	0.7571321	0.310172	0.40195	0.140125	0.147753	2.019365	1.369203
13680	-3958.839	-4221.117	262.2788	0.766031	0.284872	0.349464	0.319812	0.0458517	2.242367	0.995419
13686	-3980.095	-4242.436	262.3414	0.7304725	0.373927	0.244482	0.327818	0.0537736	2.248104	0.9639842
13692	-3966.425	-4228.315	261.8906	0.5185315	0.282016	0.388205	0.268629	0.0611501	1.800898	1.849991
13698	-3952.568	-4214.819	262.2508	0.600547	0.306819	0.341648	0.319001	0.0325324	1.871057	1.481306
13704	-3971.782	-4234.132	262.3497	0.4803772	0.33692	0.324138	0.275829	0.0631133	1.894905	1.481306
13710	-3979.183	-4241.567	262.3839	0.6727471	0.196512	0.498865	0.2479	0.0567229	1.94604	1.257045
13716	-3961	-4223.491	262.4912	0.5907673	0.269814	0.475571	0.200541	0.0540742	2.130513	1.07719
13722	-3953.286	-4215.811	262.5246	0.6781366	0.321786	0.451524	0.1622	0.0644902	2.12375	0.9604063
13728	-3961.26	-4223.635	262.3757	0.6781366	0.355848	0.272465	0.30037	0.0713166	2.201344	1.032047
13734	-3943.633	-4205.648	262.0146	1.084654	0.480951	0.207085	0.165461	0.146504	2.145007	1.032047
13740	-3944.842	-4207.017	262.1752	0.808378	0.408382	0.229998	0.226387	0.135233	2.172922	1.117581
13746	-3952.829	-4214.489	261.6596	1.218759	0.442613	0.196345	0.223984	0.137057	2.070699	1.296664
13752	-3950.001	-4211.307	261.3061	1.483015	0.475909	0.190424	0.16977	0.163896	1.929157	1.496738
13758	-3947.8	-4209.182	261.382	1.528278	0.517096	0.179539	0.176405	0.126961	1.814266	1.496738
13764	-3959.613	-4222.126	262.5131	0.5815817	0.462583	0.251044	0.246817	0.0395557	2.256491	0.9399244
13770	-3957.43	-4219.442	262.0119	1.001931	0.200028	0.428852	0.339704	0.0314157	2.385982	0.8661681
13776	-3961.804	-4223.579	261.7747	1.283436	0.375991	0.410094	0.171273	0.0426427	2.446829	0.7416074
13782	-3962.053	-4224.467	262.4135	0.61572	0.423418	0.360383	0.192877	0.023322	2.463568	0.7658401
13788	-3953.507	-4216.009	262.502	0.5575574	0.44877	0.237129	0.289382	0.0247184	2.432811	0.7702757
13794	-3954.983	-4217.591	262.6082	0.5575574	0.400403	0.319348	0.258194	0.0220544	2.161988	0.9655716
13800	-3955.068	-4217.65	262.5817	0.5311075	0.389553	0.237785	0.35624	0.0164216	2.258974	0.919467
13806	-3956.912	-4219.551	262.6396	0.4845085	0.426221	0.374531	0.195417	0.00383106	2.226469	0.9423574
13812	-3962.313	-4224.431	262.1177	0.9105142	0.445396	0.254618	0.296289	0.00369746	2.1356	1.107659
13818	-3963.84	-4225.984	262.1439	0.9105142	0.462739	0.172642	0.3482	0.0164189	2.143293	1.076406
13824	-3955.823	-4217.94	262.1169	0.9463646	0.377183	0.122331	0.37087	0.129617	2.025528	1.17384
13830	-3958.217	-4220.249	262.032	1.01773	0.463943	0.172915	0.358773	0.00436922	2.091884	1.126842
13836	-3953.64	-4216.027	262.3875	0.673343	0.365637	0.198233	0.430883	0.00524739	2.042728	1.171245
13842	-3973.165	-4235.695	262.5302	0.5615424	0.477161	0.202644	0.316043	0.00415183	2.051111	1.141703
13848	-3951.819	-4213.98	262.1609	0.8531658	0.248585	0.438837	0.311007	0.00157034	2.051111	1.196374
13854	-3949.363	-4211.68	262.3169	0.704622	0.408963	0.197455	0.393209	0.000372019	2.051111	1.196374
13860	-3953.606	-4215.897	262.2909	0.7703455	0.469457	0.216839	0.311908	0.00179609	1.990143	1.211393
13866	-3949.751	-4212.075	262.3235	0.6987474	0.396001	0.325181	0.278495	0.000322387	2.108031	1.146435
13872	-3960.289	-4222.148	261.8585	0.8135607	0.447939	0.228949	0.322054	0.00105764	1.952065	1.545865
13878	-3962.629	-4224.204	261.575	1.24565	0.44637	0.194041	0.358775	0.000814642	1.924456	1.458177
13884	-3956.611	-4218.512	261.901	0.8098899	0.405644	0.284356	0.306146	0.0038533	2.001187	1.480347
13890	-3950.866	-4212.644	261.7776	1.088553	0.578337	0.0863069	0.328125	0.00723065	1.937077	1.407905
13896	-3950.878	-4212.049	261.1707	1.538274	0.408989	0.120878	0.459559	0.0105739	1.939627	1.554335
13902	-3949.306	-4210.516	261.2093	1.322971	0.403411	0.0999502	0.479892	0.0167468	1.927546	1.67252
13908	-3953.756	-4215.48	261.724	1.077576	0.477905	0.087604	0.420614	0.0138765	1.978456	1.425588
13914	-3946.573	-4208.325	261.752	1.011177	0.558308	0.110098	0.169689	0.161905	1.993465	1.442903
13920	-3965.343	-4227.246	261.903	0.9419723	0.362471	0.404403	0.117727	0.115399	2.07561	1.314573
13926	-3965.032	-4226.888	261.8563	0.9730687	0.332963	0.311721	0.194186	0.161129	2.05488	1.34345
13932	-3947.143	-4208.962	261.8185	0.8525307	0.286874	0.33326	0.207604	0.172262	1.877815	1.599867
13938	-3945.84	-4207.796	261.9559	0.7602403	0.424105	0.16853	0.346795	0.06057	1.877815	1.570058
13944	-3951.612	-4213.341	261.7293	0.7602403	0.447179	0.184778	0.323235	0.044808	1.856299	1.747674
13950	-3951.761	-4213.489	261.7275	0.8118937	0.478039	0.147771	0.252849	0.121341	1.885783	1.689963
13956	-3960.978	-4222.484	261.5065	0.9529955	0.392014	0.14151	0.318411	0.148065	1.961424	1.689963
13962	-3963.88	-4225.446	261.5651	1.299406	0.416916	0.165564	0.338637	0.0788829	1.969524	1.392914
13968	-3961.936	-4223.848	261.9123	0.8927897	0.450131	0.21255	0.257253	0.0800654	1.976192	1.425187
13974	-3972.502	-4234.323	261.8216	0.9418803	0.377001	0.160324	0.42755	0.0351245	1.915774	1.501824
13980	-3984.236	-4245.763	261.5273	0.9007202	0.43374	0.105055	0.381973	0.0792324	1.826157	1.807428
13986	-3976.315	-4237.168	260.853	0.9476551	0.518025	0.338964	0.0935899	0.049421	1.676202	2.320564
13992	-3976.188	-4237.204	261.0152	0.9476551	0.425182	0.278212	0.271432	0.0251746	1.711816	2.193493
13998	-3968.093	-4228.977	260.8831	0.9476551	0.397929	0.244037	0.333286	0.0247489	1.715221	2.276428
14004	-3966.056	-4226.768	260.7124	1.057569	0.439551	0.229788	0.275068	0.0555928	1.667207	2.345868
14010	-3965.899	-4227.259	261.3598	0.6665335	0.398247	0.239415	0.288296	0.0740425	1.897938	2.038029
14016	-3959.45	-4220.984	261.5338	0.6670334	0.423617	0.293728	0.224896	0.0577596	1.914698	1.909951
14022	-3943.936	-4205.537	261.6008	0.7032402	0.276982	0.275756	0.366309	0.0809524	1.7983	1.917412
14028	-3957.131	-4219.226	262.0956	0.6834324	0.44007	0.257517	0.278709	0.023704	1.955444	1.468574
14034	-3955.711	-4217.324	261.6131	0.9077055	0.452149	0.264586	0.25891	0.0243546	1.995376	1.62228
14040	-3953.468	-4215.545	262.0771	0.6621243	0.359224	0.351591	0.264322	0.0248637	1.953244	1.50122
14046	-3966.062	-4228.132	262.0701	0.783258	0.321084	0.435014	0.235959	0.00794253	2.165938	1.237977
14052	-3936.242	-4198.591	262.3493	0.6571329	0.485027	0.208848	0.294128	0.0119979	2.147741	1.12728
14058	-3930.701	-4192.923	262.2222	0.7465335	0.344165	0.205989	0.447978	0.00186834	2.147741	1.156126
14064	-3928.439	-4190.629	262.1904	0.6572364	0.370575	0.260342	0.361401	0.00768259	2.081173	1.318186
14070	-3936.427	-4198.517	262.0907	0.7149107	0.407121	0.131475	0.452964	0.00844026	2.050756	1.373094
14076	-3940.568	-4202.585	262.0163	0.6609343	0.232324	0.281729	0.467861	0.0180861	2.053036	1.472801
14082	-3949.472	-4211.493	262.021	0.6849494	0.313652	0.435791	0.23139	0.0191666	2.042121	1.458218
14088	-3952.106	-4214.177	262.0707	0.8827918	0.333974	0.325818	0.307236	0.0329719	2.150652	1.161699
14094	-3945.315	-4207.331	262.0161	0.8827918	0.241442	0.326283	0.390379	0.0418947	2.150652	1.208901
14100	-3960.4	-4222.422	262.0219	0.8771195	0.404799	0.199767	0.35711	0.0383243	2.150652	1.208901
14106	-3968.034	-4229.943	261.9088	0.8078287	0.459003	0.152657	0.324453	0.0638872	2.034599	1.450678
14112	-3968.109	-4229.975	261.8667	0.868637	0.488921	0.0759486	0.345602	0.0895284	1.974227	1.480403
14118	-3965.095	-4226.424	261.3292	1.1708	0.488921	0.0759486	0.345602	0.0895284	1.767339	1.800238
14124	-3965.954	-4228.255	262.3015	0.659259	0.320235	0.265526	0.284665	0.129574	2.072634	1.232017
14130	-3952.569	-4214.839	262.27	0.6490786	0.267473	0.286136	0.30676	0.139631	2.097927	1.246286
14136	-3955.818	-4218.231	262.4135	0.597809	0.297343	0.31809	0.341017	0.0435511	2.106306	1.162679
14142	-3974.574	-4236.702	262.1281	0.7481501	0.352708	0.221573	0.345551	0.0801688	2.052498	1.313927
14148	-3968.793	-4230.907	262.1138	0.7904257	0.348811	0.275747	0.275099	0.100343	2.189891	1.173747
14154	-3954.907	-4217.433	262.5268	0.613244	0.375283	0.167953	0.348806	0.107959	2.337019	0.7881715
14160	-3946.974	-4209.553	262.5791	0.5646963	0.257931	0.481486	0.220995	0.0395883	2.365669	0.7447286
14166	-3957.448	-4219.543	262.0952	0.981243	0.400389	0.250848	0.318056	0.0307071	2.381013	0.7936887
14172	-3955.613	-4217.833	262.2195	0.9055224	0.469781	0.199824	0.319577	0.0108173	2.381277	0.7235927
14178	-3940.163	-4202.501	262.338	0.7386898	0.279447	0.291204	0.314755	0.114595	2.4176	0.7533102
14184	-3944.218	-4206.437	262.219	0.8054258	0.367212	0.255985	0.276688	0.100115	2.431741	0.8017528
14190	-3943.186	-4205.779	262.5929	0.5269053	0.35138	0.31743	0.267976	0.0632137	2.346672	0.8068017
14196	-3945.334	-4207.865	262.5313	0.5687518	0.411885	0.274656	0.258764	0.0546955	2.289891	0.8979559
14202	-3933.73	-4195.848	262.1177	0.8725702	0.423159	0.30893	0.233152	0.034759	2.095661	1.177844
14208	-3955.539	-4217.86	262.3211	0.6122488	0.499599	0.184095	0.275268	0.0410379	2.166133	1.177844
14214	-3975.576	-4237.767	262.1913	0.6061144	0.468423	0.201241	0.291859	0.038477	2.07441	1.365869
14220	-3954.119	-4216.1	261.9801	0.7973315	0.46389	0.203876	0.291246	0.0409886	1.980558	1.445903
14226	-3947.73	-4209.522	261.7913	0.8251358	0.411188	0.236585	0.288344	0.063883	1.902559	1.622279
14232	-3939.277	-4200.868	261.5916	1.02869	0.426419	0.245349	0.261982	0.0662493	1.88195	1.63166
14238	-3932.849	-4194.449	261.6004	0.943722	0.430967	0.18131	0.278296	0.109426	1.958426	1.63166
14244	-3935.674	-4197.399	261.7248	0.9462017	0.289014	0.251267	0.385675	0.0740439	1.817826	1.641482
14250	-3949.084	-4210.987	261.9031	0.7253389	0.371484	0.322966	0.210377	0.0951723	1.888078	1.627785
14256	-3937.492	-4199.225	261.7327	0.8097563	0.420211	0.268633	0.249693	0.0614631	1.854032	1.71035
14262	-3936.601	-4198.459	261.8578	0.9010125	0.420211	0.268633	0.249693	0.0614631	1.811535	1.583098
14268	-3935.639	-4197.36	261.7207	0.9010125	0.377605	0.241396	0.325768	0.0552313	1.904623	1.615085
14274	-3940.74	-4202.358	261.6182	0.790517	0.325929	0.246335	0.281185	0.146551	1.809051	1.835462
14280	-3929.669	-4191.296	261.6266	0.8231135	0.476974	0.0896661	0.384534	0.0488258	1.802535	1.810612
14286	-3937.604	-4199.043	261.4394	0.8231135	0.515229	0.138498	0.256095	0.0901782	1.766885	1.962307
14292	-3942.696	-4204.643	261.947	0.544912	0.295543	0.304717	0.28407	0.11567	1.832146	1.77089
14298	-3952.279	-4214.408	262.1291	0.4348762	0.309511	0.319118	0.297496	0.0738751	1.864836	1.695747
14304	-3949.75	-4211.927	262.1772	0.4733367	0.233002	0.526279	0.187025	0.0536944	1.96553	1.562264
14310	-3937.238	-4199.244	262.0055	0.6838831	0.399133	0.253046	0.243429	0.104392	1.919565	1.562264
14316	-3933.576	-4195.506	261.9308	0.868244	0.3789	0.240219	0.312931	0.0679498	2.011456	1.403172
14322	-3942.029	-4204.256	262.2272	0.7983733	0.364009	0.230778	0.339933	0.0652793	2.070867	1.17131
14328	-3939.669	-4201.874	262.2054	0.6244787	0.304434	0.431714	0.209257	0.0545955	1.954272	1.433293
14334	-3941.703	-4203.417	261.7138	0.7670477	0.275594	0.439459	0.235525	0.0494233	1.871747	1.742706
14340	-3937.267	-4199.038	261.771	0.7535457	0.286969	0.27115	0.388878	0.0530024	1.828779	1.742706
14346	-3950.732	-4212.599	261.8672	0.6575744	0.448497	0.346136	0.13481	0.0705568	1.811893	1.758302
14352	-3947.006	-4208.812	261.8054	0.6575744	0.258534	0.464761	0.202024	0.0746808	1.790719	1.81589
14358	-3940.915	-4202.628	261.7131	0.7286818	0.432877	0.314703	0.202164	0.050256	1.807677	1.81589
14364	-3955.031	-4216.938	261.9069	0.7665823	0.358113	0.277433	0.325001	0.0394534	1.876103	1.602215
14370	-3953.331	-4215.2	261.8692	0.684367	0.153888	0.454586	0.317215	0.0743108	1.848971	1.71087
14376	-3949.29	-4211.391	262.1002	0.8158296	0.250821	0.443981	0.184586	0.120612	2.011285	1.312297
14382	-3949.515	-4211.614	262.0995	0.8158296	0.37707	0.164113	0.277496	0.181321	1.980021	1.338023
14388	-3953.875	-4216.003	262.1278	0.8158296	0.457244	0.0975609	0.269258	0.175938	2.073899	1.238141
14394	-3969.4	-4231.534	262.134	0.7932254	0.394682	0.271607	0.316016	0.0176963	2.164502	1.17572
14400	-3947.753	-4209.708	261.9553	0.8396989	0.392666	0.252741	0.314402	0.04019	2.02327	1.397946
14406	-3941.821	-4204.051	262.23	0.6752666	0.3384	0.259359	0.295528	0.106713	1.944309	1.380293
14412	-3952.458	-4214.463	262.0045	0.7920197	0.393372	0.295413	0.228651	0.0825644	1.970208	1.4394
14418	-3966.096	-4227.926	261.8303	1.032632	0.432849	0.264039	0.218673	0.0844396	1.812729	1.50434
14424	-3947.771	-4209.374	261.6028	1.109775	0.458715	0.259787	0.213435	0.0680635	1.835881	1.599333
14430	-3940.804	-4202.223	261.4191	0.974406	0.559235	0.148579	0.260206	0.0319796	1.828003	1.829125
14436	-3946.028	-4207.904	261.8763	0.7163465	0.325591	0.418409	0.195032	0.0609676	1.885714	1.655604
14442	-3955.573	-4217.382	261.8097	0.8139633	0.271168	0.348471	0.329584	0.0507767	1.840862	1.661855
14448	-3952.756	-4214.917	262.1605	0.6888672	0.29067	0.386099	0.186455	0.136776	1.875765	1.475476
14454	-3967.124	-4229.158	262.0345	0.6888672	0.212781	0.438913	0.248181	0.100125	1.824748	1.606508
14460	-3945.202	-4207.27	262.0684	0.775969	0.39491	0.454315	0.13556	0.0152151	2.074077	1.321079
14466	-3937.665	-4199.829	262.164	0.8234961	0.418901	0.368454	0.205349	0.00729555	1.9967	1.265603
14472	-3935.956	-4197.498	261.5419	1.288955	0.392635	0.238255	0.363621	0.0054891	1.95413	1.430199
14478	-3948.634	-4210.351	261.7165	0.8943528	0.502531	0.190506	0.290748	0.0162147	2.003123	1.551194
14484	-3949.412	-4211.162	261.7496	0.9440742	0.375152	0.249362	0.346498	0.028988	1.888231	1.573957
14490	-3965.407	-4227.261	261.8542	0.8592826	0.302226	0.223553	0.417598	0.0566238	1.999911	1.477763
14496	-3962.43	-4224.258	261.8282	0.8176133	0.335103	0.210639	0.393474	0.0607841	2.045873	1.495403
14502	-3946.758	-4208.699	261.9405	0.7613561	0.341355	0.206474	0.360783	0.0913876	1.882474	1.577031
14508	-3936.466	-4198.152	261.6856	0.8678869	0.316516	0.20592	0.44666	0.0309038	1.948787	1.633158
14514	-3935.785	-4197.514	261.7289	0.7794587	0.371392	0.282414	0.241382	0.104812	1.948947	1.668199
14520	-3940.417	-4202.098	261.6811	0.7530884	0.392469	0.171887	0.37776	0.0578834	1.873518	1.774613
14526	-3951.286	-4212.568	261.282	1.120942	0.442367	0.17226	0.317071	0.0683015	1.863555	1.799438
14532	-3941.797	-4203.735	261.9383	0.7198353	0.270145	0.443519	0.235587	0.0507488	1.968799	1.547479
14538	-3938.601	-4200.817	262.216	0.7238339	0.251858	0.47648	0.253096	0.0185663	2.013885	1.294841
14544	-3954.606	-4216.959	262.353	0.6248513	0.212569	0.414688	0.356584	0.0161586	2.190952	1.115756
14550	-3963.684	-4225.73	262.0454	0.6248513	0.140377	0.452707	0.389276	0.01764	2.062849	1.472232
14556	-3960.275	-4222.715	262.4399	0.503755	0.139164	0.448798	0.385914	0.0261238	2.043361	1.275656
14562	-3958.76	-4220.841	262.0812	0.6817917	0.227137	0.373298	0.374232	0.0253329	2.035435	1.419758
14568	-3955.623	-4217.267	261.6445	0.7598879	0.355651	0.39005	0.232181	0.0221181	1.918628	1.76366
14574	-3959.153	-4220.704	261.551	0.7260057	0.460342	0.270633	0.236878	0.0321472	1.883439	1.877096
14580	-3950.695	-4212.162	261.4668	0.9464627	0.516507	0.181646	0.265778	0.0360693	1.946991	1.732856
14586	-3943.871	-4205.805	261.9344	0.6092485	0.300566	0.438068	0.205202	0.0561648	1.944703	1.652932
14592	-3947.175	-4209.24	262.0656	0.6952487	0.315514	0.337718	0.250367	0.0964015	1.921581	1.507259
14598	-3936.111	-4197.86	261.7482	0.6952487	0.415512	0.21232	0.329717	0.0424523	1.873115	1.77078
14604	-3943.027	-4204.87	261.843	0.7632547	0.474041	0.18259	0.289596	0.0537738	1.953194	1.595142
14610	-3948.551	-4210.308	261.7568	0.6363832	0.298513	0.234114	0.371314	0.0960589	1.864007	1.814328
14616	-3943.008	-4204.884	261.8766	0.5752139	0.229131	0.412126	0.285011	0.0737322	1.846787	1.78785
14622	-3951.67	-4213.564	261.8937	0.7208031	0.257229	0.437172	0.248391	0.0572083	1.873223	1.648702
14628	-3951.097	-4213.006	261.9091	0.7387103	0.216662	0.414073	0.30096	0.0683049	1.901546	1.603463
14634	-3958.174	-4220.508	262.3334	0.5584414	0.26117	0.347377	0.34999	0.0414621	2.10811	1.264212
14640	-3954.307	-4216.452	262.1453	0.8237613	0.323076	0.429717	0.231928	0.0152794	2.146199	1.153853
14646	-3962.093	-4224.301	262.2082	0.8024676	0.301595	0.407179	0.24538	0.0458458	2.06805	1.186555
14652	-3959.168	-4221.416	262.2481	0.7427154	0.391337	0.267927	0.318395	0.0223408	1.915751	1.332011
14658	-3961.062	-4223.227	262.1647	0.7427154	0.38995	0.329887	0.267813	0.0123501	2.138944	1.216968
14664	-3957.966	-4220.111	262.1447	0.8093117	0.411016	0.212369	0.36966	0.00695461	2.05552	1.245059
14670	-3962.256	-4224.389	262.1334	0.6885777	0.189096	0.377533	0.39491	0.0384612	1.984874	1.412958
14676	-3961.321	-4223.477	262.1562	0.5480244	0.196915	0.529237	0.227062	0.0467851	1.921388	1.555052
14682	-3967.005	-4229.022	262.0166	0.6321855	0.199812	0.418348	0.233019	0.14882	1.972982	1.555052
14688	-3966.699	-4228.492	261.7928	0.9390213	0.318209	0.442603	0.129306	0.109882	1.991786	1.468494
14694	-3958.806	-4220.462	261.6559	0.7915581	0.347315	0.317974	0.155829	0.178882	1.866005	1.769172
14700	-3945.89	-4207.88	261.9906	0.7617131	0.346017	0.289638	0.274722	0.0896231	1.874234	1.546003
14706	-3961.889	-4223.341	261.4518	0.9792798	0.48509	0.264062	0.219911	0.0309378	1.915362	1.742345
14712	-3958.194	-4220.259	262.0653	0.7611373	0.278359	0.245811	0.369344	0.106486	1.891339	1.477836
14718	-3953.978	-4215.902	261.9238	0.7546757	0.35569	0.229354	0.29464	0.120316	1.863091	1.608489
14724	-3950.888	-4212.817	261.9289	0.7821276	0.368665	0.227158	0.353422	0.0507552	2.068806	1.429727
14730	-3948.764	-4211.002	262.2375	0.7821276	0.393953	0.174146	0.377664	0.0542367	2.026235	1.21554
14736	-3939.815	-4201.418	261.603	0.9216085	0.263553	0.188267	0.408288	0.139891	1.931127	1.665539
14742	-3940.883	-4203.087	262.2042	0.5264873	0.327783	0.215911	0.410367	0.0459399	2.017598	1.463703
14748	-3958.308	-4220.621	262.313	0.4804805	0.350828	0.231091	0.392741	0.0253399	1.954714	1.463703
14754	-3944.858	-4206.785	261.9272	0.9087728	0.354811	0.233715	0.397201	0.0142735	2.038964	1.351697
14760	-3935.151	-4197.342	262.1913	0.6136133	0.430623	0.161767	0.377251	0.0303584	2.084494	1.351697
14766	-3948.698	-4211.115	262.4171	0.6136133	0.334742	0.42973	0.221866	0.0136618	2.10166	1.148959
14772	-3946.337	-4208.694	262.3568	0.723008	0.359574	0.359912	0.224268	0.0562463	2.148654	1.055093
14778	-3956.316	-4218.694	262.3781	0.5794709	0.340332	0.340652	0.26578	0.0532364	2.078884	1.233086
14784	-3942.862	-4204.931	262.0689	0.7890888	0.249429	0.265504	0.404121	0.0809464	2.19155	1.212142
14790	-3942.271	-4204.537	262.2657	0.6850202	0.174644	0.550305	0.237493	0.0375581	2.112669	1.205347
14796	-3945.93	-4208.093	262.1636	0.6966622	0.225823	0.551622	0.153862	0.068693	2.150034	1.249519
14802	-3955.732	-4217.812	262.0807	0.6027441	0.230461	0.45078	0.25251	0.0662485	1.993645	1.51523
14808	-3953.872	-4216.193	262.321	0.59782	0.331236	0.397694	0.202717	0.0683525	2.035004	1.300631
14814	-3960.096	-4221.53	261.4341	0.7724667	0.310778	0.521372	0.156338	0.0115122	1.94426	1.881875
14820	-3944.439	-4206.363	261.9234	0.6401614	0.285029	0.478174	0.148875	0.0879222	1.90106	1.668663
14826	-3945.524	-4207.521	261.9969	0.6267972	0.38233	0.265145	0.246146	0.106379	1.838571	1.670905
14832	-3933.383	-4195.267	261.8831	0.7435999	0.379325	0.410218	0.139176	0.0712815	1.904956	1.616128
14838	-3937.415	-4199.154	261.7396	0.8639677	0.471206	0.2884	0.17444	0.0659544	1.963353	1.586378
14844	-3941.109	-4202.795	261.6864	0.6824789	0.308882	0.489984	0.119821	0.0813131	1.849969	1.838851
14850	-3947.62	-4209.291	261.6714	0.7287595	0.315515	0.237868	0.339077	0.10754	1.8528	1.813518
14856	-3945.708	-4207.065	261.3568	0.9466364	0.475065	0.202012	0.227832	0.0950909	1.776678	1.925704
14862	-3944.362	-4205.585	261.2231	1.171154	0.359794	0.0648292	0.512039	0.0633381	1.789659	1.857689
14868	-3953.329	-4213.472	260.1437	1.212474	0.541339	0.0124028	0.345328	0.10093	1.643474	2.623522
14874	-3946.257	-4206.301	260.0439	1.062485	0.482973	0.032637	0.374836	0.109554	1.486378	2.868752
14880	-3968.746	-4230.612	261.8659	0.9536012	0.380619	0.152169	0.400229	0.0669828	1.992926	1.400096
14886	-3953.598	-4215.743	262.1457	0.6745086	0.313131	0.284419	0.329264	0.0731866	1.957528	1.436048
14892	-3977.999	-4239.914	261.9152	0.8019586	0.361914	0.267647	0.310718	0.0597215	1.887526	1.560624
14898	-3962.917	-4225.169	262.2522	0.7245113	0.369228	0.290134	0.328805	0.0118325	1.988281	1.285578
14904	-3955.621	-4217.914	262.2925	0.6877851	0.33004	0.305183	0.30053	0.0642479	2.005418	1.270334
14910	-3959.049	-4221.054	262.0052	0.7812534	0.372828	0.285171	0.280823	0.0611782	1.97314	1.445298
14916	-3951.98	-4213.765	261.785	0.9825541	0.316899	0.32005	0.315171	0.04788	1.942794	1.478135
14922	-3943.668	-4205.474	261.806	0.8466238	0.431592	0.263198	0.291336	0.0138744	1.942232	1.56641
14928	-3950.117	-4212.233	262.1162	0.7274175	0.338102	0.365527	0.247596	0.0487756	1.957357	1.415743
14934	-3955.167	-4216.059	260.8916	0.6735766	0.400922	0.316801	0.244632	0.0376454	1.557813	2.550667
14940	-3955.878	-4216.538	260.6598	0.6735766	0.40164	0.364796	0.201116	0.0324485	1.557813	2.693892
14946	-3961.358	-4221.973	260.6144	0.7253028	0.453795	0.202485	0.307943	0.0357762	1.567718	2.682039
14952	-3955.351	-4215.614	260.263	0.7864556	0.33518	0.174945	0.458965	0.0309103	1.535567	2.876576
14958	-3959.248	-4219.915	260.6661	0.8644138	0.573722	0.100155	0.262754	0.0633696	1.575992	2.554877
14964	-3946.342	-4207.655	261.3125	0.7037047	0.537939	0.156279	0.246366	0.0594172	1.720374	2.159783
14970	-3977.058	-4238.979	261.9209	0.7844752	0.388958	0.212119	0.148396	0.250527	2.000036	1.486227
14976	-3959.328	-4221.216	261.8883	0.8148229	0.267672	0.457799	0.102122	0.172407	1.980697	1.501379
14982	-3948.732	-4211.091	262.359	0.6284082	0.404125	0.385222	0.0844658	0.126188	1.985871	1.283392
14988	-3965.586	-4227.529	261.943	0.8995732	0.33325	0.317662	0.277739	0.0713494	2.117264	1.283392
14994	-3953.203	-4215.332	262.129	0.7642405	0.45805	0.276642	0.241875	0.0234321	2.093271	1.266088
15000	-3939.558	-4201.401	261.8428	0.7173819	0.385957	0.314529	0.275001	0.0245133	1.965129	1.621779
15006	-3939.462	-4201.412	261.9502	0.6466026	0.262353	0.48163	0.186931	0.0690862	1.963931	1.599133
15012	-3945.248	-4207.095	261.8472	0.8796558	0.281267	0.330353	0.303116	0.085264	2.124679	1.370812
15018	-3955.616	-4217.55	261.9343	0.7513347	0.310175	0.26153	0.334269	0.094027	2.124679	1.407436
15024	-3954.59	-4216.652	262.0615	0.7787723	0.302616	0.411124	0.208209	0.0780508	2.044303	1.347976
15030	-3953.23	-4215.312	262.0819	0.7554864	0.485238	0.213959	0.198679	0.102124	2.084369	1.319258
15036	-3971.118	-4233.498	262.38	0.662727	0.444016	0.251053	0.233123	0.0718075	2.217558	1.027922
15042	-3961.894	-4222.959	261.0648	1.182452	0.507983	0.0672639	0.282804	0.141949	1.753827	1.981658
15048	-3963.053	-4224.959	261.9066	0.7866705	0.487883	0.178961	0.31781	0.0153456	1.857378	1.600685
15054	-3970.474	-4231.92	261.4461	0.8511877	0.36977	0.348637	0.26939	0.0122028	1.846904	1.88391
15060	-3958.174	-4219.893	261.7192	0.8217112	0.366846	0.324854	0.264418	0.0438827	1.970622	1.627789
15066	-3972.986	-4234.965	261.9788	0.9064345	0.375055	0.192551	0.344268	0.0881263	1.968629	1.368347
15072	-3957.986	-4219.95	261.9646	0.935104	0.468066	0.207315	0.254603	0.0700164	2.047798	1.292862
15078	-3969.335	-4231.069	261.7338	1.09246	0.357731	0.281878	0.246259	0.114132	1.967761	1.415083
15084	-3968.606	-4229.76	261.1536	1.031954	0.59979	0.109929	0.23011	0.0601702	1.873438	1.939764
15090	-3964.634	-4225.899	261.2645	1.031954	0.541327	0.0770422	0.279253	0.102378	1.746976	1.950214
15096	-3944.027	-4205.501	261.4743	1.205607	0.553781	0.103287	0.158761	0.184171	1.812582	1.642868
15102	-3968.936	-4229.833	260.8973	1.035934	0.367425	0.297606	0.246969	0.0879995	1.681225	2.232283
15108	-3975.609	-4236.626	261.017	0.8163076	0.242777	0.476531	0.18324	0.0974523	1.628824	2.332473
15114	-3965.259	-4225.918	260.6596	0.8270295	0.493298	0.118213	0.323128	0.0653611	1.753104	2.472596
15120	-3952.427	-4213.338	260.9109	1.156506	0.414397	0.207033	0.241692	0.136877	1.749067	2.103088
15126	-3949.347	-4210.432	261.0849	0.6768796	0.258316	0.352293	0.327675	0.0617157	1.516202	2.453712
15132	-3946.258	-4206.728	260.4701	0.9089302	0.428142	0.0898745	0.363167	0.118816	1.560653	2.657248
15138	-3954.396	-4215.059	260.663	0.834203	0.40711	0.25851	0.25664	0.0777402	1.54473	2.595663
15144	-3953.086	-4213.769	260.6823	1.013157	0.556774	0.119472	0.167138	0.156615	1.60124	2.434433
15150	-3961.846	-4222.773	260.9276	1.304699	0.508559	0.167807	0.257152	0.0664821	1.733389	2.010877
15156	-3956.483	-4217.713	261.2295	0.8969397	0.514962	0.109057	0.328866	0.0471147	1.635384	2.1375
15162	-3956.129	-4217.083	260.9535	0.8715083	0.42527	0.28518	0.200788	0.088762	1.741821	2.264206
15168	-3943.39	-4203.863	260.4729	1.256032	0.493971	0.106196	0.297676	0.102157	1.602148	2.418595
15174	-3942.894	-4203.096	260.2021	1.105945	0.378805	0.195496	0.271687	0.154012	1.644958	2.649314
15180	-3947.998	-4208.927	260.9293	0.7306239	0.338745	0.354777	0.168753	0.137725	1.595978	2.465542
15186	-3947.022	-4207.246	260.2248	0.7898679	0.303283	0.378329	0.19508	0.123307	1.58207	2.869391
15192	-3958.061	-4217.915	259.8539	0.7852831	0.316003	0.182408	0.404095	0.0974939	1.480781	3.155419
15198	-3960.285	-4220.885	260.5999	0.7692093	0.347991	0.178746	0.313476	0.159787	1.621557	2.629268
15204	-3961.529	-4221.867	260.3379	0.7692093	0.455746	0.197392	0.229752	0.11711	1.580549	2.814846
15210	-3947.869	-4208.882	261.0128	0.8369869	0.386288	0.167308	0.347142	0.0992622	1.672629	2.293453
15216	-3952.004	-4212.897	260.8924	0.9130976	0.289755	0.335722	0.320913	0.0536106	1.752168	2.269315
15222	-3950.698	-4212.364	261.6656	0.6006593	0.282708	0.369113	0.275994	0.0721863	1.837597	1.920388
15228	-3974.856	-4236.777	261.9216	0.5083121	0.366853	0.383548	0.155927	0.0936718	1.8164	1.82515
15234	-3973.759	-4235.11	261.3511	1.023136	0.250998	0.383821	0.268373	0.0968084	1.86756	1.815097
15240	-3957.716	-4219.995	262.2794	0.7753305	0.324918	0.158601	0.445827	0.070654	2.065645	1.151345
15246	-3957.422	-4219.477	262.055	0.9211152	0.545111	0.126697	0.252162	0.0760302	2.023399	1.250218
15252	-3967.185	-4228.867	261.6812	0.8243741	0.337887	0.365742	0.285889	0.0104821	1.873685	1.722026
15258	-3953.899	-4215.702	261.8029	0.8530875	0.517744	0.139136	0.340847	0.0022728	1.84608	1.633695
15264	-3983.634	-4245.292	261.6576	0.9955454	0.594861	0.147252	0.249559	0.00832783	1.84608	1.633695
15270	-3955.862	-4217.501	261.6397	1.158026	0.597045	0.126373	0.269284	0.00729769	2.013207	1.403775
15276	-3952.551	-4214.625	262.0744	1.020878	0.609009	0.133858	0.248604	0.00852912	1.952738	1.208718
15282	-3943.396	-4205.278	261.8823	1.101617	0.529597	0.116403	0.279421	0.0745786	2.065492	1.208718
15288	-3956.72	-4218.642	261.9212	1.051366	0.362767	0.270614	0.303204	0.0634149	2.075728	1.208718
15294	-3959.87	-4222.095	262.2247	0.7308013	0.352635	0.263057	0.322664	0.0616438	2.027823	1.270256
15300	-3957.623	-4219.743	262.12	0.8885939	0.41844	0.172847	0.382876	0.0258377	1.977051	1.262391
15306	-3948.016	-4210.213	262.1975	0.7997158	0.378677	0.244708	0.353314	0.0233012	2.010399	1.247069
15312	-3944.636	-4206.861	262.2248	0.7144517	0.32393	0.22675	0.429388	0.0199324	2.072911	1.247069
15318	-3944.453	-4206.814	262.3611	0.6766988	0.339928	0.356305	0.288638	0.0151289	2.072911	1.164835
15324	-3947.787	-4209.926	262.1389	0.8442994	0.388398	0.335547	0.267925	0.00813066	2.101428	1.179866
15330	-3960.192	-4222.202	262.01	1.020061	0.444192	0.286844	0.223006	0.0459575	2.048193	1.182703
15336	-3948.132	-4209.809	261.6774	0.98162	0.492547	0.143141	0.302063	0.0622495	1.952612	1.551847
15342	-3946.877	-4208.723	261.8458	0.9135169	0.492547	0.143141	0.302063	0.0622495	1.958484	1.473243
15348	-3951.419	-4213.868	262.4483	0.7374615	0.373964	0.336048	0.226888	0.0631003	2.114169	0.9841281
15354	-3945.638	-4208.001	262.3626	0.6693381	0.250075	0.416567	0.21738	0.115979	2.081663	1.162655
15360	-3943.906	-4205.831	261.9249	1.159446	0.235646	0.413667	0.23474	0.115948	2.025588	1.158112
15366	-3950.53	-4212.547	262.0171	0.9323099	0.384694	0.187874	0.294029	0.133403	2.023072	1.272461
15372	-3953.391	-4215.465	262.074	0.9323099	0.420046	0.205139	0.321049	0.0537661	2.149402	1.114607
15378	-3959.175	-4221.041	261.866	0.9323099	0.448379	0.160288	0.342705	0.0486281	2.161859	1.282578
15384	-3950.352	-4212.376	262.0238	0.8013922	0.437503	0.1564	0.358649	0.0474485	1.977111	1.411662
15390	-3958.415	-4220.398	261.9832	0.7865647	0.534243	0.107535	0.296916	0.0613057	1.987622	1.446787
15396	-3957.679	-4219.836	262.1572	0.7591608	0.444124	0.128342	0.354366	0.0731676	2.019827	1.307435
15402	-3962.521	-4224.388	261.8677	0.9497387	0.473535	0.247068	0.21173	0.0676672	2.043455	1.362179
15408	-3954.504	-4216.593	262.0892	0.7419677	0.386965	0.172224	0.342039	0.0987727	2.037506	1.362179
15414	-3966.517	-4229.031	262.5136	0.6184013	0.401814	0.291732	0.225296	0.0811574	2.198338	0.9599384
15420	-3960.405	-4222.845	262.4402	0.7192111	0.213141	0.341288	0.402522	0.0430495	2.292768	0.8130165
15426	-3948.186	-4210.758	262.5717	0.5883984	0.346676	0.451466	0.14491	0.0569473	2.235769	0.8902996
15432	-3960.771	-4223.147	262.3766	0.6442944	0.400111	0.454054	0.0967878	0.0490471	2.16821	1.096221
15438	-3957.402	-4219.691	262.289	0.7705583	0.260329	0.548153	0.132307	0.0592117	1.97854	1.222701
15444	-3946.014	-4208.459	262.4447	0.6842991	0.290449	0.352442	0.28381	0.0732988	2.162639	0.9957243
15450	-3951.897	-4214.368	262.4716	0.650295	0.386307	0.306193	0.201027	0.106473	2.243971	0.9201185
15456	-3949.861	-4212.088	262.226	0.6979433	0.376632	0.298524	0.239252	0.0855925	2.17296	1.175722
15462	-3956.09	-4218.177	262.0869	0.8295574	0.373891	0.296352	0.237511	0.0922452	1.982073	1.334982
15468	-3947.284	-4209.457	262.1732	0.6674923	0.288718	0.237898	0.402153	0.0712314	1.974492	1.407446
15474	-3952.793	-4214.651	261.858	0.8193371	0.298035	0.314511	0.350041	0.0374126	2.056721	1.463341
15480	-3959.144	-4220.958	261.8143	0.8797091	0.271515	0.33349	0.371163	0.0238326	2.021798	1.475448
15486	-3969.268	-4231.279	262.0107	0.8197139	0.540054	0.131937	0.268041	0.0599689	2.026173	1.368565
15492	-3968.051	-4229.5	261.4481	1.3312	0.414549	0.117392	0.376223	0.0918357	1.98244	1.450823
15498	-3960.103	-4222.014	261.91	0.8684209	0.517737	0.0894973	0.322752	0.0700134	2.01313	1.417815
15504	-3944.293	-4206.167	261.8736	0.8878706	0.309052	0.139063	0.5015	0.0503846	2.029545	1.417815
15510	-3954.554	-4216.306	261.7522	0.9766536	0.435118	0.13404	0.348133	0.0827089	2.066605	1.413094
15516	-3945.069	-4206.995	261.9252	0.7110467	0.216805	0.168193	0.490873	0.124129	1.93689	1.587355
15522	-3956.118	-4218.187	262.0685	0.6673426	0.265088	0.309985	0.315935	0.108992	1.95965	1.498706
15528	-3940.62	-4202.471	261.8508	0.8110611	0.293325	0.208122	0.366372	0.13218	1.930625	1.569273
15534	-3935.011	-4196.968	261.9567	0.6887498	0.366445	0.21504	0.253384	0.16513	1.993153	1.54017
15540	-3931.097	-4192.544	261.4464	1.204268	0.387705	0.247117	0.268084	0.0970938	1.893331	1.605576
15546	-3943.057	-4204.536	261.4788	1.080477	0.423393	0.269864	0.200712	0.106031	1.798859	1.734716
15552	-3949.066	-4210.51	261.4442	1.097057	0.495811	0.235971	0.175503	0.0927145	1.868199	1.698773
15558	-3960.398	-4221.644	261.2454	1.097057	0.503607	0.114581	0.324965	0.0568467	1.874625	1.833018
15564	-3945.877	-4207.054	261.1772	0.7804369	0.461644	0.219753	0.208002	0.110601	1.700911	2.207612
15570	-3941.308	-4202.486	261.1779	0.9987917	0.58443	0.0902074	0.212415	0.112947	1.700911	2.060611
15576	-3947.042	-4208.236	261.1938	0.8574329	0.421429	0.231672	0.226475	0.120424	1.829042	2.060611
15582	-3943.958	-4205.052	261.0938	0.9847487	0.421429	0.231672	0.226475	0.120424	1.754991	2.089628
15588	-3941.928	-4202.631	260.7026	1.150692	0.394286	0.262144	0.230903	0.112668	1.76118	2.23418
15594	-3939.362	-4200.212	260.8502	1.150692	0.510192	0.0423493	0.395725	0.051733	1.731059	2.158177
15600	-3954.289	-4214.884	260.5944	1.167067	0.535565	0.0241361	0.415406	0.0248929	1.731059	2.31282
15606	-3968.093	-4228.932	260.8392	0.9865254	0.450196	0.0558447	0.305327	0.188633	1.784968	2.234576
15612	-3959.478	-4219.868	260.3892	1.498022	0.527307	0.140829	0.205132	0.126732	1.697588	2.273508
15618	-3955.219	-4215.86	260.6409	1.462349	0.530495	0.0627523	0.350281	0.0564708	1.689482	2.135993
15624	-3950.63	-4211.666	261.0365	0.8288927	0.392397	0.184482	0.331678	0.0914432	1.775375	2.217664
15630	-3942.94	-4204.526	261.5864	0.8949778	0.385088	0.229534	0.313922	0.0714557	1.91898	1.705379
15636	-3936.925	-4198.395	261.4695	0.8904197	0.441333	0.190573	0.310161	0.057933	1.961181	1.761149
15642	-3958.948	-4219.991	261.0431	1.103775	0.424581	0.178386	0.376698	0.0203353	1.754705	2.045722
15648	-3964.62	-4226.247	261.6266	0.6337656	0.404025	0.167677	0.420738	0.00755984	1.730581	1.994984
15654	-3972.25	-4234.042	261.7921	0.7134386	0.524078	0.1339	0.335985	0.00603699	1.889656	1.714896
15660	-3958.302	-4219.772	261.4693	0.7319405	0.385594	0.144147	0.466665	0.003594	1.852814	1.948874
15666	-3959.608	-4221.223	261.6158	0.6753021	0.312745	0.250716	0.431352	0.0051864	1.810228	1.919227
15672	-3966.358	-4228.487	262.1298	0.6132658	0.258925	0.212064	0.517921	0.0110898	1.946841	1.505225
15678	-3959.626	-4221.333	261.7075	0.7445554	0.346801	0.23372	0.402893	0.0165863	1.855853	1.774777
15684	-3950.617	-4212.109	261.4923	0.7470885	0.289624	0.296894	0.394353	0.0191286	1.746224	1.9941
15690	-3941.734	-4203.272	261.5384	0.9679849	0.437895	0.116156	0.432975	0.012974	1.879097	1.714884
15696	-3941.002	-4202.73	261.7281	0.7825115	0.380082	0.239006	0.274857	0.106056	1.86102	1.728745
15702	-3951.238	-4213.032	261.7944	0.6933514	0.325067	0.275027	0.316281	0.0836242	1.84602	1.758844
15708	-3960.268	-4222.293	262.0246	0.6560967	0.370354	0.388167	0.174995	0.0664837	1.885494	1.594773
15714	-3952.608	-4214.309	261.7016	0.7791293	0.323899	0.278954	0.287805	0.109342	1.884841	1.733126
15720	-3972.084	-4233.973	261.889	0.9548716	0.281492	0.294991	0.307889	0.115628	1.935357	1.425823
15726	-3959.043	-4220.938	261.8944	0.663717	0.389863	0.250498	0.261451	0.0981883	1.967337	1.623981
15732	-3949.903	-4211.833	261.9296	0.8975949	0.346445	0.222601	0.383133	0.0478216	1.94553	1.431646
15738	-3936.933	-4199.142	262.2094	0.7989737	0.313428	0.313615	0.34662	0.0263368	2.000156	1.246324
15744	-3947.927	-4210.195	262.2684	0.7378331	0.283167	0.328164	0.319089	0.0695796	1.943281	1.2976
15750	-3960.872	-4223.112	262.2396	0.7812346	0.29825	0.193154	0.48277	0.0258253	2.053856	1.190923
15756	-3956.368	-4218.683	262.3157	0.6354501	0.442611	0.169602	0.341521	0.0462658	2.105122	1.213879
15762	-3958.362	-4220.154	261.792	0.9861561	0.406398	0.139473	0.397698	0.0564311	2.147924	1.309811
15768	-3962.725	-4224.247	261.5221	1.410608	0.487096	0.0490952	0.396172	0.0676365	1.966041	1.350657
15774	-3958.956	-4220.942	261.9859	0.7668793	0.393098	0.186317	0.319721	0.100864	2.0303	1.427858
15780	-3951.3	-4213.335	262.0355	0.6957623	0.273575	0.487478	0.200026	0.0389211	1.888662	1.553678
15786	-3958.255	-4220.024	261.769	0.928697	0.336603	0.109529	0.417746	0.136122	1.844357	1.60322
15792	-3939.997	-4201.839	261.8424	0.8422435	0.354022	0.184328	0.348193	0.113458	1.995586	1.503218
15798	-3947.856	-4209.768	261.9117	0.8451782	0.348967	0.223453	0.343221	0.0843585	2.031488	1.420964
15804	-3951.797	-4213.958	262.1613	0.6923661	0.381665	0.22985	0.37538	0.0131044	2.053285	1.33409
15810	-3948.131	-4210.032	261.9015	0.8696171	0.382576	0.193138	0.301747	0.122539	2.046366	1.397728
15816	-3945.663	-4207.662	261.9992	0.8283771	0.280276	0.394863	0.295148	0.0297133	2.012131	1.381564
15822	-3949.735	-4211.963	262.2273	0.7587526	0.275446	0.397512	0.297129	0.0299127	1.982768	1.280838
15828	-3949.892	-4212.126	262.2345	0.7587526	0.254174	0.312146	0.348064	0.085615	2.046352	1.221882
15834	-3967.396	-4229.182	261.7861	1.044457	0.514488	0.215468	0.227406	0.0426388	2.080297	1.32227
15840	-3943.081	-4205.327	262.2463	0.6912315	0.479062	0.090497	0.34536	0.0850811	2.080297	1.243472
15846	-3951.583	-4213.981	262.3987	0.6912315	0.33451	0.223501	0.331019	0.11097	2.136096	1.059233
15852	-3946.231	-4208.31	262.0794	0.8541172	0.573511	0.0665903	0.265909	0.0939892	2.032097	1.279872
15858	-3950.614	-4212.633	262.0187	1.088198	0.443233	0.147129	0.311852	0.0977864	2.099863	1.067881
15864	-3957.657	-4219.937	262.2792	0.8303906	0.490161	0.308302	0.124396	0.0771409	2.099863	1.067881
15870	-3972.686	-4234.831	262.1454	0.7346838	0.399318	0.330764	0.245621	0.0242964	2.019068	1.338309
15876	-3964.93	-4226.886	261.9566	0.7599189	0.255167	0.350878	0.281778	0.112177	2.004818	1.475232
15882	-3944.805	-4206.948	262.1427	0.7599189	0.369017	0.402346	0.104926	0.12371	2.077256	1.271741
15888	-3936.986	-4199.208	262.2223	0.7004859	0.433355	0.271714	0.243659	0.0512718	2.088619	1.248457
15894	-3950.072	-4212.189	262.1162	0.7640495	0.357677	0.284562	0.313412	0.0443493	2.095604	1.27486
15900	-3954.631	-4216.905	262.2738	0.6619663	0.347351	0.354021	0.247612	0.0510157	2.183672	1.157911
15906	-3958.998	-4221.129	262.1314	0.6269941	0.318238	0.400127	0.226859	0.0547754	1.853647	1.562437
15912	-3944.472	-4206.745	262.2737	0.509659	0.203597	0.347167	0.409992	0.0392443	1.952288	1.473454
15918	-3951.409	-4213.807	262.3984	0.5121206	0.235965	0.431966	0.321842	0.0102266	1.939065	1.385776
15924	-3959.821	-4222.031	262.2097	0.5751981	0.315786	0.248371	0.430712	0.00513135	2.047146	1.398172
15930	-3946.638	-4208.73	262.0918	0.7753352	0.472094	0.192173	0.333257	0.00247579	2.047146	1.324421
15936	-3955.937	-4218.417	262.4797	0.6063119	0.330371	0.313446	0.353849	0.00233429	2.257265	0.9470368
15942	-3942.106	-4204.606	262.5008	0.6063119	0.32398	0.312336	0.36273	0.000954343	2.307249	0.8678506
15948	-3941.812	-4204.291	262.4794	0.6326611	0.284679	0.399059	0.313881	0.00238089	2.288613	0.8820993
15954	-3949.314	-4211.616	262.3026	0.854582	0.445039	0.221067	0.325191	0.00870242	2.269135	0.8374762
15960	-3972.189	-4233.411	261.2222	1.664413	0.478005	0.0634306	0.210636	0.247928	1.897917	1.46806
15966	-3968.103	-4229.857	261.7533	1.169633	0.442967	0.267525	0.240417	0.0490912	1.927126	1.373599
15972	-3959.858	-4221.535	261.6769	0.8708656	0.349056	0.0349196	0.493377	0.122648	1.868593	1.694529
15978	-3958.493	-4220.131	261.6374	0.873508	0.491906	0.0885074	0.323327	0.0962589	1.811068	1.760904
15984	-3937.336	-4199.757	262.4216	0.6389554	0.286131	0.365679	0.311483	0.0367064	2.216773	1.012542
15990	-3943.562	-4206.119	262.5566	0.5925429	0.275094	0.387494	0.299467	0.0379447	2.268142	0.8652344
15996	-3962.436	-4224.792	262.3563	0.6959278	0.280136	0.394596	0.286184	0.0390841	2.280295	0.9529224
16002	-3943.225	-4205.64	262.415	0.6593506	0.263165	0.370691	0.263186	0.102958	2.254577	0.9590387
16008	-3960.327	-4222.743	262.4153	0.6548547	0.220268	0.410829	0.291684	0.0772195	2.259026	0.9590387
16014	-3955.168	-4217.618	262.4502	0.6216202	0.365653	0.422227	0.104619	0.107501	2.213739	1.005411
16020	-3951.2	-4213.645	262.4447	0.6326175	0.343351	0.436147	0.119557	0.100944	2.222334	0.9906128
16026	-3941.633	-4203.991	262.3577	0.6801831	0.298347	0.378979	0.3011	0.0215745	2.079345	1.158906
16032	-3953.484	-4215.723	262.2391	0.6801831	0.296466	0.37659	0.299201	0.0277435	2.12049	1.22562
16038	-3951.632	-4214.065	262.4331	0.5801231	0.334476	0.31714	0.337562	0.0108221	2.031974	1.22562
16044	-3947.878	-4210.128	262.2496	0.7305848	0.276545	0.411682	0.307435	0.00433753	2.136923	1.156379
16050	-3968.769	-4230.644	261.8753	1.01026	0.414251	0.28912	0.292501	0.00412684	2.060721	1.293387
16056	-3953.084	-4215.043	261.9593	0.6328725	0.267711	0.357768	0.34491	0.0296111	1.961739	1.604668
16062	-3945.515	-4207.358	261.8429	0.5375085	0.286207	0.391689	0.30195	0.0201538	1.819666	1.856612
16068	-3948.677	-4210.861	262.1838	0.5557402	0.327619	0.357818	0.29264	0.0219233	1.937923	1.51643
16074	-3952.349	-4214.629	262.2806	0.6635746	0.286686	0.428296	0.258776	0.0262414	2.119605	1.20611
16080	-3956.338	-4218.583	262.2458	0.5905714	0.346099	0.465238	0.174629	0.0140337	2.125919	1.293962
16086	-3972.294	-4234.368	262.0737	0.8432839	0.554749	0.260171	0.166645	0.0184352	2.140612	1.203178
16092	-3958.525	-4220.674	262.149	0.602338	0.237994	0.48139	0.238934	0.0416828	1.781364	1.621238
16098	-3958.908	-4220.822	261.9144	0.8891128	0.239586	0.489176	0.242798	0.0284399	1.965833	1.434437
16104	-3948.677	-4210.882	262.2047	0.6945961	0.173485	0.531699	0.263904	0.0309121	1.979714	1.356155
16110	-3948.054	-4210.403	262.3491	0.6023185	0.449894	0.236872	0.276351	0.0368824	2.00297	1.299933
16116	-3943.844	-4205.81	261.9656	0.6957647	0.492664	0.176264	0.32459	0.00648182	1.876932	1.61331
16122	-3943.692	-4205.735	262.0433	0.608388	0.336216	0.392166	0.267194	0.00442349	1.865963	1.631852
16128	-3956.197	-4217.74	261.5428	0.8324898	0.392149	0.280098	0.322401	0.00535205	1.865963	1.81793
16134	-3948.853	-4210.701	261.8475	0.6256635	0.374597	0.309957	0.307971	0.00747453	1.842891	1.773952
16140	-3959.03	-4220.853	261.8237	0.7192542	0.53687	0.215348	0.229348	0.0184341	1.824932	1.733863
16146	-3948.089	-4210.353	262.264	0.5035777	0.267488	0.382662	0.331189	0.0186602	1.797609	1.599771
16152	-3944.055	-4206.184	262.1288	0.662863	0.267463	0.289184	0.418206	0.0251469	1.948198	1.465448
16158	-3957.844	-4220.041	262.1968	0.5745251	0.35315	0.459824	0.161721	0.0253045	1.890422	1.527581
16164	-3959.592	-4221.624	262.032	0.7173859	0.341406	0.445306	0.165657	0.0476315	1.919982	1.516076
16170	-3954.732	-4216.873	262.1414	0.6644714	0.396458	0.331315	0.222735	0.0494926	1.821334	1.549672
16176	-3946.524	-4208.778	262.2543	0.4808468	0.258356	0.400648	0.281146	0.0598498	1.815862	1.609928
16182	-3935.321	-4197.195	261.8744	0.6589924	0.162962	0.463877	0.296649	0.0765125	1.885194	1.700595
16188	-3948.21	-4210.462	262.2517	0.6495665	0.291828	0.401118	0.256515	0.0505401	2.024128	1.321296
16194	-3950.63	-4212.68	262.0504	0.6495665	0.383802	0.349022	0.2232	0.0439761	1.889612	1.578009
16200	-3956.742	-4218.087	261.3448	0.734801	0.409024	0.380933	0.156222	0.0538214	1.750386	2.097571
16206	-3951.42	-4212.933	261.5129	0.7429628	0.310698	0.428856	0.166305	0.0941416	1.750386	1.980517
16212	-3970.288	-4231.445	261.1568	0.693762	0.328908	0.312195	0.283068	0.0758288	1.784031	2.226222
16218	-3955.469	-4217.079	261.6103	0.81226	0.346399	0.293033	0.310116	0.0504529	1.85595	1.792798
16224	-3945.664	-4207.092	261.4283	0.9671052	0.638524	0.032401	0.218932	0.110143	1.802597	1.845265
16230	-3959.153	-4220.6	261.4465	0.9671052	0.535796	0.0380173	0.342811	0.0833759	1.816668	1.823108
16236	-3969.757	-4230.834	261.0768	1.42552	0.525318	0.0822684	0.336107	0.0563062	1.754642	1.82213
16242	-3964.16	-4226.012	261.8527	0.9884035	0.446411	0.304661	0.216892	0.0320371	2.051731	1.33657
16248	-3971.825	-4233.619	261.7933	1.220281	0.462572	0.0614248	0.3928	0.0832029	2.108604	1.15021
16254	-3963.673	-4225.546	261.8729	1.096619	0.566656	0.0738342	0.266577	0.0929325	2.147154	1.15021
16260	-3963.224	-4224.928	261.7037	1.293748	0.495902	0.185493	0.210995	0.10761	2.295281	0.9951948
16266	-3950.711	-4212.737	262.0267	1.071715	0.505034	0.10362	0.307226	0.0841202	2.334703	0.8262702
16272	-3955.903	-4218.05	262.1465	1.031087	0.545609	0.156336	0.214911	0.0831446	2.11965	0.9784971
16278	-3954.275	-4216.4	262.1247	1.012109	0.327037	0.11819	0.394086	0.160688	2.160269	0.9784971
16284	-3959.481	-4221.45	261.9684	1.00363	0.316847	0.114507	0.412964	0.155681	2.183492	1.114256
16290	-3974.191	-4234.625	260.4333	1.31713	0.408602	0.0915918	0.470187	0.0296189	1.621651	2.395815
16296	-3965.617	-4226.269	260.6527	1.322795	0.528622	0.118495	0.317352	0.0355297	1.611951	2.259005
16302	-3957.884	-4220.168	262.2838	0.634058	0.376521	0.358831	0.178166	0.0864821	2.047914	1.289291
16308	-3954.414	-4216.388	261.9744	0.7558806	0.321207	0.403268	0.239914	0.0356108	1.917074	1.530832
16314	-3955.655	-4217.588	261.9328	0.7149311	0.363147	0.329708	0.289761	0.0173832	1.933258	1.581406
16320	-3951.424	-4213.3	261.8755	0.6905757	0.324209	0.413648	0.236932	0.0252114	1.9216	1.650022
16326	-3958.959	-4220.796	261.837	0.8166958	0.359407	0.34999	0.262655	0.0279485	1.957865	1.555041
16332	-3960.775	-4222.86	262.0849	0.4683246	0.302059	0.381322	0.286169	0.0304505	1.889089	1.687641
16338	-3969.377	-4231.277	261.9006	0.7011029	0.240825	0.439312	0.295585	0.0242776	2.016923	1.554379
16344	-3951.203	-4212.415	261.2114	0.7869874	0.331104	0.2018	0.451493	0.0156037	1.744918	2.152404
16350	-3944.722	-4205.858	261.1355	0.8687205	0.379384	0.0854096	0.517327	0.0178789	1.735598	2.152404
16356	-3957.171	-4218.1	260.9299	0.8687205	0.374958	0.161849	0.459446	0.00374689	1.782842	2.254856
16362	-3930.451	-4191.713	261.2621	0.8142464	0.48394	0.137842	0.375633	0.00258526	1.747936	2.098647
16368	-3931.792	-4192.954	261.1624	0.8207538	0.369458	0.151932	0.460312	0.0182986	1.793318	2.129744
16374	-3947.882	-4208.514	260.6318	0.8207538	0.522142	0.221168	0.230052	0.0266374	1.686288	2.535792
16380	-3931.245	-4191.88	260.6341	0.8606661	0.508869	0.299112	0.127464	0.0645558	1.642489	2.535792
16386	-3939.092	-4199.863	260.7707	0.8310476	0.3108	0.500451	0.14896	0.0397891	1.675129	2.449186
16392	-3940.266	-4202.086	261.8197	0.6218919	0.3108	0.500451	0.14896	0.0397891	1.818446	1.812928
16398	-3944.535	-4206.121	261.5857	0.6715058	0.456709	0.283854	0.217187	0.0422501	1.775364	1.965648
16404	-3951.481	-4212.537	261.0563	0.6715058	0.356499	0.385729	0.230179	0.0275931	1.762351	2.31969
16410	-3955.159	-4216.688	261.5286	0.8095184	0.300006	0.424446	0.194752	0.0807966	1.830301	1.868605
16416	-3940.351	-4202.149	261.7974	0.5858039	0.273136	0.298823	0.364426	0.0636139	1.857096	1.82777
16422	-3955.645	-4217.131	261.4859	0.8665365	0.266812	0.363698	0.310928	0.0585615	1.873252	1.82777
16428	-3938.682	-4199.8	261.1184	0.8907042	0.464616	0.190838	0.289938	0.0546081	1.857933	2.068619
16434	-3927.954	-4189.286	261.3319	0.8620931	0.448291	0.202402	0.279751	0.0695563	1.785096	1.994938
16440	-3942.86	-4204.492	261.6318	0.6445841	0.317411	0.108896	0.495051	0.0786421	1.787008	1.946015
16446	-3945.84	-4206.98	261.1395	1.011977	0.464868	0.139337	0.303894	0.0919008	1.837636	1.986586
16452	-3940.548	-4201.869	261.3209	0.8881753	0.51565	0.181455	0.25023	0.0526653	1.823762	1.958387
16458	-3938.997	-4200.49	261.4928	0.9568525	0.51565	0.181455	0.25023	0.0526653	1.857668	1.769817
16464	-3942.156	-4203.725	261.5694	0.933584	0.424639	0.189128	0.342276	0.0439566	1.907748	1.697359
16470	-3957.475	-4219.218	261.7429	0.7616774	0.544785	0.188191	0.198268	0.0687569	1.773296	1.795024
16476	-3952.603	-4214.442	261.8385	0.6455098	0.361872	0.264014	0.317409	0.0567045	1.885906	1.735522
16482	-3952.441	-4214.199	261.7578	0.7299118	0.547817	0.091423	0.301631	0.0591294	1.913942	1.709645
16488	-3947.254	-4208.767	261.5137	0.9472584	0.354994	0.130864	0.425895	0.0882467	1.992421	1.666872
16494	-3938.325	-4200.131	261.8056	0.7552706	0.281425	0.144676	0.470846	0.103052	1.978304	1.610202
16500	-3943.177	-4204.947	261.7705	0.9138931	0.425415	0.218699	0.333356	0.0225306	1.925747	1.553646
16506	-3934.529	-4196.269	261.7392	0.7258781	0.441517	0.250784	0.248857	0.0588418	1.965862	1.689046
16512	-3943.951	-4206.125	262.1739	0.712891	0.38022	0.203156	0.296868	0.119755	2.119283	1.252211
16518	-3947.159	-4209.081	261.9221	1.051393	0.498637	0.0696575	0.369352	0.0623539	2.163306	1.131424
16524	-3949.611	-4211.553	261.9417	0.8618072	0.275542	0.306528	0.222063	0.195867	2.094068	1.33474
16530	-3957.861	-4219.952	262.0906	0.7790919	0.325454	0.263453	0.305657	0.105435	2.186846	1.206605
16536	-3945.971	-4208.135	262.1649	0.799503	0.404086	0.301368	0.219002	0.0755436	2.176075	1.13243
16542	-3936.411	-4198.394	261.9832	0.8323903	0.3302	0.281491	0.362289	0.0260191	2.056231	1.356173
16548	-3935.639	-4197.474	261.8345	0.8489313	0.435601	0.0897911	0.387761	0.0868475	2.056231	1.458178
16554	-3942.649	-4204.425	261.7757	0.9021108	0.494528	0.0804164	0.347276	0.07778	2.018558	1.48964
16560	-3933.879	-4195.536	261.657	0.807728	0.382334	0.150715	0.381505	0.0854463	1.87805	1.748139
16566	-3935.503	-4197.31	261.8077	0.7807868	0.451619	0.252949	0.252715	0.0427175	1.87805	1.661534
16572	-3956.629	-4218.204	261.5747	0.6785033	0.436708	0.158838	0.392328	0.0121259	1.778237	1.966128
16578	-3950.826	-4212.04	261.2141	0.8193247	0.369476	0.177796	0.439155	0.0135732	1.696055	2.160449
16584	-3958.689	-4219.987	261.2978	0.7383667	0.203833	0.307482	0.47599	0.0126937	1.674579	2.175291
16590	-3948.347	-4209.864	261.5165	0.8788365	0.348458	0.307091	0.322751	0.0217002	1.78757	1.856851
16596	-3958.23	-4220.015	261.7852	0.5569485	0.459888	0.154022	0.368657	0.0174333	1.843868	1.865836
16602	-3952.031	-4214.338	262.3068	0.5638928	0.273733	0.337159	0.347153	0.0419552	1.975105	1.38781
16608	-3946.712	-4208.639	261.9273	0.8171374	0.51937	0.201945	0.248636	0.0300489	1.985325	1.466656
16614	-3955.261	-4217.2	261.939	0.7731097	0.489529	0.255738	0.237432	0.0173015	2.026803	1.461388
16620	-3958.643	-4221.102	262.4584	0.5392471	0.372474	0.311614	0.289307	0.0266055	2.026803	1.24425
16626	-3940.49	-4202.79	262.3002	0.6779357	0.347975	0.2896	0.318966	0.0434593	2.057056	1.229574
16632	-3945.474	-4207.565	262.0906	0.8221768	0.49108	0.0885155	0.384516	0.0358882	2.095701	1.245483
16638	-3941.41	-4203.605	262.1943	0.674037	0.543836	0.0980245	0.30309	0.0550501	2.015759	1.353164
16644	-3959.17	-4220.711	261.5406	1.035851	0.351025	0.166873	0.351956	0.130146	1.802363	1.719636
16650	-3964.253	-4226.025	261.7718	0.9986368	0.466557	0.15005	0.191822	0.19157	1.89687	1.510486
16656	-3976.826	-4238.727	261.9012	0.8772603	0.351635	0.213126	0.350827	0.0844126	1.955958	1.461369
16662	-3951.415	-4213.219	261.8037	0.8126007	0.230672	0.323907	0.433248	0.0121732	1.894786	1.628394
16668	-3959.553	-4220.962	261.4087	0.8126007	0.485215	0.138815	0.299941	0.0760299	1.765833	1.990878
16674	-3951.553	-4212.951	261.398	0.7689556	0.384273	0.338218	0.266145	0.0113636	1.835575	1.982043
16680	-3952.875	-4214.009	261.1344	0.7689556	0.375191	0.327931	0.260897	0.0359809	1.777529	2.193539
16686	-3946.311	-4208.016	261.7052	0.814898	0.403118	0.283152	0.287932	0.0257974	1.894597	1.69729
16692	-3957.596	-4219.09	261.4935	0.7581357	0.38725	0.192619	0.395349	0.024782	1.851535	1.914715
16698	-3948.433	-4210.183	261.7495	0.4588782	0.275965	0.315603	0.351703	0.0567284	1.806346	1.981439
16704	-3957.026	-4219.015	261.9889	0.4531266	0.305116	0.302897	0.337543	0.0544444	1.793913	1.831286
16710	-3946.592	-4207.992	261.4006	0.7252731	0.354479	0.351902	0.194702	0.0989171	1.780738	2.047411
16716	-3951.364	-4212.817	261.4523	0.9147326	0.431632	0.180659	0.243854	0.143856	1.803803	1.864437
16722	-3958.506	-4219.952	261.4469	0.9210717	0.404438	0.169277	0.359459	0.0668263	1.924695	1.78041
16728	-3954.755	-4216.403	261.648	0.8432851	0.493357	0.119983	0.341774	0.0448867	1.919596	1.699111
16734	-3966.055	-4227.388	261.333	0.8310115	0.542762	0.131998	0.225544	0.0996963	1.790777	2.011916
16740	-3960.57	-4221.923	261.3524	0.7649108	0.457011	0.152198	0.238502	0.15229	1.693589	2.108993
16746	-3957.036	-4218.337	261.3016	0.7541062	0.34418	0.117218	0.421313	0.117289	1.771049	2.099017
16752	-3937.94	-4199.772	261.832	0.6059454	0.295773	0.316135	0.362057	0.026035	1.82435	1.811977
16758	-3948.419	-4210.405	261.9864	0.6638098	0.408415	0.270278	0.309539	0.0117677	1.978125	1.548867
16764	-3937.314	-4199.257	261.9434	0.6668107	0.409416	0.348899	0.214205	0.0274813	1.855552	1.666719
16770	-3939.982	-4202.033	262.0506	0.7194346	0.362003	0.252164	0.370711	0.0151217	1.959725	1.470557
16776	-3943.942	-4206.052	262.1102	0.7194346	0.307091	0.334394	0.347483	0.0110321	1.956128	1.427836
16782	-3947.286	-4209.543	262.257	0.702744	0.386283	0.202672	0.312898	0.0981473	1.963039	1.320831
16788	-3935.514	-4197.425	261.9117	0.7425902	0.227592	0.313785	0.347125	0.111499	1.921371	1.584152
16794	-3952.588	-4214.807	262.2189	0.5832921	0.300823	0.414751	0.226783	0.057642	1.935473	1.470387
16800	-3959.794	-4221.481	261.6874	0.5933411	0.356852	0.286515	0.269022	0.0876105	1.865069	1.892168
16806	-3939.069	-4200.641	261.5726	0.781232	0.451855	0.258962	0.274116	0.0150667	1.796036	1.882213
16812	-3943.561	-4205.279	261.7183	0.6279091	0.434046	0.271216	0.259172	0.035567	1.811576	1.882786
16818	-3935.621	-4197.105	261.4835	0.8518296	0.24571	0.336752	0.393662	0.0238765	1.810571	1.882786
16824	-3950.375	-4211.513	261.1375	0.6604334	0.321168	0.404098	0.267304	0.00742984	1.696403	2.317416
16830	-3944.713	-4205.615	260.9027	0.8130526	0.448346	0.168167	0.373152	0.0103345	1.634774	2.403336
16836	-3955.118	-4215.718	260.6005	0.9344371	0.448287	0.168145	0.373103	0.0104659	1.608746	2.53057
16842	-3966.761	-4227.845	261.0841	0.6643407	0.320075	0.228296	0.439306	0.0123229	1.694168	2.350174
16848	-3957.373	-4218.734	261.3614	0.6671624	0.282693	0.318424	0.387999	0.0108837	1.67316	2.183854
16854	-3962.561	-4223.769	261.2077	0.625933	0.324793	0.178363	0.48106	0.0157844	1.663067	2.317172
16860	-3954.75	-4215.692	260.9428	0.969584	0.495241	0.132128	0.356361	0.0162697	1.572977	2.314992
16866	-3968.999	-4230.576	261.5774	0.6157473	0.538817	0.0994941	0.331744	0.0299451	1.678125	2.074992
16872	-3945.775	-4207.796	262.0208	0.8124648	0.522291	0.144129	0.263525	0.0700548	2.055889	1.343063
16878	-3938.941	-4201.238	262.2963	0.6978196	0.181853	0.499684	0.219211	0.0992521	2.006701	1.25735
16884	-3944.387	-4206.76	262.3731	0.3975766	0.212835	0.390111	0.345849	0.0512054	2.094393	1.367878
16890	-3936.075	-4198.325	262.2495	0.6592143	0.204642	0.347702	0.433204	0.014453	2.08823	1.262499
16896	-3935.982	-4198.238	262.2557	0.6105354	0.219488	0.464421	0.300285	0.0158053	2.133373	1.262499
16902	-3932.693	-4195.131	262.4371	0.5394208	0.217798	0.440914	0.29759	0.0436985	2.043859	1.2477
16908	-3943.421	-4205.655	262.2341	0.6522553	0.374517	0.394683	0.204469	0.0263302	2.128803	1.2477
16914	-3939.415	-4201.453	262.0385	0.7277654	0.28125	0.296394	0.402583	0.0197731	2.128803	1.341858
16920	-3937.655	-4199.71	262.0551	0.7550256	0.337843	0.324863	0.231159	0.106135	1.993432	1.412496
16926	-3948.083	-4210.186	262.103	0.6559414	0.435403	0.333082	0.204378	0.0271366	1.87762	1.543134
16932	-3954.104	-4215.928	261.8236	1.045412	0.457929	0.350314	0.180367	0.0113898	1.964062	1.384005
16938	-3957.793	-4220.125	262.3318	0.7948519	0.523275	0.218315	0.245395	0.0130151	2.072321	1.079175
16944	-3950.495	-4212.771	262.2761	0.7492284	0.435093	0.181525	0.37256	0.0108218	2.27129	0.9868757
16950	-3942.859	-4205.299	262.4392	0.6314325	0.355797	0.227076	0.336875	0.0802528	2.19348	1.026014
16956	-3957.607	-4219.939	262.3318	0.6775867	0.494897	0.17875	0.23725	0.089103	2.142656	1.128095
16962	-3972.039	-4233.238	261.1991	1.107856	0.606559	0.0577353	0.21723	0.118475	1.786804	1.917266
16968	-3959.369	-4220.615	261.2452	0.9730892	0.416248	0.23127	0.156897	0.195585	1.727503	2.015498
16974	-3969.984	-4231.258	261.2736	0.9730892	0.56244	0.166053	0.131076	0.140431	1.699075	2.015498
16980	-3961.935	-4223.536	261.6009	0.9610254	0.402178	0.233843	0.221389	0.142591	1.765166	1.755968
16986	-3972.636	-4233.963	261.327	1.037516	0.480048	0.0854976	0.264254	0.1702	1.88123	1.812472
16992	-3964.341	-4225.956	261.6148	0.8447012	0.460057	0.258326	0.25325	0.0283665	1.808799	1.798894
16998	-3960.249	-4222.129	261.8796	0.7326365	0.460057	0.258326	0.25325	0.0283665	1.817782	1.689438
17004	-3949.683	-4211.27	261.5875	0.9841268	0.361377	0.202107	0.410614	0.025902	1.835818	1.699292
17010	-3938.537	-4200.487	261.9498	0.6543593	0.30456	0.286209	0.364707	0.0445243	1.725532	1.76333
17016	-3951.134	-4212.793	261.659	0.6543593	0.318199	0.222105	0.397174	0.0625217	1.748594	1.946593
17022	-3955.439	-4216.852	261.4131	0.8288718	0.421191	0.293995	0.202055	0.0827583	1.747499	1.988841
17028	-3956.215	-4217.51	261.295	0.9436157	0.500733	0.107202	0.328254	0.0638117	1.747499	1.988841
17034	-3950.476	-4211.61	261.1338	1.227018	0.433959	0.161624	0.361613	0.0428033	1.840973	1.847603
17040	-3955.483	-4217.053	261.5698	0.7975123	0.595895	0.221936	0.160037	0.0221318	1.719292	1.924559
17046	-3949.376	-4210.99	261.6134	0.7975123	0.517212	0.201322	0.225989	0.0554763	1.746951	1.876226
17052	-3943.647	-4205.369	261.7224	0.6846697	0.379864	0.434509	0.143504	0.0421236	1.757042	1.876226
17058	-3944.985	-4206.757	261.7718	0.7430835	0.373211	0.275791	0.321987	0.029011	1.815174	1.759387
17064	-3951.076	-4212.914	261.8386	0.8262745	0.388489	0.28708	0.200697	0.123734	1.815174	1.650305
17070	-3960.936	-4222.701	261.7648	0.8200796	0.349215	0.366502	0.13779	0.146493	1.839474	1.690268
17076	-3946.434	-4208.283	261.8488	0.8377778	0.384342	0.403368	0.15165	0.0606406	1.782715	1.657691
17082	-3945.18	-4206.74	261.5606	0.8633564	0.482715	0.193265	0.238561	0.0854596	1.880537	1.773331
17088	-3956.485	-4218.507	262.0228	0.4509071	0.267415	0.47535	0.239559	0.0176755	1.751867	1.838356
17094	-3964.717	-4226.716	261.999	0.4377769	0.166278	0.509418	0.214508	0.109796	1.798019	1.831325
17100	-3958.912	-4221.034	262.1225	0.4599767	0.183896	0.44634	0.292243	0.077521	1.775932	1.746573
17106	-3956.719	-4218.55	261.8304	0.8218741	0.201858	0.36534	0.364382	0.06842	1.823433	1.653567
17112	-3949.755	-4211.532	261.7768	0.9465026	0.542376	0.232016	0.207176	0.0184319	2.008573	1.462098
17118	-3931.117	-4193.043	261.926	0.9373023	0.438113	0.38278	0.159807	0.0193005	1.911002	1.429758
17124	-3930.147	-4192.009	261.8625	0.9074829	0.242769	0.482652	0.260681	0.0138973	2.033907	1.407399
17130	-3938.013	-4199.735	261.7222	0.8148986	0.34152	0.383113	0.259606	0.0157612	1.989868	1.616844
17136	-3952.048	-4214.031	261.9831	0.6962226	0.281583	0.345684	0.358511	0.0142214	1.895815	1.586495
17142	-3949.791	-4211.533	261.7419	0.8918328	0.486413	0.227886	0.280161	0.00553981	1.846787	1.648258
17148	-3957.208	-4218.741	261.5321	0.9633781	0.425667	0.459324	0.104785	0.0102246	1.82195	1.762724
17154	-3953.236	-4215.263	262.0275	0.4308014	0.272156	0.375603	0.333237	0.0190043	1.688113	1.891353
17160	-3941.457	-4202.852	261.3956	0.7019873	0.488632	0.244358	0.196867	0.0701427	1.665119	2.142867
17166	-3956.61	-4217.933	261.3228	0.6012289	0.18746	0.551539	0.192436	0.0685639	1.618662	2.288686
17172	-3967.765	-4228.876	261.1106	1.153758	0.393234	0.282965	0.0936428	0.230158	1.674349	2.022307
17178	-3963.197	-4224.087	260.8896	0.9500534	0.437595	0.305779	0.0742159	0.18241	1.732261	2.259769
17184	-3958.663	-4220.192	261.5287	0.7588502	0.386317	0.159243	0.405215	0.0492257	1.775902	1.941505
17190	-3968.368	-4229.765	261.3965	0.6347254	0.316973	0.137901	0.396161	0.148965	1.574091	2.247307
17196	-3957.114	-4217.793	260.6784	0.9420566	0.484311	0.168593	0.284751	0.0623449	1.626315	2.466046
17202	-3957.988	-4218.548	260.5602	1.307371	0.569613	0.0583654	0.310184	0.0618368	1.689318	2.277687
17208	-3951.159	-4211.939	260.7804	1.021329	0.609241	0.0685213	0.220036	0.102202	1.741892	2.277687
17214	-3970.036	-4232.175	262.1387	0.4396924	0.319016	0.413814	0.263208	0.00396197	1.822001	1.71616
17220	-3961.893	-4223.854	261.9606	0.7104583	0.322987	0.321207	0.349597	0.00620846	1.882378	1.601701
17226	-3961.146	-4222.892	261.7461	0.6348296	0.286123	0.402085	0.302092	0.00970073	1.799717	1.866952
17232	-3967.153	-4229.036	261.8829	0.7270368	0.381508	0.205522	0.402801	0.0101686	1.831437	1.68156
17238	-3969.103	-4230.103	261.0007	1.225581	0.661433	0.0913814	0.241153	0.00603216	1.854622	1.9297
17244	-3956.264	-4217.413	261.1487	1.1724	0.436232	0.036326	0.516389	0.011053	1.788285	1.908471
17250	-3964.972	-4226.68	261.7082	0.987838	0.566	0.0763158	0.334464	0.0232208	1.85143	1.598833
17256	-3956.906	-4218.584	261.6786	1.026391	0.510934	0.0979314	0.322977	0.0681581	1.872305	1.577083
17262	-3963.043	-4224.683	261.6406	1.138631	0.483418	0.107521	0.344573	0.0644875	1.912374	1.494255
17268	-3964.716	-4226.54	261.8246	0.8912911	0.443097	0.252703	0.234765	0.0694354	1.927111	1.529727
17274	-3956.64	-4218.461	261.821	0.9272667	0.321909	0.247787	0.408645	0.0216587	1.906523	1.520346
17280	-3964.923	-4226.418	261.4951	1.189182	0.567397	0.0843943	0.312373	0.0358356	1.915934	1.563926
17286	-3962.334	-4224.298	261.9637	0.9821316	0.490469	0.33873	0.139824	0.030977	1.936787	1.344721
17292	-3961.464	-4223.136	261.6721	1.024574	0.42905	0.261139	0.222747	0.0870629	1.880921	1.576842
17298	-3956.173	-4217.804	261.6316	0.9299764	0.418301	0.143751	0.314875	0.123072	1.89852	1.662265
17304	-3965.229	-4226.822	261.5934	1.164123	0.490412	0.118658	0.259912	0.131018	1.890368	1.527769
17310	-3948.658	-4210.237	261.5789	1.052042	0.574528	0.0780014	0.304492	0.0429789	1.949882	1.574684
17316	-3947.72	-4209.124	261.4039	1.627537	0.497687	0.0656888	0.390965	0.0456595	1.954724	1.305298
17322	-3940.508	-4201.905	261.3968	1.477182	0.56222	0.0995284	0.292812	0.0454392	1.930648	1.430554
17328	-3951.763	-4213.483	261.7196	1.117957	0.469856	0.148948	0.249	0.132196	1.881099	1.473282
17334	-3952.541	-4214.141	261.5995	1.058863	0.491333	0.0368774	0.260381	0.211409	1.80005	1.66337
17340	-3951.002	-4212.363	261.3613	1.059615	0.301558	0.262925	0.291412	0.144105	1.732614	1.875941
17346	-3957.3	-4218.653	261.3531	0.8780892	0.348782	0.400629	0.200564	0.0500245	1.740474	1.999484
17352	-3972.51	-4233.631	261.1215	0.8606764	0.354083	0.42457	0.193538	0.0278089	1.643435	2.226605
17358	-3981.098	-4242.253	261.1557	0.9202089	0.259196	0.409988	0.311468	0.0193475	1.661827	2.15283
17364	-3976.303	-4238.127	261.8232	0.6205726	0.250667	0.390768	0.273312	0.0852535	1.768233	1.845996
17370	-3966.96	-4228.583	261.6228	0.7002705	0.239621	0.415409	0.29825	0.0467191	1.792949	1.908257
17376	-3963.876	-4225.634	261.7577	0.4720739	0.197309	0.440818	0.254399	0.107474	1.739772	2.011983
17382	-3958.818	-4220.172	261.3537	0.9284411	0.540803	0.128363	0.0931939	0.237639	1.826143	1.906831
17388	-3958.234	-4220.1	261.8653	0.6524106	0.231751	0.276762	0.341751	0.149737	1.937398	1.674949
17394	-3951.887	-4213.766	261.8783	0.7366707	0.24097	0.429473	0.267877	0.0616798	1.912745	1.619244
17400	-3939.277	-4200.742	261.4649	0.6903731	0.457091	0.15889	0.312146	0.0718729	1.850341	1.982987
17406	-3933.66	-4195.612	261.9525	0.7817135	0.365899	0.213572	0.361826	0.0587028	1.971586	1.486096
17412	-3948.901	-4210.803	261.9024	0.58147	0.193937	0.520842	0.166578	0.118642	1.964497	1.682404
17418	-3944.915	-4206.669	261.7534	0.64015	0.216588	0.506206	0.161898	0.115308	1.864582	1.813511
17424	-3953.406	-4214.28	260.8738	0.7933326	0.189998	0.401541	0.316994	0.0914669	1.728433	2.375432
17430	-3946.615	-4207.83	261.2151	0.8090764	0.258406	0.4028	0.317987	0.020807	1.795466	2.101828
17436	-3957.406	-4218.682	261.2758	0.6923586	0.360499	0.265361	0.34282	0.0313202	1.680743	2.217035
17442	-3957.471	-4218.788	261.3169	0.6923586	0.33551	0.330362	0.304979	0.0291491	1.672595	2.195775
17448	-3967.828	-4228.792	260.9635	0.826791	0.500398	0.157593	0.318351	0.0236585	1.674135	2.330715
17454	-3950.844	-4212.013	261.1691	1.022754	0.612093	0.0792092	0.273185	0.035513	1.752588	2.016386
17460	-3942.305	-4203.426	261.1209	1.336931	0.587349	0.136566	0.262141	0.013945	1.751392	1.848445
17466	-3961.132	-4222.907	261.7747	0.7275539	0.509328	0.247891	0.186264	0.0565176	1.752074	1.812638
17472	-3949.604	-4211.279	261.6752	0.7109777	0.413478	0.279996	0.242689	0.0638373	1.773221	1.878366
17478	-3947.622	-4209.026	261.4034	0.8318764	0.471244	0.196372	0.204433	0.127951	1.652569	2.056282
17484	-3957.268	-4219.432	262.1646	0.4935656	0.373934	0.31893	0.235331	0.0718044	1.869627	1.626884
17490	-3937.246	-4199.145	261.8994	0.7197761	0.385582	0.36348	0.212541	0.0383956	1.898937	1.626884
17496	-3951.232	-4212.999	261.7675	0.8773057	0.301543	0.455737	0.132109	0.110611	1.865864	1.626884
17502	-3943.643	-4205.432	261.7898	0.8773057	0.524746	0.125657	0.318407	0.031191	1.843563	1.626884
17508	-3945.495	-4207.51	262.0158	0.8719185	0.291216	0.26918	0.436522	0.00308217	1.905645	1.416362
17514	-3946.022	-4207.95	261.928	0.8792839	0.488031	0.148085	0.358752	0.00513232	1.92761	1.460955
17520	-3946.534	-4208.317	261.7821	0.7519578	0.260654	0.274314	0.397544	0.0674892	1.853998	1.718331
17526	-3945.93	-4207.344	261.4132	0.7806026	0.312992	0.189561	0.47737	0.0200762	1.758928	2.014814
17532	-3962.363	-4223.734	261.3709	0.6620856	0.168869	0.189547	0.49501	0.146574	1.635527	2.205549
17538	-3944.753	-4206.276	261.5223	0.5810974	0.453129	0.195006	0.284494	0.0673705	1.652403	2.151731
17544	-3945.103	-4207.015	261.9113	0.5146516	0.306567	0.395834	0.213376	0.0842226	1.829731	1.818654
17550	-3944.434	-4205.991	261.5566	0.7809923	0.30584	0.381808	0.26609	0.0462615	1.832458	1.868453
17556	-3939.819	-4201.208	261.3899	0.8832133	0.353726	0.0967278	0.487935	0.0616113	1.816597	1.920162
17562	-3950.307	-4211.89	261.5827	0.7827977	0.481815	0.0764993	0.396082	0.0456044	1.728336	1.920162
17568	-3952.648	-4214.023	261.3753	0.8957543	0.383873	0.357091	0.232291	0.0267457	1.845262	1.901896
17574	-3953.491	-4214.963	261.472	0.908693	0.553517	0.141031	0.266887	0.0385654	1.890752	1.795361
17580	-3946.346	-4207.848	261.5024	0.9400706	0.548018	0.139334	0.205602	0.107046	1.786791	1.824066
17586	-3937.813	-4199.45	261.6369	0.7934275	0.402715	0.210691	0.29567	0.0909233	1.764189	1.85133
17592	-3936.412	-4198.271	261.8586	0.7907864	0.419831	0.177145	0.308237	0.0947876	1.819582	1.65941
17598	-3940.031	-4201.674	261.6422	0.8405689	0.316213	0.252333	0.400557	0.0308974	1.763283	1.814442
17604	-3941.191	-4203.052	261.861	0.803468	0.482382	0.196426	0.313452	0.00774001	1.767981	1.685077
17610	-3953.572	-4215.163	261.5906	0.864192	0.480224	0.181184	0.31933	0.0192626	1.904096	1.735221
17616	-3940.987	-4202.749	261.7623	0.9512754	0.377905	0.294654	0.312259	0.0151814	1.924413	1.532536
17622	-3955.477	-4217.344	261.8668	0.7563278	0.381885	0.190919	0.412323	0.0148734	1.968029	1.57223
17628	-3950.745	-4212.001	261.2564	1.092515	0.324049	0.299827	0.304722	0.0714023	1.885635	1.820908
17634	-3946.435	-4207.824	261.3891	0.7476678	0.324049	0.299827	0.304722	0.0714023	1.904974	1.956541
17640	-3945.736	-4207.371	261.6351	0.8324605	0.343374	0.212294	0.368671	0.0756606	1.749009	1.834969
17646	-3940.843	-4202.627	261.7837	0.6553484	0.344728	0.20919	0.370124	0.0759588	1.885123	1.76711
17652	-3944.318	-4205.801	261.4823	0.8225715	0.300881	0.227045	0.401715	0.0703597	1.82191	1.896542
17658	-3949.824	-4211.44	261.6161	0.7895485	0.399107	0.329136	0.228508	0.04325	1.827693	1.824754
17664	-3949.989	-4211.961	261.9715	0.5660394	0.3399	0.239017	0.354068	0.0670151	1.819561	1.747253
17670	-3937.789	-4199.548	261.7583	0.7163571	0.469974	0.292055	0.216788	0.0211819	1.87434	1.747253
17676	-3926.865	-4188.423	261.558	0.7199669	0.504396	0.273088	0.202709	0.0198063	1.854389	1.89641
17682	-3957.23	-4218.648	261.418	0.7199669	0.193181	0.561672	0.204412	0.0407351	1.889659	1.967097
17688	-3937.908	-4199.699	261.7904	0.7349118	0.265263	0.395162	0.245051	0.0945238	1.89685	1.694931
17694	-3927.498	-4189.367	261.8689	0.8088167	0.298255	0.502869	0.171827	0.0270489	1.878282	1.596021
17700	-3950.956	-4212.643	261.6872	0.7857088	0.281139	0.229463	0.424775	0.0646229	1.877843	1.7433
17706	-3948.572	-4210.186	261.614	0.8283687	0.316572	0.116103	0.478311	0.0890147	1.919766	1.733925
17712	-3940.934	-4202.426	261.492	0.9521476	0.322278	0.118195	0.486931	0.072596	1.842827	1.783986
17718	-3947.768	-4209.069	261.3008	0.9281236	0.419478	0.0763812	0.396919	0.107221	1.762443	1.985499
17724	-3950.69	-4212.302	261.6124	0.7799253	0.36454	0.207981	0.298375	0.129104	1.831502	1.831672
17730	-3946.893	-4208.807	261.9144	0.7711021	0.347277	0.184414	0.3518	0.116509	2.040807	1.471013
17736	-3938.251	-4200.355	262.1038	0.6591198	0.480305	0.156552	0.255949	0.107194	1.950939	1.485292
17742	-3963.915	-4226.086	262.171	0.6591198	0.272724	0.210007	0.373474	0.143795	1.938338	1.443807
17748	-3941.19	-4203.239	262.0493	0.6328811	0.303311	0.382873	0.281258	0.0325579	1.911054	1.575968
17754	-3940.273	-4201.931	261.6574	0.7452561	0.33098	0.367667	0.270087	0.0312648	1.885655	1.788397
17760	-3947.218	-4209.113	261.8951	0.7452561	0.332413	0.218152	0.397249	0.0521863	1.86786	1.632962
17766	-3948.998	-4210.754	261.7558	0.718091	0.256256	0.376364	0.325135	0.0422455	1.862851	1.755738
17772	-3977.776	-4238.988	261.212	1.195104	0.329378	0.283331	0.355633	0.0316578	1.843917	1.812399
17778	-3973.875	-4235.204	261.329	0.9494548	0.441104	0.235271	0.295308	0.0283167	1.859304	1.886545
17784	-3953.28	-4214.884	261.6038	0.4489249	0.436528	0.40033	0.158873	0.00426915	1.764273	2.111951
17790	-3946.317	-4208.203	261.8856	0.6147552	0.277232	0.333009	0.294752	0.0950065	1.921063	1.7004
17796	-3944.463	-4206.347	261.8846	0.5516448	0.281129	0.345062	0.298419	0.07539	1.921063	1.747506
17802	-3955.391	-4217.547	262.1569	0.5535467	0.303657	0.372712	0.299686	0.0239456	1.915113	1.554991
17808	-3956.503	-4218.748	262.2451	0.4248771	0.213942	0.420731	0.338297	0.0270307	1.945292	1.560482
17814	-3936.255	-4198.105	261.8502	0.7723822	0.383864	0.184279	0.372002	0.0598553	1.891133	1.627939
17820	-3943.799	-4205.582	261.7826	0.7796144	0.316795	0.2841	0.313465	0.0856398	1.949422	1.62918
17826	-3939.295	-4200.918	261.6234	0.8344675	0.315304	0.144914	0.454545	0.0852368	1.970408	1.687062
17832	-3938.703	-4200.219	261.516	0.989152	0.446669	0.193249	0.330403	0.0296795	1.919553	1.687062
17838	-3947.94	-4209.457	261.5177	0.8856776	0.533163	0.11579	0.30487	0.0461772	1.964737	1.728252
17844	-3945.245	-4206.362	261.1168	1.199023	0.542581	0.0919691	0.317378	0.0480718	1.754672	1.935679
17850	-3952.039	-4213.626	261.5875	0.885596	0.398847	0.0782377	0.43764	0.0852752	1.773505	1.812969
17856	-3940.75	-4202.301	261.5512	0.9949976	0.361648	0.123674	0.396822	0.117857	1.83051	1.721006
17862	-3957.515	-4218.912	261.3971	0.9833499	0.321992	0.219765	0.35331	0.104933	1.83051	1.836339
17868	-3959.304	-4220.377	261.0725	0.7687413	0.36197	0.123969	0.474871	0.0391892	1.686557	2.29207
17874	-3947.507	-4209.959	262.4517	0.7071109	0.362203	0.259787	0.325486	0.0525243	2.127013	1.000109
17880	-3954.707	-4216.925	262.2174	0.7101313	0.241518	0.359809	0.387827	0.0108456	2.010482	1.308231
17886	-3964.479	-4226.578	262.0994	0.7872703	0.310106	0.46199	0.205483	0.0224214	2.041335	1.312878
17892	-3952.656	-4214.607	261.9512	0.9796521	0.475456	0.16917	0.315047	0.0403272	1.991434	1.312878
17898	-3951.707	-4213.922	262.2152	0.7872737	0.391985	0.315031	0.259737	0.0332473	2.052495	1.207611
17904	-3943.85	-4206.061	262.211	0.7055401	0.355133	0.341653	0.278011	0.0252035	2.066018	1.272088
17910	-3945.786	-4208.143	262.3568	0.5696356	0.256261	0.367086	0.34604	0.0306124	2.012217	1.313919
17916	-3947.393	-4209.553	262.1601	0.7491149	0.228699	0.43516	0.308822	0.0273199	2.019549	1.313919
17922	-3945.068	-4205.347	260.2796	1.32933	0.593891	0.0296922	0.277725	0.0986918	1.636612	2.476151
17928	-3942.012	-4202.478	260.4657	0.8208584	0.332786	0.166696	0.369288	0.131229	1.658966	2.655509
17934	-3940.858	-4201.328	260.4699	0.8433829	0.361172	0.230753	0.265653	0.142422	1.560761	2.698915
17940	-3952.078	-4214.53	262.4519	0.6303397	0.304972	0.30043	0.334712	0.0598856	2.071842	1.128792
17946	-3944.19	-4206.302	262.1118	0.9043511	0.305133	0.339719	0.269819	0.0853301	2.180355	1.077659
17952	-3948.509	-4210.744	262.235	0.7222444	0.479063	0.204714	0.276593	0.0396301	2.203527	1.117835
17958	-3967.828	-4230.229	262.4013	0.6303536	0.334279	0.482474	0.145762	0.0374842	2.203527	1.053934
17964	-3953.593	-4216.096	262.5025	0.6030541	0.272388	0.407266	0.274462	0.045884	2.272076	0.9099597
17970	-3957.09	-4219.594	262.5035	0.5901454	0.384262	0.239339	0.336178	0.0402202	2.255912	0.941216
17976	-3950.035	-4211.924	261.8894	1.053349	0.371474	0.198201	0.379502	0.0508228	2.226704	1.10184
17982	-3951.776	-4214.143	262.3673	0.7362868	0.501818	0.151772	0.297356	0.0490535	2.228181	0.9513233
17988	-3953.947	-4216.345	262.3976	0.740477	0.407743	0.219343	0.291186	0.0817283	2.309024	0.8180488
17994	-3952.995	-4214.606	261.6104	0.8260444	0.414507	0.38198	0.181812	0.0217016	1.843125	1.791659
18000	-3954.228	-4216.008	261.7798	0.8902384	0.494435	0.101403	0.372247	0.0319152	1.90465	1.580132
18006	-3945.344	-4206.729	261.3852	0.834493	0.423348	0.115661	0.424588	0.0364028	1.858083	1.929418
18012	-3959.676	-4221.003	261.3274	0.8213983	0.241269	0.431476	0.27601	0.0512453	1.649566	2.115393
18018	-3967.958	-4229.191	261.2334	0.8093252	0.307019	0.276543	0.351228	0.0652105	1.738252	2.127166
18024	-3949.897	-4211.597	261.6992	0.7564829	0.512508	0.098131	0.254436	0.134926	2.007068	1.665167
18030	-3955.089	-4216.849	261.7598	0.7357793	0.308735	0.410339	0.272976	0.00794959	1.894628	1.717458
18036	-3955.728	-4217.034	261.3064	0.7772321	0.304831	0.40515	0.280114	0.00990396	1.767749	2.081988
18042	-3951.298	-4212.974	261.6763	0.8427404	0.43246	0.179915	0.34885	0.0387753	1.85648	1.724102
18048	-3946.448	-4208.398	261.95	0.7553451	0.280022	0.198874	0.3625	0.158604	1.886294	1.571927
18054	-3949.595	-4211.534	261.9388	0.750863	0.449121	0.208313	0.27309	0.0694759	1.89092	1.580234
18060	-3948.865	-4210.901	262.0362	0.7533262	0.400999	0.334454	0.243829	0.0207192	1.947014	1.463998
18066	-3946.389	-4208.727	262.3387	0.4798103	0.353905	0.265048	0.35075	0.0302974	1.929307	1.463998
18072	-3950.402	-4212.424	262.022	0.7277611	0.267811	0.480628	0.216582	0.0349793	1.98814	1.463998
18078	-3949.973	-4212.161	262.1881	0.6012931	0.246499	0.44238	0.275293	0.0358277	2.079353	1.368524
18084	-3944.757	-4206.723	261.9658	0.7271803	0.269326	0.390743	0.300786	0.0391455	2.050817	1.45954
18090	-3951.751	-4213.899	262.1481	0.6224022	0.225626	0.43647	0.314912	0.0229916	2.001085	1.443069
18096	-3966.871	-4228.511	261.6397	1.04185	0.352435	0.250317	0.361335	0.0359135	1.959054	1.530494
18102	-3959.766	-4221.717	261.9504	0.8545776	0.429376	0.196196	0.315729	0.0586984	1.929687	1.461764
18108	-3963.79	-4225.715	261.9249	0.8545776	0.417467	0.141832	0.306973	0.133728	2.007216	1.421978
18114	-3972.607	-4234.899	262.2923	0.7363712	0.460853	0.19023	0.257429	0.0914885	2.247008	1.008556
18120	-3959.407	-4221.83	262.4229	0.6348205	0.300106	0.131791	0.47878	0.0893229	2.247008	0.9853532
18126	-3967.167	-4229.5	262.3326	0.6504034	0.286458	0.364124	0.23666	0.112759	2.247008	1.057718
18132	-3950.59	-4213.004	262.414	0.6078897	0.375964	0.255008	0.327481	0.0415468	2.21045	1.057718
18138	-3949.646	-4211.993	262.3465	0.6157573	0.494303	0.241024	0.22186	0.0428124	2.308081	1.020723
18144	-3934.875	-4197.329	262.4537	0.6316746	0.250183	0.40495	0.261393	0.0834738	2.308081	0.8904446
18150	-3949.725	-4212.312	262.5872	0.5854229	0.236431	0.283701	0.378455	0.101412	2.22323	0.8904446
18156	-3954.323	-4216.556	262.233	0.8264904	0.281313	0.362435	0.266729	0.0895235	2.140956	1.076473
18162	-3953.179	-4215.843	262.6645	0.5079748	0.289465	0.412816	0.274457	0.0232622	2.245553	0.8672227
18168	-3960.075	-4222.53	262.4554	0.6740924	0.359067	0.217704	0.371317	0.0519122	2.193961	0.9638184
18174	-3971.648	-4232.046	260.397	1.008555	0.396864	0.340417	0.11042	0.152298	1.780363	2.503838
18180	-3965.644	-4225.918	260.2744	0.707383	0.491142	0.22385	0.192573	0.0924348	1.583585	2.891136
18186	-3981	-4240.958	259.9579	1.072669	0.479117	0.365419	0.0942696	0.0611943	1.513253	2.898451
18192	-3969.888	-4232.316	262.4279	0.6060811	0.405587	0.378916	0.182801	0.0326967	2.236142	1.021451
18198	-3958.871	-4221.114	262.2423	0.6091296	0.350812	0.327743	0.258356	0.0630886	2.236142	1.188276
18204	-3944.118	-4206.441	262.3235	0.6158221	0.198229	0.528788	0.179887	0.0930963	2.119184	1.212905
18210	-3965.113	-4227.591	262.4786	0.4353208	0.129545	0.46261	0.333817	0.0740277	2.048169	1.293889
18216	-3962.282	-4224.536	262.2538	0.6290442	0.112627	0.402195	0.290222	0.194955	2.077555	1.293889
18222	-3956.711	-4219.189	262.4786	0.5909494	0.226538	0.350566	0.252967	0.169929	2.061178	1.151381
18228	-3953.767	-4216.18	262.4136	0.6191458	0.198556	0.346163	0.430096	0.0251846	2.210126	1.04718
18234	-3951.047	-4213.399	262.3513	0.7468603	0.247436	0.314893	0.395826	0.0418457	2.138577	1.045938
18240	-3946.836	-4209.219	262.3825	0.682127	0.375826	0.248623	0.348174	0.0273761	2.224059	0.998754
18246	-3949.365	-4211.676	262.3108	0.6457144	0.408427	0.18473	0.378376	0.0284669	2.224059	1.103977
18252	-3955.246	-4217.678	262.4327	0.6827504	0.286222	0.317666	0.341294	0.0548185	2.200547	0.971014
18258	-3958.581	-4220.934	262.3523	0.6848521	0.422936	0.256822	0.275924	0.0443188	2.23622	1.013812
18264	-3944	-4206.661	262.6614	0.4440377	0.290272	0.494493	0.189373	0.025862	2.153379	1.033565
18270	-3939.626	-4201.886	262.26	0.6597261	0.273249	0.465494	0.225577	0.0356797	2.154405	1.197449
18276	-3942.393	-4204.755	262.3617	0.6809519	0.3308	0.310306	0.309124	0.0497702	2.354164	0.8833007
18282	-3945.303	-4207.834	262.531	0.5359825	0.407934	0.16387	0.368815	0.0593806	2.17907	1.047402
18288	-3947.537	-4209.876	262.3398	0.7208492	0.457941	0.15003	0.337664	0.0543652	2.129654	1.090959
18294	-3947.161	-4209.616	262.4546	0.5288369	0.184497	0.408971	0.359354	0.0471776	1.98757	1.288593
18300	-3941.086	-4203.367	262.2809	0.7704887	0.310317	0.244465	0.393551	0.0516672	2.079983	1.141821
18306	-3938.817	-4200.995	262.1782	0.7371363	0.380428	0.299698	0.256534	0.0633405	2.15037	1.200716
18312	-3942.929	-4205.412	262.483	0.5668455	0.337443	0.421774	0.166657	0.0741259	1.948376	1.265382
18318	-3941.573	-4203.893	262.3196	0.7239591	0.217296	0.331313	0.420208	0.0311825	1.936035	1.273603
18324	-3966.977	-4229.14	262.1632	0.6970993	0.444932	0.232572	0.294974	0.0275217	1.975835	1.389805
18330	-3963.948	-4226.099	262.1502	0.6730516	0.303202	0.291957	0.370292	0.034549	1.872844	1.498049
18336	-3960.015	-4222.098	262.0822	0.8409678	0.288209	0.250872	0.399494	0.0614244	2.026085	1.293701
18342	-3953.97	-4216.266	262.2957	0.690164	0.238602	0.409629	0.318389	0.0333807	2.036366	1.239869
18348	-3964.011	-4226.29	262.2794	0.690164	0.244683	0.294442	0.426644	0.0342315	1.959079	1.316734
18354	-3974.403	-4236.405	262.0012	0.690164	0.4784	0.230647	0.246471	0.0444824	1.950238	1.537883
18360	-3955.242	-4217.345	262.1026	0.7257621	0.363784	0.238097	0.36307	0.0350495	1.884048	1.483437
18366	-3958.831	-4221.021	262.1902	0.713719	0.517852	0.17796	0.271368	0.0328209	2.018468	1.3207
18372	-3953.8	-4216.19	262.3897	0.713719	0.354079	0.327309	0.266457	0.0521555	2.129495	1.051383
18378	-3949.176	-4211.571	262.3955	0.6611527	0.303918	0.402843	0.242351	0.0508878	2.081254	1.141612
18384	-3951.256	-4213.587	262.3314	0.6799728	0.358586	0.295428	0.285945	0.0600413	2.033046	1.22173
18390	-3959.623	-4221.924	262.3006	0.7566008	0.278624	0.332257	0.321592	0.0675264	2.046885	1.16654
18396	-3955.569	-4217.713	262.1436	0.7064385	0.347775	0.41472	0.15322	0.0842857	2.046885	1.341395
18402	-3939.595	-4202.011	262.4163	0.6592563	0.339114	0.404391	0.174309	0.0821866	2.110598	1.098182
18408	-3942.38	-4204.751	262.3709	0.6555027	0.327824	0.359266	0.233459	0.0794505	2.179628	1.079952
18414	-3953.979	-4215.044	261.0656	0.9529968	0.341634	0.191251	0.346532	0.120582	1.754302	2.129578
18420	-3948.766	-4209.674	260.9079	0.8329102	0.593241	0.110853	0.200856	0.09505	1.729115	2.327047
18426	-3950.073	-4211.304	261.2306	0.7304752	0.561701	0.20107	0.124772	0.112457	1.729115	2.188907
18432	-3965.77	-4226.63	260.8602	0.9373698	0.466626	0.179403	0.249204	0.104767	1.843694	2.215224
18438	-3954.441	-4216.021	261.5806	0.7735027	0.519098	0.193235	0.268417	0.0192506	1.745205	1.916783
18444	-3963.314	-4224.015	260.7003	0.7871662	0.452142	0.213318	0.312865	0.0216751	1.588941	2.575604
18450	-3953.056	-4213.333	260.2769	1.198623	0.475526	0.239672	0.26635	0.0184526	1.600711	2.575604
18456	-3957.489	-4217.909	260.4197	0.77748	0.430174	0.224322	0.286841	0.0586641	1.625712	2.732116
18462	-3966.493	-4227.22	260.7276	0.77748	0.553434	0.178733	0.241519	0.0263148	1.594701	2.56143
18468	-3966.138	-4226.17	260.0328	0.8837253	0.460155	0.288833	0.22635	0.024662	1.52931	2.958185
18474	-3964.901	-4225.421	260.5201	0.8243149	0.387452	0.348889	0.190587	0.0730719	1.540706	2.692599
18480	-3970.377	-4231.202	260.8249	0.8228477	0.377773	0.130588	0.365815	0.125824	1.573591	2.484254
18486	-3973.505	-4234.518	261.0138	0.9003744	0.411168	0.101515	0.364608	0.122709	1.830575	2.148611
18492	-3979.909	-4241.379	261.4704	0.8218252	0.436013	0.210792	0.298298	0.0548972	1.831704	1.898525
18498	-3981.146	-4243.151	262.0053	0.6029405	0.289169	0.235877	0.438545	0.0364086	1.78746	1.719016
18504	-3975.248	-4237.265	262.0177	0.6298328	0.372449	0.34603	0.239882	0.0416397	1.948051	1.574394
18510	-3963.271	-4224.037	260.7663	0.9684298	0.459572	0.00157887	0.521901	0.0169487	1.586005	2.419384
18516	-3971.139	-4232.582	261.4436	0.9684298	0.506075	0.00144301	0.476991	0.0154902	1.660102	1.930912
18522	-3960.729	-4223.045	262.3163	0.3830428	0.477371	0.290067	0.224254	0.00830801	1.888016	1.576276
18528	-3953.236	-4215.574	262.338	0.3672255	0.24082	0.416975	0.322368	0.0198369	1.843736	1.601637
18534	-3965.091	-4226.812	261.7216	0.460825	0.249794	0.330267	0.409171	0.0107676	1.838508	1.977354
18540	-3951.222	-4213.207	261.9848	0.656777	0.415954	0.235116	0.331	0.0179301	1.873723	1.631602
18546	-3955.709	-4218.003	262.2939	0.5696626	0.240463	0.442141	0.301086	0.0163097	1.986644	1.38418
18552	-3957.406	-4219.601	262.1952	0.552484	0.243517	0.351032	0.383846	0.0216049	1.955111	1.497586
18558	-3966.099	-4227.975	261.8756	0.7653542	0.349154	0.215529	0.390879	0.0444388	1.951867	1.570701
18564	-3959.031	-4220.818	261.7875	0.8495728	0.396111	0.244515	0.32082	0.0385536	1.951867	1.570701
18570	-3960.181	-4220.688	260.5074	1.353116	0.573114	0.0229931	0.298289	0.105604	1.658248	2.304799
18576	-3968.988	-4230.142	261.1541	0.7691346	0.36921	0.12104	0.441717	0.068032	1.762954	2.190109
18582	-3952.028	-4213.697	261.6695	0.5760656	0.264947	0.359001	0.246209	0.129843	1.877541	1.908136
18588	-3956.532	-4218.323	261.7908	0.904748	0.378213	0.172806	0.323116	0.125865	1.827161	1.617667
18594	-3954.713	-4216.646	261.9328	0.8530662	0.334503	0.212841	0.398808	0.0538488	1.896939	1.500938
18600	-3964.39	-4226.355	261.9649	0.7822497	0.478449	0.16877	0.217391	0.135389	1.978276	1.471218
18606	-3968.364	-4230.192	261.8279	0.8501736	0.364367	0.195136	0.296866	0.143631	1.928654	1.557556
18612	-3968.297	-4229.295	260.9975	0.9344355	0.437051	0.271305	0.227109	0.0645351	1.71311	2.212807
18618	-3954.911	-4215.886	260.9756	0.8204802	0.316966	0.33896	0.218571	0.125504	1.673232	2.327816
18624	-3952.455	-4213.607	261.1517	0.776822	0.234348	0.280695	0.289256	0.195701	1.667523	2.248067
18630	-3954.67	-4215.97	261.3005	0.7356908	0.240123	0.324397	0.234957	0.200523	1.768709	2.113974
18636	-3963.098	-4224.416	261.3179	0.7371391	0.467286	0.339073	0.0982846	0.0953567	1.688145	2.154269
18642	-3959.082	-4219.641	260.5596	0.9247981	0.47697	0.293002	0.136618	0.0934097	1.595427	2.570391
18648	-3959.459	-4219.549	260.0892	0.9311343	0.309725	0.304795	0.195609	0.189871	1.543392	2.886384
18654	-3964.041	-4224.615	260.5737	0.7421224	0.364747	0.270799	0.177679	0.186775	1.575892	2.691107
18660	-3955.032	-4216.027	260.9944	0.7649038	0.354141	0.317048	0.159851	0.16896	1.675043	2.351736
18666	-3943.544	-4204.389	260.8451	0.7649038	0.463961	0.281858	0.232469	0.0217116	1.666154	2.451668
18672	-3962.016	-4222.554	260.5386	0.7431852	0.269869	0.106575	0.594573	0.0289833	1.680734	2.64747
18678	-3955.282	-4216.277	260.9952	0.8232706	0.277191	0.138311	0.532801	0.0516974	1.71473	2.286904
18684	-3956.63	-4218.788	262.1578	0.5364818	0.152423	0.408439	0.371378	0.0677606	1.865329	1.603578
18690	-3973.564	-4234.534	260.9702	0.9387961	0.339987	0.239442	0.42022	0.000351554	1.811123	2.164083
18696	-3969.941	-4231.519	261.5776	0.7100419	0.221656	0.301892	0.476126	0.000326037	1.841246	1.899175
18702	-3966.837	-4228.074	261.237	0.8599544	0.403828	0.20486	0.29332	0.0979923	1.765371	2.072413
18708	-3955.338	-4216.645	261.3068	0.9843561	0.494369	0.08372	0.274345	0.147566	1.76539	1.941328
18714	-3943.815	-4205.153	261.3381	0.7193064	0.419322	0.208285	0.340828	0.0315655	1.636786	2.18673
18720	-3955.031	-4216.282	261.2506	1.031724	0.402301	0.199831	0.326994	0.0708742	1.677351	2.006275
18726	-3945.648	-4206.882	261.2342	0.7941398	0.315727	0.322439	0.256626	0.105208	1.779772	2.10985
18732	-3952.555	-4214.183	261.6273	0.9149044	0.543852	0.214592	0.223073	0.018482	1.820775	1.731344
18738	-3944.882	-4205.649	260.7663	0.9149044	0.356428	0.385514	0.219948	0.0381102	1.682026	2.393064
18744	-3941.63	-4202.744	261.1136	0.9856363	0.460911	0.194399	0.305068	0.0396228	1.65994	2.138327
18750	-3946.395	-4207.949	261.5539	0.7356242	0.36964	0.177793	0.315693	0.136873	1.77197	1.943711
18756	-3954.846	-4216.763	261.9174	0.7356242	0.439137	0.237096	0.234326	0.0894398	1.831056	1.650713
18762	-3961.22	-4222.878	261.6585	0.8286811	0.392826	0.256674	0.253675	0.096825	1.843926	1.75568
18768	-3952.586	-4214.494	261.9078	0.69831	0.346966	0.455945	0.101566	0.0955228	1.700726	1.777388
18774	-3969.054	-4229.787	260.7331	1.141145	0.433555	0.1911	0.297672	0.0776734	1.677174	2.27449
18780	-3949.668	-4210.66	260.9921	0.7927486	0.285936	0.447112	0.19503	0.0719217	1.608485	2.37683
18786	-3946.086	-4206.8	260.7143	0.7548267	0.309516	0.376499	0.247446	0.0665384	1.617814	2.570157
18792	-3953.089	-4213.078	259.9894	0.9022636	0.294755	0.358543	0.189053	0.157649	1.44744	3.021963
18798	-3964.203	-4224.165	259.962	0.9676233	0.530143	0.177133	0.27513	0.0175942	1.4244	3.012319
18804	-3966.668	-4228.248	261.5794	0.6065634	0.180967	0.554338	0.20393	0.0607649	1.697615	2.067215
18810	-3961.236	-4223.4	262.1634	0.6711529	0.180967	0.554338	0.20393	0.0607649	1.859379	1.499734
18816	-3965.921	-4228.086	262.1655	0.8082304	0.381508	0.280562	0.252192	0.0857391	1.932132	1.329834
18822	-3957.406	-4219.579	262.1728	0.6244716	0.380264	0.251911	0.293277	0.0745483	2.012409	1.413626
18828	-3940.962	-4203.191	262.2291	0.6244716	0.38377	0.254234	0.295981	0.0660154	2.05559	1.335447
18834	-3931.927	-4194.08	262.1539	0.8154303	0.292852	0.365265	0.226373	0.11551	2.109419	1.185986
18840	-3941.581	-4203.695	262.1143	0.6212487	0.290482	0.362309	0.224541	0.122668	2.050823	1.431743
18846	-3943.014	-4204.945	261.9314	0.8412757	0.396118	0.189068	0.290351	0.124464	2.060203	1.386523
18852	-3935.303	-4197.214	261.9108	0.7519152	0.384901	0.237507	0.300216	0.0773765	1.868887	1.615783
18858	-3952.506	-4213.71	261.2039	1.197236	0.390879	0.241196	0.304879	0.0630461	1.845286	1.815682
18864	-3964.654	-4226.261	261.6072	0.7002928	0.469301	0.187212	0.309757	0.03373	1.828262	1.894884
18870	-3972.254	-4232.148	259.8939	1.371453	0.522114	0.174842	0.198099	0.104945	1.578104	2.727624
18876	-3967.628	-4227.362	259.7343	1.908209	0.625535	0.0838827	0.237339	0.0532432	1.673191	2.492008
18882	-3975.281	-4236.556	261.2751	0.6663895	0.236804	0.210743	0.424483	0.127971	1.73196	2.202199
18888	-3972.257	-4233.363	261.1058	0.8406998	0.44698	0.20218	0.269571	0.0812691	1.730021	2.194201
18894	-3965.763	-4226.981	261.2176	0.7472258	0.465363	0.196199	0.280658	0.0577799	1.730021	2.185269
18900	-3958.397	-4219.017	260.6195	0.9125067	0.438324	0.184799	0.264351	0.112526	1.569564	2.557057
18906	-3956.378	-4216.841	260.4628	0.8395408	0.319503	0.264421	0.309806	0.106269	1.606185	2.677813
18912	-3950.133	-4210.631	260.4979	0.9839969	0.449044	0.133311	0.268289	0.149356	1.677329	2.520526
18918	-3945.83	-4206.959	261.1282	1.018738	0.52601	0.087214	0.229929	0.156847	1.810308	2.007839
18924	-3940.955	-4202.624	261.6692	0.8901684	0.398532	0.215975	0.228888	0.156604	1.934537	1.638692
18930	-3940.168	-4201.467	261.2989	0.984328	0.403506	0.270613	0.286907	0.0389738	1.749042	1.957669
18936	-3945.941	-4207.374	261.4325	0.984328	0.382793	0.211426	0.352471	0.0533094	1.831644	1.810506
18942	-3952.776	-4214.11	261.335	0.9907466	0.330128	0.290103	0.325693	0.0540759	1.831644	1.872981
18948	-3943.841	-4205.075	261.2338	0.9549178	0.362211	0.318296	0.225526	0.0939672	1.803983	1.984333
18954	-3943.84	-4205.265	261.4249	1.380079	0.292351	0.256905	0.384831	0.0659122	1.938413	1.468482
18960	-3955.888	-4217.936	262.0483	0.7441632	0.473198	0.078893	0.382411	0.0654977	1.938593	1.468482
18966	-3959.097	-4219.815	260.7173	1.467631	0.556573	0.0927935	0.201537	0.149097	1.817075	1.998381
18972	-3965.76	-4226.964	261.2035	0.8920091	0.419646	0.188684	0.279254	0.112416	1.85539	2.013084
18978	-3954.092	-4215.678	261.5864	0.7622446	0.442861	0.207996	0.294702	0.0544399	1.790826	1.889963
18984	-3970.397	-4231.159	260.7615	1.017932	0.24908	0.323488	0.226136	0.201296	1.723425	2.303754
18990	-3973.145	-4234.118	260.9728	0.7041113	0.301075	0.273305	0.243119	0.182501	1.696964	2.392257
18996	-3953.653	-4213.882	260.2289	0.8115841	0.357949	0.290748	0.280244	0.0710587	1.5821	2.853068
19002	-3952.31	-4212.538	260.2279	0.841717	0.488252	0.231741	0.22337	0.0566375	1.575846	2.838451
19008	-3945.713	-4206.179	260.4661	0.7456485	0.341528	0.373052	0.218222	0.0671976	1.600053	2.739969
19014	-3949.565	-4209.424	259.8586	1.177701	0.347723	0.379818	0.204043	0.0684164	1.606475	2.840775
19020	-3956.459	-4216.992	260.533	1.187726	0.413153	0.163246	0.339896	0.0837052	1.70157	2.358169
19026	-3943.397	-4202.913	259.5161	1.174096	0.372142	0.301027	0.264649	0.0621824	1.538016	3.090035
19032	-3939.522	-4200.515	260.9934	0.9151515	0.384729	0.247566	0.217649	0.150056	1.633473	2.279338
19038	-3953.13	-4214.616	261.4856	0.8813644	0.463806	0.244788	0.206333	0.0850728	1.763923	1.892275
19044	-3964.341	-4226.545	262.2048	0.5497306	0.235795	0.525282	0.183866	0.0550566	1.807366	1.60162
19050	-3956.545	-4218.062	261.5169	0.8548339	0.243283	0.454231	0.246173	0.0563129	1.842134	1.836185
19056	-3948.375	-4209.701	261.3262	0.7324604	0.256346	0.342692	0.359322	0.0416408	1.704966	2.141095
19062	-3956.216	-4217.532	261.3161	0.6484874	0.298929	0.439911	0.151462	0.109698	1.759051	2.170365
19068	-3951.928	-4213.322	261.3939	0.6484874	0.333729	0.322334	0.112095	0.231842	1.69844	2.15919
19074	-3953.692	-4215.095	261.4037	0.8734685	0.383933	0.27872	0.299809	0.0375383	1.718856	1.983318
19080	-3944.848	-4206.859	262.0104	0.6680908	0.371962	0.146129	0.386146	0.0957631	1.732815	1.705386
19086	-3948.363	-4209.727	261.3636	0.8810758	0.481543	0.143152	0.237256	0.13805	1.746253	1.986608
19092	-3945.382	-4206.488	261.1067	0.8509217	0.52616	0.156415	0.259239	0.0581859	1.708505	2.20066
19098	-3945.64	-4206.651	261.0114	1.012751	0.437699	0.210539	0.21697	0.134792	1.792806	2.100516
19104	-3950.488	-4211.736	261.2476	1.255477	0.450827	0.193872	0.140926	0.214376	1.921851	1.693437
19110	-3953.056	-4214.461	261.4052	0.8829092	0.512481	0.220385	0.160198	0.106936	1.836034	1.896855
19116	-3944.459	-4206.071	261.6118	0.7861492	0.369246	0.24022	0.294499	0.0960353	1.836034	1.824423
19122	-3951.578	-4213.312	261.7333	0.7861492	0.375392	0.255335	0.299401	0.0698722	1.827499	1.745944
19128	-3950.585	-4212.317	261.7322	0.5526808	0.274421	0.387674	0.265449	0.0724562	1.77587	1.950798
19134	-3946.004	-4207.567	261.5636	0.8717958	0.24489	0.434781	0.236883	0.0834465	1.77587	1.837594
19140	-3960.359	-4222.094	261.7344	0.5157048	0.352602	0.31011	0.269712	0.0675758	1.774731	1.975425
19146	-3957.932	-4219.553	261.6205	0.7403933	0.287661	0.365713	0.318071	0.0285543	1.853653	1.83951
19152	-3975.66	-4234.355	258.695	0.9707743	0.41607	0.151124	0.253192	0.179614	1.450496	3.739269
19158	-3962.773	-4222.539	259.7663	0.9811873	0.471995	0.1396	0.287224	0.101181	1.580052	3.028133
19164	-3964.403	-4225.049	260.646	0.9811873	0.432307	0.257021	0.242399	0.0682729	1.573391	2.494756
19170	-3948.904	-4209.354	260.4494	0.8460424	0.373863	0.271455	0.292938	0.0617445	1.573412	2.701997
19176	-3963.355	-4224.876	261.5201	0.5947297	0.358115	0.260021	0.280599	0.101266	1.695842	2.115481
19182	-3940.632	-4201.806	261.1741	0.7903913	0.200892	0.402178	0.316353	0.0805763	1.784739	2.148478
19188	-3950.108	-4211.412	261.3039	0.779953	0.434795	0.127633	0.360607	0.0769655	1.802031	2.05916
19194	-3941.605	-4202.876	261.2714	0.7966234	0.379454	0.238668	0.314709	0.0671693	1.799647	2.070602
19200	-3958.539	-4220.376	261.8366	0.5641599	0.19878	0.457698	0.283099	0.0604228	1.799647	1.855758
19206	-3956.621	-4218.416	261.7945	0.7579561	0.32395	0.431138	0.167489	0.0774236	1.870038	1.693741
19212	-3970.972	-4232.38	261.4084	0.8519357	0.469209	0.328703	0.127695	0.0743929	1.756886	1.969644
19218	-3962.827	-4224.529	261.7021	0.6604006	0.396065	0.250682	0.292481	0.060772	1.720584	1.932117
19224	-3933.202	-4194.796	261.5939	0.9133175	0.415471	0.250826	0.242544	0.0911589	1.953639	1.661959
19230	-3947.349	-4209.853	262.5039	0.576459	0.36134	0.218315	0.332525	0.0878204	2.039045	1.16192
19236	-3957.097	-4219.522	262.4246	0.5531056	0.333765	0.268237	0.342025	0.0559726	2.06072	1.232226
19242	-3963.579	-4225.877	262.2975	0.6591665	0.380287	0.222146	0.28646	0.111107	2.061548	1.244771
19248	-3967.929	-4230.289	262.3599	0.4798583	0.292529	0.344946	0.278309	0.0842156	1.871671	1.491475
19254	-3952.562	-4214.463	261.9009	0.659604	0.200784	0.292379	0.31232	0.194517	1.893811	1.675209
19260	-3944.786	-4206.046	261.2598	0.8085956	0.483073	0.302536	0.0888517	0.12554	1.815206	2.059719
19266	-3935.629	-4196.704	261.0749	0.8085956	0.354322	0.289296	0.131837	0.224546	1.80748	2.185772
19272	-3942.055	-4202.811	260.7553	0.879319	0.457639	0.173376	0.24043	0.128556	1.612243	2.466935
19278	-3952.965	-4213.743	260.7781	0.9069181	0.402527	0.191877	0.264285	0.141311	1.561079	2.466935
19284	-3945.355	-4206.576	261.2208	0.5161201	0.277187	0.384702	0.244487	0.0936244	1.527013	2.466935
19290	-3943.668	-4204.895	261.2273	0.4838306	0.351676	0.345858	0.250397	0.0520682	1.626935	2.420231
19296	-3951.458	-4213.012	261.5535	0.4609586	0.33696	0.331386	0.239919	0.0917349	1.639246	2.218562
19302	-3946.64	-4207.909	261.2689	0.412792	0.288101	0.457577	0.183977	0.0703448	1.715937	2.379554
19308	-3959.278	-4220.538	261.2596	0.5049657	0.25622	0.403351	0.27842	0.0620085	1.610009	2.397325
19314	-3945.577	-4206.284	260.707	0.688382	0.273564	0.424405	0.268092	0.0339391	1.545607	2.662751
19320	-3954.605	-4215.159	260.5539	0.876959	0.337434	0.322002	0.210087	0.130477	1.682508	2.550312
19326	-3955.029	-4214.762	259.7337	1.248698	0.473336	0.129084	0.345274	0.0523057	1.584532	2.889301
19332	-3974.383	-4234.86	260.4766	1.101741	0.490305	0.115641	0.357652	0.036402	1.54941	2.541058
19338	-3949.984	-4211.043	261.0593	1.100087	0.400832	0.0937313	0.451057	0.0543803	1.710632	2.066561
19344	-3940.706	-4202.36	261.6534	0.7601972	0.423116	0.175037	0.324184	0.0776628	1.768388	1.861025
19350	-3929.65	-4191.47	261.8202	0.7411467	0.333266	0.22878	0.39296	0.0449944	1.921183	1.651622
19356	-3932.916	-4194.654	261.7378	0.68811	0.338287	0.227057	0.390001	0.0446556	1.928578	1.744585
19362	-3937.947	-4199.466	261.5185	0.9396652	0.30461	0.431277	0.188257	0.0758557	2.02798	1.643489
19368	-3942.778	-4204.331	261.5535	0.8551877	0.508802	0.222723	0.169746	0.0987291	1.787652	1.848216
19374	-3954.729	-4216.316	261.5868	0.846523	0.431777	0.169453	0.261157	0.137613	1.863742	1.778878
19380	-3938.347	-4200.115	261.7674	0.7484657	0.404664	0.191018	0.245635	0.158683	1.849155	1.734695
19386	-3941.153	-4202.83	261.6773	0.8080686	0.253377	0.41274	0.270075	0.063808	1.774114	1.806101
19392	-3944.469	-4206.044	261.5755	0.8399249	0.375989	0.133777	0.442377	0.0478581	2.033769	1.67201
19398	-3954.137	-4216.324	262.1876	0.7251844	0.437363	0.191114	0.294895	0.0766278	1.921348	1.3901
19404	-3949.775	-4212.05	262.2748	0.7754168	0.435171	0.290504	0.217745	0.0565805	2.040553	1.177301
19410	-3953.657	-4215.751	262.0937	0.7957452	0.403897	0.269626	0.202096	0.124382	2.002671	1.341301
19416	-3955.569	-4217.558	261.99	0.7687595	0.355971	0.298662	0.207591	0.137776	1.999306	1.446962
19422	-3946.927	-4208.894	261.9664	0.8215621	0.325427	0.188579	0.399	0.0869939	2.018849	1.407436
19428	-3945.959	-4208.066	262.1065	0.606069	0.357594	0.305145	0.234303	0.102958	2.033087	1.463443
19434	-3970.231	-4232.548	262.317	0.6695728	0.436923	0.295106	0.185366	0.0826052	2.066214	1.215125
19440	-3959.539	-4221.683	262.1446	0.6695728	0.393162	0.283568	0.274917	0.0483531	2.023082	1.390197
19446	-3953.496	-4215.84	262.3438	0.650405	0.316303	0.273186	0.347178	0.0633327	2.131849	1.15271
19452	-3972.524	-4234.601	262.0769	0.8055907	0.414555	0.252974	0.321492	0.0109787	2.159424	1.217929
19458	-3961.715	-4224.237	262.5222	0.5690721	0.365551	0.223071	0.34697	0.0644087	2.262694	0.9375136
19464	-3974.656	-4236.88	262.2248	0.8240402	0.177059	0.528564	0.21191	0.0824675	2.262694	0.9677284
19470	-3967.824	-4230.274	262.4499	0.6441885	0.41328	0.317847	0.19355	0.0753225	2.109249	1.083071
19476	-3958.775	-4221.328	262.5523	0.6441885	0.320646	0.356089	0.220416	0.102849	2.127368	0.9651725
19482	-3967.18	-4229.06	261.8797	0.6478517	0.224718	0.432335	0.334657	0.00828993	1.743233	1.804516
19488	-3965.475	-4227.047	261.5722	0.7862789	0.489417	0.149838	0.318996	0.0417483	1.739123	1.917478
19494	-3971.318	-4233.354	262.0353	0.7572109	0.447642	0.125595	0.302215	0.124547	2.120366	1.326311
19500	-3957.1	-4218.916	261.8162	0.6868191	0.447524	0.179175	0.240768	0.132532	1.92448	1.693155
19506	-3959.943	-4221.688	261.745	0.7540536	0.438729	0.309767	0.181094	0.0704096	1.92448	1.693155
19512	-3952.657	-4214.659	262.0021	0.8065002	0.513353	0.0936127	0.248237	0.144797	1.944207	1.449489
19518	-3958.045	-4219.551	261.5052	0.9059009	0.453396	0.062196	0.392462	0.0919464	1.843421	1.80708
19524	-3955.71	-4217.214	261.504	0.9503252	0.316441	0.303371	0.313519	0.0666695	1.823639	1.790287
19530	-3951.737	-4213.445	261.7083	0.7741424	0.381211	0.262377	0.276021	0.0803906	1.801578	1.790287
19536	-3953.984	-4215.299	261.3148	0.8647919	0.394875	0.271782	0.285915	0.0474282	1.818241	1.982334
19542	-3964.797	-4226.304	261.5076	1.029798	0.477549	0.17749	0.295881	0.0490812	1.903896	1.675343
19548	-3960.998	-4223.078	262.0796	0.9806951	0.438199	0.192259	0.238874	0.130668	2.147865	1.065623
19554	-3967.165	-4229.242	262.0769	0.8453268	0.401835	0.130149	0.386299	0.0817167	2.329731	1.026653
19560	-3943.927	-4206.285	262.3583	0.7536819	0.341502	0.260753	0.328298	0.0694474	2.307916	0.8510166
19566	-3947.742	-4210.189	262.4463	0.7075856	0.370187	0.277507	0.277294	0.075011	2.307916	0.8013531
19572	-3960.986	-4222.751	261.7643	0.8073298	0.247948	0.376479	0.348606	0.026967	1.906207	1.652544
19578	-3946.017	-4207.902	261.8849	0.7023551	0.344435	0.421688	0.211689	0.0221883	1.882119	1.662672
19584	-3954.375	-4216.419	262.044	0.6380549	0.255479	0.29757	0.276218	0.170734	1.86251	1.61121
19590	-3949.499	-4211.322	261.823	0.771048	0.41538	0.24107	0.19278	0.15077	1.847406	1.679775
19596	-3964.38	-4226.676	262.2959	0.771048	0.404334	0.23466	0.214245	0.146761	2.029873	1.172211
19602	-3952.268	-4214.215	261.9472	0.771048	0.321629	0.3979	0.188342	0.0921291	2.026647	1.456924
19608	-3943.927	-4206.145	262.2179	0.771048	0.266263	0.365764	0.319837	0.0481358	2.052652	1.219643
19614	-3955.038	-4217.348	262.3105	0.6810199	0.393455	0.232416	0.262187	0.111943	2.030903	1.240149
19620	-3962.695	-4224.372	261.677	0.9701317	0.438801	0.300845	0.172282	0.0880714	1.973739	1.545059
19626	-3957.64	-4218.934	261.294	1.139137	0.437362	0.102721	0.396333	0.0635843	1.973739	1.701623
19632	-3965.83	-4226.994	261.164	0.8778966	0.294153	0.161179	0.487574	0.0570947	1.909744	2.012862
19638	-3956.468	-4217.761	261.2934	0.8697452	0.314229	0.454144	0.130657	0.10097	1.945783	1.907436
19644	-3942.897	-4204.446	261.5489	0.6825357	0.316709	0.307588	0.242781	0.132921	1.83636	1.941585
19650	-3949.615	-4211.086	261.4712	0.7559596	0.491824	0.12655	0.282327	0.0992997	1.83636	1.941585
19656	-3945.907	-4206.995	261.0884	0.904228	0.519756	0.102925	0.296557	0.0807621	1.841327	2.090168
19662	-3958.534	-4219.421	260.8877	1.222358	0.504177	0.120329	0.297153	0.0783414	1.759724	2.070359
19668	-3950.127	-4211.605	261.4777	0.9379097	0.510263	0.148782	0.242394	0.0985618	1.849454	1.799344
19674	-3941.643	-4203.05	261.4064	0.8646925	0.45598	0.237635	0.233884	0.0725005	1.842416	1.904439
19680	-3934.774	-4196.443	261.6695	0.8840934	0.348084	0.191661	0.275652	0.184603	1.886991	1.676976
19686	-3927.709	-4189.278	261.5699	0.8840934	0.487631	0.177091	0.148117	0.18716	1.916572	1.726599
19692	-3935.373	-4197.146	261.7731	0.823737	0.312737	0.355784	0.145623	0.185856	1.946812	1.604482
19698	-3937.204	-4199.228	262.0237	0.6812161	0.184109	0.358566	0.347912	0.109413	1.951829	1.527056
19704	-3934.712	-4196.377	261.6647	0.896251	0.443099	0.304839	0.191949	0.0601131	1.951829	1.625005
19710	-3942.496	-4204.247	261.7517	0.7140133	0.369837	0.236452	0.366638	0.0270728	1.877974	1.751029
19716	-3940.27	-4201.806	261.5362	0.8457242	0.402448	0.257301	0.333828	0.00642332	1.984822	1.730219
19722	-3948.579	-4210.662	262.0827	0.7598441	0.528562	0.160642	0.302359	0.00843619	2.046987	1.344895
19728	-3951.683	-4213.779	262.0964	0.5523807	0.149661	0.458338	0.375547	0.0164543	2.062166	1.491418
19734	-3946.452	-4208.308	261.856	0.7052569	0.418318	0.256446	0.309166	0.0160701	1.937089	1.641782
19740	-3965.24	-4227.252	262.0119	0.5637651	0.303666	0.33691	0.268359	0.0910646	1.95231	1.625856
19746	-3954.755	-4216.751	261.996	0.5619757	0.347236	0.31463	0.230412	0.107722	1.970071	1.625856
19752	-3946.253	-4207.668	261.4155	0.9401996	0.50216	0.130775	0.321844	0.0452218	1.943161	1.77584
19758	-3949.306	-4210.98	261.6749	0.7363253	0.428815	0.219349	0.275251	0.076585	1.892515	1.778016
19764	-3951.155	-4212.842	261.6872	0.7470263	0.375054	0.23109	0.308125	0.0857317	1.868902	1.778016
19770	-3949.537	-4211.063	261.5256	0.7738259	0.442058	0.285702	0.216679	0.0555611	1.940238	1.820933
19776	-3952.917	-4214.978	262.0611	0.7587638	0.611847	0.121459	0.158962	0.107732	2.11691	1.30698
19782	-3949.833	-4211.855	262.0212	0.8500775	0.342813	0.175573	0.271872	0.209742	2.11691	1.261363
19788	-3935.819	-4197.545	261.726	0.9607662	0.348736	0.190829	0.403164	0.0572713	2.164414	1.369713
19794	-3959.062	-4221.214	262.1522	0.66258	0.359466	0.191701	0.405005	0.0438278	2.001678	1.406721
19800	-3937.679	-4199.518	261.8389	0.9052159	0.465047	0.224289	0.136341	0.174323	1.969479	1.476592
19806	-3951.513	-4213.209	261.6963	1.019311	0.475624	0.187894	0.208455	0.128026	2.047579	1.437908
19812	-3959.595	-4221.445	261.85	0.8731057	0.291057	0.196352	0.378802	0.133789	2.061508	1.423103
19818	-3945.759	-4207.565	261.8062	0.8731057	0.470938	0.221397	0.266858	0.0408065	2.003581	1.500382
19824	-3956.712	-4217.884	261.1727	0.8747954	0.398474	0.261806	0.295544	0.0441755	1.720292	2.134087
19830	-3954.397	-4215.916	261.5189	0.7616974	0.372687	0.263932	0.320721	0.0426598	1.784128	1.940553
19836	-3952.959	-4214.708	261.7485	0.5279931	0.168615	0.428831	0.373328	0.029226	1.791229	1.946493
19842	-3946.077	-4207.435	261.3576	0.6993579	0.354904	0.371853	0.214079	0.0591636	1.777507	2.096009
19848	-3952.911	-4214.008	261.0968	0.7216952	0.36483	0.319641	0.254711	0.0608183	1.712278	2.291863
19854	-3945.839	-4206.876	261.037	0.912407	0.430896	0.19745	0.29309	0.0785636	1.718354	2.1984
19860	-3957.05	-4218.37	261.3207	0.7524553	0.397799	0.182284	0.347388	0.0725291	1.791104	2.074393
19866	-3965.319	-4226.753	261.4341	0.6354726	0.306089	0.376544	0.282813	0.0345534	1.740059	2.114748
19872	-3962.653	-4223.918	261.2645	0.6660045	0.307035	0.360436	0.299454	0.0330752	1.723192	2.214955
19878	-3955.817	-4216.261	260.4447	0.7972795	0.40751	0.300385	0.23009	0.0620147	1.711639	2.651249
19884	-3959.017	-4220.029	261.0126	0.940278	0.398073	0.293429	0.280557	0.027941	1.759518	2.169109
19890	-3954.075	-4215.776	261.7013	0.8832597	0.414498	0.305536	0.161103	0.118863	1.895664	1.64867
19896	-3949.375	-4211.496	262.1211	0.7490745	0.330207	0.197865	0.323344	0.148585	2.022733	1.342611
19902	-3950.882	-4212.788	261.9062	0.6377946	0.282667	0.219846	0.461066	0.0364202	1.963647	1.637948
19908	-3952.806	-4214.48	261.6742	0.8888163	0.276565	0.236689	0.451112	0.0356339	1.931963	1.637948
19914	-3960.925	-4222.812	261.8864	0.8290684	0.233749	0.392895	0.35889	0.0144656	1.953757	1.511852
19920	-3948.331	-4210.062	261.7305	0.8936974	0.349891	0.3707	0.256478	0.0229312	2.019797	1.528914
19926	-3934.666	-4196.16	261.4942	0.7765303	0.432151	0.258828	0.240437	0.0685844	1.95209	1.832432
19932	-3940.529	-4202.062	261.5334	0.6834709	0.29409	0.260808	0.331321	0.113781	1.888713	1.916052
19938	-3955.823	-4217.346	261.5235	0.6489627	0.361733	0.295998	0.229071	0.113198	1.93515	1.916052
19944	-3945.614	-4207.528	261.9134	0.8536683	0.327267	0.311982	0.241441	0.11931	1.91773	1.49948
19950	-3952.351	-4214.31	261.9586	0.6967327	0.340857	0.196678	0.33552	0.126945	1.908715	1.594567
19956	-3947.863	-4209.708	261.845	0.6501279	0.453079	0.246535	0.236415	0.0639712	1.960017	1.674989
19962	-3949.537	-4211.751	262.2144	0.6344607	0.339436	0.348667	0.209831	0.102066	1.960882	1.413165
19968	-3947.193	-4209.424	262.2309	0.6390761	0.307056	0.423488	0.206886	0.0625694	2.052272	1.32436
19974	-3945.268	-4207.276	262.0078	0.4178131	0.137315	0.539527	0.243445	0.0797137	1.8958	1.769972
19980	-3949.836	-4211.757	261.9207	0.4604311	0.111448	0.555704	0.250744	0.0821038	1.839524	1.842079
19986	-3953.961	-4215.73	261.7697	0.6636954	0.295983	0.373577	0.187196	0.143244	1.820092	1.8158
19992	-3962.456	-4224.686	262.2302	0.6732528	0.433003	0.317188	0.159638	0.0901713	1.982087	1.351996
19998	-3969.6	-4231.558	261.9583	0.9127962	0.45654	0.360313	0.149369	0.0337782	2.101433	1.272755
20004	-3977.148	-4239.453	262.3042	0.5824238	0.317911	0.338304	0.251795	0.0919895	2.017945	1.340811
20010	-3970.66	-4232.07	261.4104	0.9142172	0.51727	0.0582866	0.340578	0.0838651	1.752941	1.927805
20016	-3970.669	-4231.625	260.9562	1.224874	0.524791	0.0361903	0.405887	0.0331311	1.757732	2.024827
20022	-3966.509	-4227.076	260.5676	0.9239314	0.365631	0.0166129	0.613413	0.0043435	1.685019	2.510228
20028	-3956.624	-4217.174	260.5507	1.193691	0.548189	0.011832	0.436885	0.00309353	1.728172	2.326415
20034	-3964.414	-4226.537	262.1224	0.7600464	0.48894	0.150118	0.306497	0.0544458	1.904332	1.425277
20040	-3959.449	-4221.446	261.9976	0.7600464	0.351959	0.255946	0.314281	0.0778147	1.894413	1.527172
20046	-3958.299	-4220.153	261.854	0.8711375	0.428135	0.251835	0.225374	0.0946565	1.865074	1.569151
20052	-3957.902	-4219.784	261.8822	0.6509968	0.351444	0.206724	0.364131	0.0777009	1.894436	1.694557
20058	-3963.294	-4224.987	261.6935	0.8506939	0.396076	0.105981	0.410374	0.0875686	1.740001	1.787771
20064	-3965.638	-4227.056	261.4181	0.9640248	0.517191	0.0566512	0.328461	0.0976974	1.853318	1.81959
20070	-3954.823	-4216.625	261.802	0.6851187	0.40358	0.191599	0.343886	0.0609356	1.841289	1.762901
20076	-3961.139	-4222.973	261.8335	0.7496293	0.345249	0.308644	0.284216	0.0618916	1.905815	1.64668
20082	-3946.51	-4208.041	261.5314	0.945878	0.339745	0.372775	0.267382	0.0200985	1.792211	1.79619
20088	-3951.192	-4211.675	260.4826	0.945878	0.297796	0.337939	0.328425	0.0358405	1.77583	2.492586
20094	-3959.102	-4220.861	261.7586	1.005161	0.418834	0.183036	0.346468	0.051662	1.9703	1.46012
20100	-3951.91	-4213.592	261.6826	0.964038	0.351373	0.304091	0.311433	0.0331028	1.884986	1.610458
20106	-3954.87	-4216.772	261.9022	0.7308342	0.419616	0.36315	0.166843	0.0503908	1.905978	1.611317
20112	-3952.087	-4212.987	260.9006	0.8256227	0.373387	0.236136	0.294499	0.0959775	1.636196	2.395422
20118	-3964.232	-4225.204	260.9715	0.8178081	0.383703	0.145383	0.36749	0.103424	1.641281	2.352481
20124	-3957.124	-4217.366	260.2419	1.431932	0.436006	0.122064	0.327371	0.114559	1.725946	2.385903
20130	-3950.644	-4212.271	261.627	0.8130275	0.391428	0.199286	0.378418	0.0308683	1.840112	1.791629
20136	-3940.059	-4201.456	261.3969	0.8796452	0.439906	0.133935	0.400717	0.0254411	1.78715	1.937807
20142	-3950.584	-4211.829	261.2445	0.7730018	0.340203	0.241029	0.393685	0.0250832	1.652464	2.200466
20148	-3958.486	-4219.663	261.1772	0.8121929	0.367578	0.317099	0.282323	0.0329997	1.686199	2.195626
20154	-3952.939	-4213.463	260.5236	1.253031	0.449111	0.0959369	0.404551	0.0504011	1.62594	2.373274
20160	-3950.02	-4210.455	260.4345	1.074553	0.586081	0.140148	0.217233	0.0565373	1.562721	2.575416
20166	-3953.752	-4214.26	260.508	0.8764938	0.585812	0.155843	0.217134	0.0412115	1.562721	2.653168
20172	-3940.901	-4200.712	259.8113	0.9870843	0.58052	0.172595	0.201244	0.0456414	1.475834	3.060039
20178	-3952.635	-4212.944	260.3093	0.9406784	0.429439	0.17483	0.360855	0.0348755	1.641825	2.686301
20184	-3959.011	-4219.349	260.3385	1.072205	0.560402	0.137724	0.284267	0.0176066	1.612961	2.605158
20190	-3952.922	-4214.065	261.1432	0.7297345	0.273406	0.522082	0.195923	0.00858982	1.58341	2.339006
20196	-3970.398	-4231.124	260.7259	0.8949917	0.271536	0.518512	0.194584	0.0153674	1.600797	2.482379
20202	-3955.084	-4214.819	259.7358	0.9204931	0.446246	0.214126	0.304669	0.0349598	1.532516	3.111468
20208	-3947.235	-4207.672	260.4367	0.9234439	0.436126	0.177033	0.347021	0.0398197	1.654849	2.610581
20214	-3940.337	-4200.945	260.6076	1.017711	0.524833	0.17127	0.24166	0.0622366	1.75413	2.382241
20220	-3937.806	-4198.971	261.1651	0.8750307	0.245236	0.341882	0.331579	0.0813031	1.849747	2.05385
20226	-3950.486	-4211.899	261.4127	0.8750307	0.407606	0.238062	0.272709	0.0816233	1.785073	1.931767
20232	-3951.968	-4213.616	261.6479	0.6853464	0.328302	0.264216	0.336398	0.0710849	1.74927	1.93156
20238	-3948.41	-4209.867	261.4575	0.700411	0.408828	0.329023	0.173629	0.0885206	1.706545	2.076237
20244	-3949.451	-4210.603	261.1523	0.9530601	0.256171	0.417237	0.195722	0.13087	1.681567	2.120416
20250	-3965.276	-4226.646	261.3703	0.7003874	0.267033	0.434928	0.229211	0.0688278	1.767229	2.093662
20256	-3961.957	-4223.308	261.351	0.7003874	0.384316	0.206366	0.356651	0.0526669	1.679939	2.163343
20262	-3945.657	-4207.341	261.6838	0.7003874	0.406565	0.16042	0.377299	0.0557159	1.828843	1.842133
20268	-3945.083	-4206.493	261.4101	0.8916965	0.490064	0.193367	0.24941	0.0671588	1.855015	1.874443
20274	-3937.252	-4198.354	261.102	0.8916965	0.268445	0.274092	0.338371	0.119092	1.766972	2.138387
20280	-3932.772	-4193.937	261.1656	0.9064912	0.428116	0.236443	0.275618	0.0598221	1.753117	2.095863
20286	-3944.55	-4206.165	261.6146	0.7164659	0.277149	0.269467	0.431468	0.0219157	1.665813	1.987783
20292	-3937.49	-4198.758	261.2681	0.8729158	0.358661	0.198141	0.400506	0.0426922	1.78585	2.029379
20298	-3934.458	-4195.752	261.294	0.6780032	0.405709	0.342313	0.17492	0.0770573	1.682942	2.21374
20304	-3947.316	-4208.206	260.89	0.6780032	0.443235	0.310523	0.176341	0.0699011	1.778168	2.410743
20310	-3960.983	-4222.766	261.7828	0.5953901	0.362189	0.372263	0.245193	0.0203548	1.725285	1.92078
20316	-3955.378	-4216.748	261.37	0.4419376	0.344943	0.382359	0.233517	0.0391809	1.691303	2.314286
20322	-3963.557	-4224.286	260.7289	1.068367	0.392284	0.200266	0.303062	0.104388	1.726022	2.2911
20328	-3951.298	-4212.258	260.9597	0.7527019	0.311531	0.471337	0.132501	0.0846303	1.696377	2.368384
20334	-3951.215	-4212.549	261.3343	0.7527019	0.389341	0.27625	0.302146	0.0322635	1.764327	2.082919
20340	-3956.905	-4217.573	260.6686	1.065564	0.460899	0.0729802	0.44209	0.0240306	1.644322	2.383176
20346	-3934.327	-4194.927	260.6006	0.9919374	0.489568	0.254091	0.191074	0.0652678	1.58094	2.51164
20352	-3943.09	-4203.618	260.5275	0.9972943	0.378026	0.282705	0.155168	0.184101	1.648684	2.51164
20358	-3944.487	-4205.755	261.2679	0.8094618	0.244729	0.239381	0.360003	0.155888	1.746007	2.099387
20364	-3956.196	-4217.277	261.0808	0.9464408	0.339263	0.0776844	0.499065	0.083988	1.830283	2.074066
20370	-3957.279	-4218.913	261.6341	0.8310632	0.447657	0.238653	0.266985	0.0467053	1.936066	1.70629
20376	-3950.921	-4212.801	261.8801	0.7706429	0.435573	0.219486	0.245542	0.0993993	1.945504	1.567935
20382	-3950.214	-4212.037	261.8227	0.8254073	0.283144	0.304181	0.26515	0.147524	1.945504	1.567935
20388	-3962.492	-4224.202	261.7099	0.7090696	0.2909	0.28356	0.315583	0.109957	1.798231	1.8389
20394	-3968	-4229.226	261.226	1.052638	0.448585	0.205163	0.229094	0.117159	1.744269	1.964189
20400	-3982.928	-4245.182	262.254	0.7656236	0.278015	0.372	0.28504	0.0649453	2.15622	1.101943
20406	-3981.498	-4243.847	262.3481	0.6538351	0.268205	0.422873	0.274983	0.0339386	2.185986	1.09678
20412	-3963.042	-4225.238	262.1958	0.8464585	0.296018	0.349345	0.303499	0.0511386	2.071497	1.154354
20418	-3964.833	-4226.939	262.1053	0.7435246	0.391582	0.232526	0.322069	0.0538226	2.085784	1.309435
20424	-3964.237	-4225.101	260.864	0.8014757	0.36673	0.336452	0.247452	0.0493661	1.715792	2.384224
20430	-3960.232	-4222.582	262.3501	0.6813771	0.194576	0.333127	0.41695	0.0553474	2.093622	1.151941
20436	-3944.996	-4207.246	262.2505	0.5302364	0.177284	0.392391	0.379896	0.0504288	2.093622	1.366159
20442	-3970.767	-4231.839	261.0719	1.072346	0.494475	0.0570993	0.448149	0.000277355	1.747771	2.051527
20448	-3961.956	-4222.901	260.9452	1.150035	0.386252	0.0818223	0.531373	0.000551996	1.799262	2.051527
20454	-3965.644	-4226.787	261.1426	0.9746176	0.499157	0.139987	0.360481	0.000374471	1.801542	2.033399
20460	-3961.475	-4222.454	260.979	0.7739722	0.39031	0.155133	0.453982	0.000574667	1.729038	2.321099
20466	-3955.721	-4216.896	261.1751	0.7110312	0.353517	0.261394	0.384329	0.000760571	1.699756	2.256936
20472	-3955.454	-4216.175	260.7212	0.7872814	0.391329	0.17903	0.426734	0.00290765	1.64112	2.530109
20478	-3953.78	-4214.843	261.0631	0.6356655	0.388397	0.219805	0.388964	0.00283365	1.617103	2.431408
20484	-3952.823	-4213.798	260.9751	0.949056	0.361602	0.256407	0.375134	0.00685636	1.664187	2.249191
20490	-3951.898	-4212.354	260.4566	0.6387437	0.411434	0.396298	0.172754	0.019514	1.564805	2.836172
20496	-3945.312	-4204.909	259.5966	0.8173055	0.4968	0.249387	0.208598	0.0452149	1.417497	3.325107
20502	-3943.46	-4203.418	259.9574	0.8399237	0.341164	0.285995	0.325891	0.0469496	1.442668	3.082414
20508	-3946.368	-4205.962	259.5946	1.093541	0.545491	0.218383	0.183832	0.0522941	1.495688	3.114684
20514	-3948.264	-4208.426	260.162	1.399736	0.479831	0.0904256	0.167549	0.262195	1.633811	2.511907
20520	-3978.095	-4239.766	261.6703	0.9343341	0.404662	0.228741	0.329329	0.0372687	1.895032	1.633806
20526	-3961.95	-4223.551	261.6011	1.132265	0.336979	0.323401	0.291238	0.0483819	1.927761	1.516928
20532	-3959.372	-4220.733	261.3617	1.081568	0.437841	0.120132	0.313163	0.128864	1.955816	1.70583
20538	-3954.35	-4216.158	261.8078	0.7467197	0.462112	0.163633	0.317771	0.0564839	1.982025	1.612454
20544	-3953.122	-4214.726	261.6045	0.9109464	0.365183	0.220563	0.369618	0.0446362	1.869723	1.715779
20550	-3952.315	-4213.948	261.6326	0.6926263	0.385981	0.233125	0.310382	0.0705117	1.869723	1.854845
20556	-3951.893	-4213.972	262.0798	0.7541203	0.218923	0.541534	0.234095	0.0054484	1.837992	1.51263
20562	-3973.332	-4235.152	261.8192	0.6678585	0.251686	0.622578	0.109105	0.0166314	1.882235	1.735023
20568	-3966.361	-4227.974	261.613	0.8698531	0.348052	0.542404	0.0950546	0.0144897	1.876211	1.735023
20574	-3967.38	-4229.178	261.7981	0.7864129	0.570763	0.251812	0.160788	0.0166367	1.690947	1.795752
20580	-3958.238	-4217.784	259.546	0.7623255	0.430835	0.10732	0.455273	0.00657176	1.457453	3.365309
20586	-3959.983	-4218.511	258.5282	0.94068	0.427961	0.144156	0.350071	0.0778116	1.328364	3.922925
20592	-3952.756	-4214.026	261.2692	0.7608133	0.378468	0.258511	0.342229	0.0207908	1.695101	2.165126
20598	-3960.452	-4221.777	261.325	0.8511304	0.503721	0.126536	0.335354	0.034389	1.74204	2.035688
20604	-3947.519	-4209.011	261.4914	0.7472854	0.395944	0.241752	0.335884	0.02642	1.676832	2.040724
20610	-3966.283	-4227.507	261.224	0.9805929	0.330054	0.226584	0.308814	0.134547	1.669801	2.062769
20616	-3949.164	-4210.462	261.2984	1.022637	0.363227	0.206303	0.319425	0.111046	1.74575	1.934429
20622	-3958.884	-4219.957	261.0729	1.196404	0.524575	0.146448	0.206504	0.122473	1.793425	1.940796
20628	-3963.043	-4224.07	261.0272	1.043237	0.506099	0.102902	0.319104	0.0718951	1.73488	2.10833
20634	-3964.901	-4225.628	260.7264	1.164544	0.584124	0.106448	0.279452	0.0299762	1.669677	2.269183
20640	-3959.993	-4221.43	261.4369	0.9944572	0.424052	0.184106	0.383447	0.00839426	1.889017	1.760489
20646	-3951.398	-4213.087	261.689	1.068485	0.480098	0.225178	0.277894	0.0168299	1.966916	1.46793
20652	-3945.384	-4207.585	262.2008	0.4744936	0.400946	0.301499	0.232079	0.065477	1.889358	1.599858
20658	-3957.735	-4219.638	261.9031	0.7816084	0.302875	0.45232	0.186891	0.0579143	1.87274	1.595923
20664	-3959.513	-4221.513	262.0003	0.5512029	0.42841	0.27869	0.180386	0.112514	1.834912	1.727085
20670	-3971.571	-4233.66	262.0888	0.4966464	0.324782	0.327577	0.314344	0.0332966	1.82608	1.709868
20676	-3947.96	-4209.835	261.8749	0.624736	0.354196	0.330591	0.285022	0.0301907	1.795637	1.788445
20682	-3949.593	-4211.599	262.0061	0.4591938	0.272664	0.423467	0.273336	0.0305321	1.833043	1.788445
20688	-3947.836	-4210.301	262.4649	0.4306593	0.165197	0.542735	0.277196	0.014872	1.985379	1.35866
20694	-3938.873	-4201.193	262.3207	0.4306593	0.229019	0.499699	0.257469	0.0138137	1.978918	1.475119
20700	-3940.023	-4201.488	261.4653	0.8184489	0.330669	0.272976	0.356051	0.0403045	1.862302	1.883597
20706	-3949.269	-4211.19	261.9211	0.8076634	0.351347	0.290046	0.324535	0.0340719	1.834409	1.590843
20712	-3978.445	-4240.704	262.2584	0.5234906	0.322338	0.452566	0.157381	0.0677146	1.953213	1.473698
20718	-3976.904	-4239.009	262.1047	0.6867504	0.485043	0.315104	0.1433	0.0565525	1.908623	1.494411
20724	-3973.875	-4235.327	261.4514	1.106694	0.478148	0.267842	0.181329	0.0726811	1.871729	1.684503
20730	-3959.864	-4220.728	260.8642	0.9750089	0.501865	0.200609	0.223565	0.0739612	1.803248	2.214141
20736	-3950.831	-4211.784	260.9533	1.057339	0.465774	0.136119	0.279728	0.118378	1.755378	2.13419
20742	-3960.785	-4221.999	261.2145	0.8912082	0.421888	0.330362	0.193288	0.0544613	1.74689	2.07811
20748	-3951.613	-4213.499	261.8861	0.6409461	0.330419	0.428962	0.111617	0.129003	1.792781	1.770719
20754	-3947.08	-4208.459	261.379	0.7657879	0.394066	0.348098	0.143055	0.114781	1.68956	2.093617
20760	-3953.705	-4214.53	260.8244	0.7657879	0.277785	0.376343	0.318459	0.0274125	1.605252	2.502212
20766	-3943.771	-4204.979	261.2084	0.6853136	0.293303	0.397367	0.184241	0.125089	1.751426	2.219751
20772	-3947.007	-4208.686	261.6788	0.6853136	0.305898	0.320767	0.32453	0.0488052	1.814364	1.86639
20778	-3947.958	-4209.522	261.5644	0.7292433	0.382638	0.306076	0.276435	0.0348511	1.702762	1.98761
20784	-3940.541	-4202.053	261.5122	0.6350588	0.264661	0.239388	0.45371	0.0422409	1.711846	2.082296
20790	-3946.041	-4207.229	261.1878	0.8310303	0.310172	0.224572	0.425629	0.0396266	1.625137	2.215489
20796	-3943.67	-4204.684	261.0137	0.7185224	0.194497	0.557366	0.228994	0.019142	1.64232	2.391267
20802	-3942.041	-4202.118	260.0778	0.9908814	0.331908	0.250701	0.390776	0.0266153	1.504308	2.880393
20808	-3958.495	-4219.255	260.76	0.6224132	0.498791	0.258996	0.202215	0.0399975	1.579239	2.65235
20814	-3988.495	-4249.528	261.033	0.5737787	0.414039	0.280973	0.209528	0.0954598	1.504738	2.561092
20820	-3966.947	-4228.383	261.4351	0.337762	0.249421	0.592228	0.126222	0.0321298	1.508727	2.441645
20826	-3957.289	-4218.416	261.1264	0.5627582	0.237728	0.509954	0.216385	0.0359329	1.598455	2.45138
20832	-3964.153	-4225.027	260.874	0.4636302	0.330479	0.424546	0.210088	0.0348873	1.617159	2.658546
20838	-3960.76	-4221.561	260.8013	0.4636302	0.180961	0.521987	0.277406	0.0196454	1.57086	2.731562
20844	-3949.213	-4210.131	260.9178	0.4019766	0.200202	0.595356	0.186783	0.0176592	1.564242	2.698442
20850	-3933.356	-4194.865	261.5098	0.6871091	0.370902	0.309843	0.286539	0.0327159	1.694745	2.05884
20856	-3933.655	-4195.081	261.4262	0.6871091	0.379481	0.329158	0.256728	0.0346334	1.704013	2.107731
20862	-3953.036	-4214.495	261.4592	0.8894857	0.378856	0.313283	0.256306	0.0515546	1.92587	1.79354
20868	-3945.775	-4207.893	262.1181	0.6582441	0.303231	0.427785	0.205144	0.06384	2.087099	1.370208
20874	-3941.136	-4203.123	261.9871	0.7800026	0.241153	0.272379	0.446454	0.0400146	1.939779	1.485302
20880	-3943.812	-4205.693	261.8809	0.6324397	0.258971	0.292505	0.365414	0.0831092	1.892802	1.710496
20886	-3943.603	-4205.656	262.0536	0.6773124	0.276006	0.279404	0.370455	0.0741355	1.941987	1.515208
20892	-3936.876	-4198.703	261.8273	0.7302144	0.280868	0.277527	0.367967	0.0736376	1.848978	1.706232
20898	-3934.93	-4196.717	261.7878	0.9613207	0.307394	0.265159	0.30549	0.121956	1.970635	1.471163
20904	-3934.106	-4196.102	261.9966	0.7549054	0.295444	0.269734	0.310761	0.124061	1.9755	1.471163
20910	-3945.905	-4207.974	262.0695	0.6968265	0.240779	0.317913	0.340202	0.101106	2.025855	1.423902
20916	-3937.666	-4199.749	262.0831	0.616448	0.380417	0.252076	0.299961	0.0675455	1.96123	1.526867
20922	-3953.579	-4215.397	261.8186	0.7681765	0.306778	0.176467	0.368205	0.148551	1.854386	1.680115
20928	-3946.571	-4208.134	261.563	0.7681765	0.463214	0.158866	0.357835	0.0200854	1.836449	1.870594
20934	-3958.775	-4220.312	261.5372	0.8021405	0.450916	0.17599	0.348334	0.0247602	1.679907	1.969694
20940	-3949.869	-4211.251	261.3823	0.7109354	0.365144	0.309568	0.309475	0.0158129	1.625366	2.171242
20946	-3945.663	-4206.979	261.3159	0.5189267	0.351847	0.298295	0.298205	0.0516528	1.588057	2.366702
20952	-3952.127	-4214.084	261.9572	0.8239693	0.571979	0.0999396	0.213094	0.114987	1.909835	1.495686
20958	-3948.141	-4209.546	261.4052	0.980385	0.529965	0.0760557	0.284766	0.109212	1.845573	1.822434
20964	-3942.293	-4203.953	261.6594	0.9584939	0.468706	0.0672643	0.23027	0.23376	1.876592	1.637301
20970	-3940.485	-4201.951	261.4661	1.089782	0.494651	0.0660517	0.323447	0.11585	1.881448	1.678868
20976	-3951.423	-4213.281	261.8589	0.7581408	0.470606	0.161883	0.186083	0.181428	1.826394	1.678868
20982	-3929.504	-4191.235	261.7313	0.8207378	0.373044	0.187515	0.40047	0.0389706	1.804781	1.737913
20988	-3924.048	-4184.945	260.897	1.059388	0.388439	0.234327	0.287859	0.0893748	1.689969	2.211914
20994	-3933.751	-4194.832	261.0812	0.8573428	0.554314	0.101678	0.279622	0.0643859	1.709959	2.211914
21000	-3953.09	-4213.094	260.0036	1.300542	0.559989	0.102719	0.272247	0.065045	1.640605	2.661293
21006	-3951.988	-4212.444	260.4559	1.328666	0.532603	0.17515	0.130979	0.161268	1.690493	2.331153
21012	-3956.453	-4217.219	260.7664	0.9491159	0.450479	0.216647	0.291043	0.0418311	1.607796	2.417853
21018	-3953.609	-4214.235	260.626	0.8388026	0.47298	0.17373	0.305581	0.0477095	1.618556	2.569831
21024	-3942.683	-4203.087	260.4042	1.13015	0.485265	0.212447	0.280362	0.0219258	1.565199	2.559154
21030	-3942.068	-4202.193	260.1251	0.9258654	0.555281	0.106025	0.333485	0.00520902	1.590697	2.839224
21036	-3946.435	-4206.639	260.2039	1.028911	0.516698	0.153277	0.322495	0.00753049	1.571517	2.739706
21042	-3966.772	-4227.775	261.0033	1.060148	0.49632	0.156835	0.32998	0.0168651	1.66839	2.156466
21048	-3955.879	-4217.629	261.7503	0.8986955	0.413709	0.13073	0.413129	0.0424324	1.850527	1.634492
21054	-3944.802	-4206.618	261.8164	0.7687654	0.489696	0.197748	0.262329	0.0502261	1.941462	1.618776
21060	-3943.267	-4205.306	262.0391	0.7372236	0.282775	0.449413	0.188981	0.0788309	1.906626	1.505017
21066	-3943.613	-4205.51	261.8968	0.7232719	0.359385	0.300248	0.240179	0.100188	1.903992	1.622429
21072	-3955.532	-4217.621	262.0885	0.6368987	0.321875	0.30756	0.267937	0.102628	2.001466	1.476455
21078	-3950.766	-4212.285	261.5187	0.9658067	0.41711	0.153375	0.367765	0.0617507	1.998242	1.645719
21084	-3951.437	-4213.298	261.8616	0.9842931	0.531523	0.107226	0.309462	0.0517892	1.92522	1.431851
21090	-3945.348	-4207.129	261.7811	0.8067101	0.428249	0.215614	0.32985	0.0262875	1.949268	1.609786
21096	-3941.832	-4203.567	261.7341	0.785843	0.315117	0.418639	0.184266	0.0819787	1.809294	1.758376
21102	-3951.413	-4212.972	261.5591	0.8389744	0.334807	0.28998	0.205152	0.170061	1.928799	1.758376
21108	-3958.603	-4220.477	261.8743	0.8389744	0.341512	0.307287	0.170991	0.18021	1.945733	1.519208
21114	-3967.586	-4229.354	261.7672	0.8389744	0.436854	0.314225	0.218728	0.0301931	2.094361	1.488076
21120	-3970.757	-4232.647	261.8899	0.9665472	0.545961	0.229648	0.20617	0.0182203	1.975421	1.384812
21126	-3968.356	-4230.282	261.926	0.8060377	0.348957	0.238657	0.372358	0.0400274	2.019319	1.450597
21132	-3970.319	-4232.146	261.8277	0.8060377	0.406418	0.147213	0.433672	0.012697	2.039637	1.509491
21138	-3971.41	-4233.555	262.1453	0.8517804	0.447245	0.198591	0.305249	0.0489158	2.037263	1.22269
21144	-3961.287	-4223.211	261.9239	0.8431712	0.455942	0.176487	0.311185	0.0563859	2.055022	1.394862
21150	-3957.158	-4219.154	261.996	0.8482619	0.424706	0.264496	0.252106	0.0586915	1.962737	1.406417
21156	-3938.343	-4200.671	262.328	0.6348707	0.380818	0.237163	0.357926	0.024092	1.962737	1.321805
21162	-3947.699	-4209.821	262.122	0.6989072	0.478259	0.141878	0.345077	0.0347856	1.961268	1.431486
21168	-3945.513	-4207.383	261.8702	0.7870959	0.452559	0.0867665	0.427758	0.0329163	2.016219	1.510126
21174	-3956.09	-4217.659	261.5696	0.9251446	0.413113	0.157759	0.385424	0.0437041	2.026329	1.618514
21180	-3951.63	-4213.586	261.9569	0.8307824	0.467016	0.220092	0.278235	0.034657	1.984698	1.433712
21186	-3943.857	-4205.565	261.7089	1.113032	0.486325	0.203481	0.251413	0.0587805	1.948483	1.433712
21192	-3946.596	-4208.522	261.9264	0.8709564	0.37466	0.295047	0.193686	0.136607	1.946253	1.454562
21198	-3941.174	-4202.866	261.6922	0.9908922	0.376759	0.180543	0.305326	0.137372	1.932802	1.548637
21204	-3937.145	-4198.838	261.6928	0.9127902	0.47934	0.0713223	0.366984	0.0823539	1.932802	1.606165
21210	-3944.496	-4206.135	261.6389	0.8130192	0.344183	0.112645	0.443393	0.0997793	1.90614	1.737251
21216	-3955.185	-4217.117	261.9318	0.7992643	0.30944	0.30855	0.296788	0.0852223	1.972914	1.486803
21222	-3962.426	-4224.418	261.992	0.6942243	0.30944	0.30855	0.296788	0.0852223	1.906513	1.573688
21228	-3951.938	-4213.386	261.4482	1.07747	0.302576	0.301705	0.232783	0.162936	1.82822	1.737608
21234	-3956.422	-4217.908	261.486	0.5232613	0.44155	0.267966	0.210627	0.0798574	1.69358	2.187279
21240	-3960.136	-4220.813	260.6768	1.010968	0.359969	0.257343	0.246522	0.136166	1.634718	2.418158
21246	-3937.686	-4198.88	261.1939	0.7948383	0.391083	0.262322	0.293428	0.0531668	1.625355	2.235856
21252	-3951.543	-4212.253	260.7097	1.081653	0.498813	0.0591171	0.374257	0.0678124	1.734788	2.289427
21258	-3952.927	-4213.858	260.9307	1.060065	0.504698	0.0913511	0.335338	0.0686124	1.701436	2.182202
21264	-3960.161	-4221.323	261.1618	0.7412789	0.372568	0.193287	0.383495	0.0506497	1.67925	2.25809
21270	-3958.686	-4219.082	260.3955	1.186769	0.428548	0.0720743	0.441117	0.05826	1.661496	2.470707
21276	-3947.075	-4207.803	260.7273	1.168665	0.434993	0.0731583	0.447752	0.0440967	1.693853	2.250585
21282	-3960.821	-4221.714	260.893	0.9160569	0.522818	0.183027	0.141152	0.153003	1.764337	2.259183
21288	-3953.706	-4215.057	261.3507	0.9160569	0.311709	0.218237	0.378832	0.091222	1.794463	1.93882
21294	-3958.834	-4220.689	261.8545	0.8196008	0.521609	0.126934	0.307063	0.0443931	1.938758	1.55397
21300	-3950.23	-4211.75	261.5203	1.217216	0.44046	0.129709	0.375538	0.0542928	2.019324	1.447873
21306	-3958.125	-4220.13	262.0045	0.7029823	0.305986	0.101821	0.549573	0.0426196	2.008279	1.481859
21312	-3943.64	-4205.311	261.6709	0.7116009	0.306711	0.209465	0.396148	0.0876765	1.97276	1.743045
21318	-3939.667	-4200.785	261.118	1.130723	0.385932	0.263569	0.240176	0.110323	1.884256	1.891196
21324	-3962.528	-4223.598	261.0701	0.9951919	0.514724	0.0849021	0.274352	0.126021	1.898633	2.003331
21330	-3947.844	-4209.367	261.5227	1.083162	0.511737	0.0972508	0.314256	0.0767563	1.893199	1.63455
21336	-3947.721	-4208.382	260.6608	1.489062	0.541938	0.0184496	0.351015	0.0885983	1.801148	2.034177
21342	-3954.18	-4215.222	261.0418	0.9131894	0.497325	0.199471	0.228395	0.0748081	1.733134	2.185177
21348	-3961.395	-4222.97	261.5756	0.7072276	0.437898	0.276784	0.233078	0.0522402	1.72889	1.978249
21354	-3956.978	-4218.411	261.433	0.9607728	0.425456	0.268921	0.254867	0.050756	1.742818	1.887248
21360	-3954.94	-4216.746	261.8055	0.7106581	0.401663	0.3821	0.169695	0.0465417	1.775293	1.787588
21366	-3959.666	-4221.42	261.7536	0.627398	0.3814	0.406777	0.166891	0.0449324	1.736759	1.909989
21372	-3960.496	-4222.392	261.8962	0.5140357	0.359064	0.43558	0.14313	0.0622252	1.913167	1.771699
21378	-3967.545	-4229.18	261.6345	0.6911831	0.444191	0.19282	0.252999	0.10999	1.957742	1.793961
21384	-3946.606	-4208.278	261.6724	0.722785	0.288494	0.28279	0.285154	0.143561	1.791602	1.859203
21390	-3962.763	-4224.189	261.4258	0.7752114	0.56119	0.111504	0.161382	0.165924	1.883686	1.926636
21396	-3953.104	-4214.513	261.4095	0.8556732	0.426297	0.16612	0.299768	0.107816	1.798621	1.938258
21402	-3951.741	-4212.334	260.5937	1.195916	0.437233	0.159734	0.233978	0.169055	1.677198	2.33015
21408	-3945.479	-4206.462	260.9828	1.183084	0.441903	0.176584	0.298299	0.0832134	1.754111	2.035704
21414	-3969.182	-4229.906	260.7242	1.443142	0.401892	0.146482	0.370251	0.0813748	1.625749	2.134209
21420	-3965.104	-4226.132	261.0276	1.059311	0.380142	0.0479411	0.459581	0.112336	1.679066	2.134209
21426	-3944.94	-4206.111	261.1712	0.8507134	0.53742	0.0880993	0.332914	0.0415666	1.846585	2.068532
21432	-3955.856	-4217.07	261.214	0.9205795	0.403691	0.0363149	0.547379	0.0126158	1.836685	1.999018
21438	-3953.35	-4214.494	261.144	0.8334517	0.528872	0.0715429	0.390583	0.00900206	1.780969	2.141187
21444	-3953.974	-4215.14	261.1655	0.8334517	0.392967	0.209107	0.373603	0.0243234	1.759482	2.141187
21450	-3964.847	-4226.546	261.6993	0.9951329	0.421144	0.29757	0.227727	0.0535589	1.905754	1.560235
21456	-3960.177	-4221.946	261.7695	0.7482625	0.389431	0.22711	0.342527	0.0409323	1.807222	1.762754
21462	-3958.36	-4220.219	261.8585	0.8715514	0.405974	0.328864	0.240382	0.0247802	1.848987	1.577356
21468	-3973.426	-4235.228	261.8027	1.047158	0.375939	0.139934	0.418234	0.065893	1.803495	1.521104
21474	-3960.609	-4222.591	261.9822	0.9927365	0.497391	0.124295	0.365726	0.0125884	1.935395	1.322506
21480	-3953.006	-4215.49	262.4832	0.5522324	0.265508	0.344294	0.382346	0.00785201	1.974198	1.256311
21486	-3954.472	-4216.5	262.0276	0.5194711	0.236984	0.483563	0.262826	0.0166276	1.874851	1.70253
21492	-3954.98	-4217.038	262.0575	0.4840058	0.229819	0.522063	0.202753	0.0453655	1.880228	1.70253
21498	-3961.704	-4223.65	261.9461	0.7799636	0.304562	0.300269	0.354001	0.0411681	1.901211	1.544734
21504	-3969.163	-4230.559	261.3963	0.6763436	0.401341	0.235216	0.202468	0.160974	1.753708	2.102254
21510	-3963.693	-4224.994	261.3012	0.82885	0.409313	0.179645	0.321274	0.0897671	1.581865	2.17157
21516	-3957.926	-4219.664	261.7379	0.6293653	0.389228	0.17083	0.305509	0.134434	1.66796	1.965527
21522	-3945.573	-4206.888	261.3146	0.7976591	0.424927	0.332206	0.235338	0.0075295	1.66796	2.127999
21528	-3933.016	-4194.335	261.3194	0.92897	0.496506	0.0425946	0.450149	0.0107504	1.756372	1.976537
21534	-3945.623	-4206.585	260.9615	1.127201	0.427306	0.174717	0.38741	0.0105677	1.761557	2.080129
21540	-3944.133	-4205.376	261.2427	1.052501	0.403556	0.176824	0.392081	0.0275396	1.782507	1.927269
21546	-3934.664	-4195.987	261.3226	0.9944166	0.280225	0.190729	0.422915	0.10613	1.760379	1.927269
21552	-3930.466	-4192.142	261.6761	0.9295828	0.306805	0.180512	0.409835	0.102848	1.929508	1.608183
21558	-3936.375	-4198.353	261.9779	0.7952459	0.28946	0.233126	0.39913	0.0782841	1.886533	1.520098
21564	-3947.962	-4210.199	262.2369	0.5919534	0.398291	0.166959	0.372464	0.062286	1.961383	1.429917
21570	-3946.301	-4208.461	262.1604	0.7670912	0.35314	0.368557	0.195471	0.0828316	2.012718	1.303871
21576	-3938.209	-4200.406	262.1972	0.6592676	0.228717	0.398826	0.249758	0.1227	1.994097	1.380275
21582	-3941.022	-4203.18	262.1581	0.566964	0.194705	0.339518	0.361324	0.104454	2.04533	1.44595
21588	-3945.118	-4206.989	261.8714	0.7426829	0.437682	0.119483	0.330317	0.112517	2.011908	1.547189
21594	-3937.395	-4199.021	261.6262	1.108138	0.463795	0.126612	0.350025	0.0595679	1.885141	1.547189
21600	-3944.557	-4206.046	261.4892	1.108138	0.449588	0.208239	0.235897	0.106276	1.888986	1.644155
21606	-3960.823	-4222.465	261.6425	1.024182	0.414469	0.236994	0.26347	0.0850682	1.917733	1.571866
21612	-3969.671	-4231.489	261.818	0.8103474	0.464447	0.110185	0.394805	0.0305627	1.858297	1.646088
21618	-3955.476	-4217.147	261.6715	1.01129	0.440782	0.155525	0.374688	0.0290054	1.994705	1.502822
21624	-3958.644	-4220.535	261.8906	0.9482185	0.477358	0.0586799	0.348093	0.115869	2.032019	1.354336
21630	-3943.577	-4205.485	261.9082	0.7832887	0.441009	0.0360512	0.415894	0.107046	2.048639	1.460054
21636	-3933.357	-4195.268	261.9101	0.9297184	0.386816	0.233947	0.330747	0.04849	2.047671	1.341281
21642	-3940.435	-4202.546	262.1107	0.7213996	0.45763	0.191223	0.263274	0.0878736	1.939869	1.438318
21648	-3944.105	-4205.802	261.697	0.8656786	0.443494	0.145158	0.336566	0.0747822	1.919683	1.647561
21654	-3945.385	-4206.976	261.5905	1.061216	0.503535	0.129497	0.300254	0.066714	1.90351	1.593538
21660	-3946.737	-4207.946	261.2089	1.067964	0.416267	0.143739	0.365943	0.0740512	1.830072	1.907703
21666	-3943.484	-4204.723	261.2391	0.9958455	0.516101	0.105794	0.300781	0.0773245	1.820778	1.941855
21672	-3937.743	-4199.251	261.5082	0.876935	0.548155	0.0764087	0.286295	0.0891407	1.801512	1.854372
21678	-3933.779	-4195.24	261.4613	0.8211876	0.441594	0.14292	0.326619	0.0888678	1.864991	1.882571
21684	-3932.285	-4194.232	261.9467	0.8770296	0.393673	0.36735	0.173537	0.0654409	2.02704	1.37143
21690	-3949.885	-4211.451	261.5661	0.9618859	0.522131	0.160912	0.230163	0.0867947	1.956806	1.644266
21696	-3942.328	-4203.849	261.5216	0.8113911	0.280902	0.306985	0.326026	0.0860865	1.947982	1.791133
21702	-3952.049	-4213.837	261.788	0.7367335	0.413437	0.384199	0.094625	0.107739	1.864092	1.718434
21708	-3936.169	-4197.69	261.5205	0.7007324	0.178037	0.466203	0.260103	0.0956573	1.811874	1.964184
21714	-3936.468	-4198.462	261.9935	0.5679567	0.277474	0.160023	0.514296	0.0482066	1.930565	1.65167
21720	-3947.624	-4209.196	261.5721	0.9237698	0.344471	0.246266	0.356306	0.0529568	1.967962	1.659715
21726	-3946.894	-4208.952	262.0573	0.7976857	0.416951	0.202303	0.337243	0.0435031	1.992871	1.376274
21732	-3946.347	-4208.208	261.861	0.7976857	0.353307	0.315295	0.306496	0.024902	1.973898	1.540157
21738	-3954.202	-4216.067	261.8652	0.7489408	0.254363	0.315749	0.341577	0.0883108	1.90533	1.624719
21744	-3948.539	-4210.441	261.9026	0.5916924	0.415522	0.259712	0.280956	0.0438096	1.803157	1.788098
21750	-3959.032	-4220.587	261.5548	0.932787	0.330613	0.277255	0.342316	0.049816	1.898214	1.715043
21756	-3947.936	-4209.793	261.8568	0.7317777	0.367742	0.284384	0.30368	0.0441935	1.898214	1.648927
21762	-3955.381	-4216.807	261.4261	0.7567181	0.453725	0.308942	0.189322	0.0480099	1.789351	2.002715
21768	-3947.273	-4208.735	261.4627	0.8370776	0.430829	0.245931	0.278659	0.0445809	1.82122	1.900114
21774	-3960.529	-4222.028	261.4988	0.7715963	0.351299	0.200533	0.411816	0.0363514	1.915877	1.857714
21780	-3947.969	-4209.208	261.2391	0.8678331	0.402758	0.229907	0.298486	0.0688495	1.780632	2.055513
21786	-3952.455	-4213.455	261.0003	0.7886117	0.357566	0.226869	0.201062	0.214503	1.697753	2.317707
21792	-3943.795	-4205.39	261.5949	0.8621155	0.321729	0.280686	0.335373	0.0622124	1.86998	1.757624
21798	-3948.565	-4210.19	261.6253	1.277172	0.517899	0.185203	0.164212	0.132686	2.020938	1.320692
21804	-3952.99	-4214.619	261.6285	1.277172	0.319732	0.35973	0.161995	0.158543	2.008633	1.32799
21810	-3966.613	-4228.184	261.5713	1.292558	0.403542	0.315109	0.13332	0.148029	2.03639	1.340242
21816	-3961.556	-4223.484	261.928	0.8228706	0.436985	0.210707	0.332328	0.0199798	2.147171	1.335622
21822	-3950.826	-4212.769	261.9431	0.7551218	0.510002	0.21678	0.262416	0.0108029	2.076469	1.434794
21828	-3952.455	-4214.246	261.7905	0.9118312	0.414323	0.176111	0.382823	0.0267431	2.027075	1.464469
21834	-3937.046	-4198.857	261.8101	1.037869	0.503153	0.200257	0.264695	0.0318955	2.027903	1.350152
21840	-3953.381	-4215.339	261.9585	0.8394833	0.235641	0.268345	0.489075	0.00693887	1.956144	1.447387
21846	-3947.588	-4209.623	262.0349	0.7241234	0.374357	0.12294	0.497807	0.004896	2.018161	1.43422
21852	-3929.451	-4191.828	262.377	0.5415864	0.3359	0.240214	0.410779	0.0131071	2.054507	1.286662
21858	-3949.004	-4210.958	261.9538	0.8200631	0.454266	0.154598	0.250156	0.14098	1.996046	1.435967
21864	-3945.808	-4207.95	262.1414	0.6702921	0.222644	0.329196	0.341061	0.107099	1.926429	1.466428
21870	-3961.72	-4223.544	261.8237	0.7113896	0.413749	0.0765812	0.496248	0.0134213	2.063642	1.568571
21876	-3955.796	-4217.64	261.8448	0.6603857	0.322037	0.281267	0.386249	0.0104463	1.840224	1.752044
21882	-3959.978	-4222.301	262.3224	0.6742154	0.161295	0.466763	0.303667	0.0682753	2.040672	1.228001
21888	-3946.414	-4208.929	262.5153	0.4564603	0.200907	0.444718	0.289324	0.0650506	1.95727	1.321817
21894	-3955.04	-4217.466	262.426	0.5243337	0.218278	0.316475	0.437529	0.027718	1.929315	1.362042
21900	-3951.697	-4213.815	262.1171	0.5246937	0.156054	0.344551	0.47993	0.0194657	1.867747	1.639927
21906	-3960.783	-4222.975	262.1918	0.5061156	0.26413	0.403146	0.219603	0.113121	1.85524	1.608517
21912	-3960.091	-4221.876	261.7849	0.8684119	0.303451	0.381604	0.207869	0.107076	1.894251	1.600423
21918	-3951.369	-4213.487	262.1177	0.6699669	0.248932	0.371329	0.305955	0.0737835	1.899335	1.504955
21924	-3949.108	-4211.262	262.1541	0.6685109	0.321064	0.302454	0.303332	0.0731508	1.954076	1.437121
21930	-3978.526	-4239.693	261.1678	1.70849	0.527695	0.0608783	0.236706	0.174721	1.904676	1.476817
21936	-3972.451	-4234.446	261.9949	0.8874798	0.54904	0.119001	0.323141	0.00881835	2.0938	1.270311
21942	-3967.299	-4229.216	261.9164	0.750255	0.27767	0.44184	0.172588	0.107902	1.949298	1.554301
21948	-3967.595	-4229.485	261.89	1.028969	0.371243	0.391626	0.152974	0.0841574	1.993604	1.320775
21954	-3954.054	-4216.238	262.1833	0.6762393	0.313919	0.331154	0.283764	0.0711626	1.922423	1.432692
21960	-3958.834	-4220.75	261.916	0.803551	0.329986	0.417805	0.175355	0.0768534	1.985794	1.485617
21966	-3949.539	-4211.581	262.0415	0.803551	0.365704	0.350311	0.197449	0.0865362	1.964974	1.405576
21972	-3958.64	-4221.02	262.3803	0.6435141	0.322776	0.30919	0.291655	0.0763783	2.087436	1.166066
21978	-3963.646	-4226.032	262.3868	0.6021845	0.155828	0.502738	0.274527	0.0669077	2.065213	1.217178
21984	-3976.231	-4238.169	261.9375	0.6414389	0.452524	0.272052	0.2148	0.0606234	1.88562	1.668644
21990	-3966.739	-4229.207	262.4681	0.4867019	0.227165	0.483502	0.241304	0.0480289	1.970522	1.325707
21996	-3963.456	-4225.78	262.3242	0.6405958	0.215607	0.465491	0.229028	0.089874	2.015164	1.277387
22002	-3959.584	-4221.882	262.2985	0.6423135	0.177824	0.487913	0.240059	0.0942031	2.049423	1.268837
22008	-3959.491	-4221.852	262.3608	0.5717016	0.289327	0.443704	0.181301	0.0856676	1.926951	1.376872
22014	-3948.08	-4210.104	262.0242	0.8162942	0.261669	0.401288	0.27003	0.0670129	2.005715	1.376872
22020	-3958.421	-4220.481	262.0603	0.8035791	0.423315	0.256829	0.152416	0.16744	2.00706	1.357878
22026	-3943.615	-4205.281	261.6659	0.9981887	0.401186	0.304463	0.248087	0.0462648	1.891792	1.592701
22032	-3954.793	-4216.914	262.1204	0.5973813	0.356947	0.244502	0.361992	0.0365588	1.854429	1.592701
22038	-3965.227	-4226.996	261.7694	1.008633	0.393604	0.385907	0.107869	0.11262	1.900612	1.501946
22044	-3949.461	-4211.491	262.0305	0.6820357	0.374958	0.223853	0.333323	0.0678663	2.110145	1.400989
22050	-3965.738	-4227.658	261.9202	0.8465681	0.486532	0.260176	0.233738	0.0195542	2.110145	1.351644
22056	-3967.908	-4230.114	262.206	0.6358199	0.248891	0.386093	0.319834	0.0451812	2.006474	1.383081
22062	-3959.75	-4222.007	262.2574	0.6629852	0.266225	0.34334	0.342108	0.0483278	1.976551	1.343412
22068	-3962.353	-4224.219	261.8657	0.879408	0.258334	0.333163	0.331968	0.0765346	1.983744	1.46553
22074	-3959.124	-4220.543	261.4188	0.9711184	0.27383	0.174475	0.47057	0.0811255	1.953056	1.744767
22080	-3955.96	-4217.678	261.7181	0.7822909	0.500702	0.113195	0.285943	0.100159	1.884327	1.719603
22086	-3964.776	-4226.341	261.5646	0.9747919	0.349571	0.174607	0.309254	0.166567	2.000985	1.603999
22092	-3965.612	-4226.677	261.0656	1.221882	0.628511	0.0346342	0.253282	0.0835728	1.862681	1.882634
22098	-3961.335	-4222.243	260.9078	1.980444	0.6052	0.0333497	0.230002	0.131449	1.954948	1.474446
22104	-3957.536	-4218.764	261.228	1.477435	0.459589	0.0634595	0.37954	0.0974115	1.9151	1.568743
22110	-3944.189	-4206.178	261.9889	0.896213	0.321345	0.302652	0.251564	0.124439	1.98557	1.355289
22116	-3940.067	-4202.143	262.0758	0.7643161	0.282636	0.270836	0.337079	0.109449	2.182511	1.236015
22122	-3948.411	-4210.617	262.206	0.6556957	0.197532	0.490393	0.235581	0.0764931	2.204333	1.204561
22128	-3955.175	-4217.055	261.8797	0.9934116	0.390262	0.138628	0.328892	0.142218	2.25902	1.135276
22134	-3945.384	-4207.695	262.3106	0.7460354	0.386617	0.416432	0.130252	0.0666982	2.234415	0.9926036
22140	-3938.992	-4201.247	262.2544	0.6711764	0.332034	0.326534	0.225804	0.115628	2.124734	1.217198
22146	-3939.034	-4201.024	261.99	0.7895531	0.50826	0.185168	0.241003	0.065569	2.052481	1.38901
22152	-3948.499	-4210.405	261.9065	0.729081	0.35048	0.255287	0.304955	0.0892789	1.977182	1.557498
22158	-3945.422	-4207.138	261.7168	0.8250921	0.490666	0.232328	0.237152	0.0398537	1.846261	1.715758
22164	-3959.992	-4221.652	261.6603	0.882376	0.388909	0.351333	0.18797	0.0717882	1.843258	1.715758
22170	-3955.015	-4216.879	261.8641	0.865677	0.50136	0.168942	0.242662	0.0870352	1.913929	1.529822
22176	-3940.218	-4201.622	261.4039	1.038364	0.480119	0.172815	0.232381	0.114685	1.825381	1.797314
22182	-3942.673	-4204.393	261.7204	0.7990107	0.455362	0.171976	0.351774	0.020888	1.846964	1.731873
22188	-3938.045	-4199.926	261.8808	0.7990107	0.461007	0.174108	0.356135	0.00875033	1.897048	1.581093
22194	-3939.908	-4201.481	261.573	1.194801	0.459541	0.197302	0.224398	0.118759	1.881081	1.528144
22200	-3943.421	-4204.834	261.4124	1.254987	0.369805	0.265033	0.287589	0.0775735	1.863405	1.61758
22206	-3949.506	-4210.678	261.1724	1.36682	0.537328	0.119409	0.300027	0.0432364	1.817133	1.748613
22212	-3948.403	-4208.892	260.4894	1.846261	0.514515	0.0267827	0.417301	0.0414007	1.712281	2.011902
22218	-3952.613	-4213.076	260.4629	1.094261	0.466746	0.0127094	0.417734	0.102811	1.598686	2.523397
22224	-3969.802	-4230.063	260.2614	1.322129	0.529271	0.0119778	0.366575	0.0921756	1.577511	2.528546
22230	-3971.903	-4232.468	260.5647	1.188468	0.407528	0.012979	0.463057	0.116436	1.596361	2.404248
22236	-3959.806	-4220.897	261.0913	1.106225	0.66165	0.00868208	0.252126	0.0775415	1.707362	2.043575
22242	-3968.697	-4229.376	260.6793	1.728975	0.541248	0.00710218	0.388219	0.063431	1.743956	1.925904
22248	-3951.946	-4212.521	260.5751	1.087124	0.518423	0.00680267	0.371847	0.102928	1.728542	2.375683
22254	-3959.087	-4219.185	260.0979	1.26669	0.584639	0.00407609	0.347757	0.0635272	1.665529	2.606938
22260	-3947.043	-4207.526	260.4821	1.08188	0.606666	0.000973893	0.240051	0.152308	1.663345	2.478527
22266	-3961.17	-4221.236	260.0665	1.41971	0.652899	0.000278793	0.253898	0.0929244	1.566993	2.60181
22272	-3962.339	-4224.306	261.9675	0.9105636	0.503909	0.0939316	0.332599	0.0695608	2.027252	1.327353
22278	-3959.408	-4221.302	261.8942	0.9547288	0.456215	0.181156	0.282864	0.0797647	1.946136	1.413533
22284	-3973.741	-4235.867	262.1255	0.7732815	0.295399	0.171701	0.415682	0.117218	1.919649	1.400262
22290	-3951.268	-4212.818	261.55	1.020043	0.461758	0.197766	0.214105	0.126372	1.862124	1.681737
22296	-3959.857	-4221.751	261.8946	0.7451934	0.427622	0.234302	0.264182	0.0738943	1.971863	1.557678
22302	-3962.883	-4224.906	262.0229	0.6884595	0.364783	0.306736	0.225361	0.10312	1.957292	1.517883
22308	-3952.535	-4214.372	261.8371	0.7899484	0.365947	0.307715	0.222888	0.103449	1.914925	1.606824
22314	-3951.993	-4213.488	261.4944	1.139813	0.45505	0.196249	0.299035	0.0496665	1.888711	1.618599
22320	-3945.057	-4206.619	261.562	0.826313	0.517196	0.125422	0.291341	0.0660413	1.934443	1.761598
22326	-3955.098	-4216.594	261.4954	0.8425594	0.420243	0.219098	0.262619	0.0980402	1.934443	1.796109
22332	-3946.803	-4207.543	260.7404	1.032118	0.392659	0.277652	0.240067	0.0896214	1.664955	2.345488
22338	-3961.846	-4222.925	261.0787	0.6510742	0.246511	0.496746	0.147813	0.108929	1.581323	2.433864
22344	-3963.29	-4223.83	260.5408	0.7833976	0.304714	0.36578	0.23633	0.0931761	1.64765	2.640396
22350	-3958.221	-4218.75	260.5291	0.9998044	0.430257	0.0197093	0.420204	0.129829	1.611083	2.532486
22356	-3955.446	-4215.573	260.1266	1.041218	0.54156	0.0446996	0.314857	0.0988838	1.567464	2.781946
22362	-3972.532	-4232.896	260.3642	1.142963	0.392602	0.32135	0.247479	0.0385693	1.556324	2.581866
22368	-3964.815	-4225.438	260.6239	0.7449583	0.385525	0.321147	0.243018	0.0503097	1.590693	2.649279
22374	-3974.719	-4236.876	262.1574	0.8282011	0.558006	0.175019	0.236602	0.0303732	2.213033	1.078121
22380	-3965.438	-4227.572	262.1335	0.6830823	0.355203	0.131184	0.487379	0.0262346	2.083682	1.339858
22386	-3956.462	-4218.727	262.2648	0.6246361	0.437708	0.268172	0.251782	0.0423386	2.014205	1.339858
22392	-3953.66	-4215.557	261.8964	0.8189332	0.362009	0.298125	0.290942	0.0489236	1.920666	1.536875
22398	-3954.517	-4216.508	261.9906	0.7694267	0.374013	0.187445	0.344589	0.0939526	1.911336	1.512405
22404	-3945.088	-4206.483	261.3945	0.6877218	0.510265	0.232893	0.131902	0.124939	1.721858	2.116373
22410	-3962.561	-4223.546	260.9849	1.215349	0.470232	0.0816438	0.365061	0.0830626	1.712272	2.041867
22416	-3960.064	-4220.848	260.7843	1.391961	0.575523	0.0704869	0.288376	0.0656144	1.751318	2.041867
22422	-3959.141	-4219.82	260.6798	1.482443	0.608089	0.0983629	0.206185	0.0873626	1.743019	2.063867
22428	-3957.553	-4218.831	261.2778	0.8236808	0.549853	0.0889428	0.282208	0.0789959	1.77519	2.063867
22434	-3961.42	-4223.033	261.6124	0.7792129	0.515946	0.12445	0.291961	0.0676431	1.814161	1.844073
22440	-3974.557	-4235.831	261.2745	0.7543974	0.361626	0.145217	0.445648	0.0475083	1.70325	2.160799
22446	-3979.323	-4240.465	261.1421	0.7376248	0.355898	0.190594	0.43859	0.0149178	1.712045	2.252134
22452	-3969.67	-4231.449	261.7791	0.8827998	0.395422	0.352539	0.184778	0.0672616	1.845393	1.629249
22458	-3953.318	-4215.157	261.8398	0.7547481	0.348476	0.267885	0.308051	0.0755883	1.871488	1.662854
22464	-3953.409	-4215.219	261.8105	0.7578516	0.354828	0.364028	0.227955	0.053188	1.871488	1.68143
22470	-3951.209	-4213.075	261.8662	0.7578516	0.388594	0.33228	0.226319	0.0528063	1.924992	1.602917
22476	-3948.255	-4209.852	261.5973	0.9498089	0.312731	0.269697	0.382554	0.0350174	1.924992	1.653486
22482	-3952.977	-4214.887	261.91	0.681571	0.365233	0.279576	0.298056	0.0571347	1.895578	1.650822
22488	-3955.112	-4217.037	261.9244	0.753436	0.452937	0.160787	0.357598	0.0286778	1.773249	1.67357
22494	-3966.159	-4227.692	261.5325	0.7708628	0.441285	0.15665	0.348399	0.0536663	1.762853	1.939224
22500	-3960.841	-4221.517	260.6768	1.234234	0.354941	0.254417	0.303482	0.0871598	1.682665	2.25053
22506	-3961.16	-4222.43	261.2696	0.9559593	0.406865	0.341231	0.151993	0.0999104	1.802052	1.960971
22512	-3964.993	-4226.695	261.7011	0.7560358	0.478588	0.27085	0.178787	0.0717756	1.821087	1.794959
22518	-3972.209	-4233.768	261.5591	1.0856	0.472533	0.233659	0.175896	0.117912	1.88637	1.611446
22524	-3959.622	-4221.513	261.8911	0.883118	0.277659	0.199228	0.428273	0.0948389	2.114392	1.341322
22530	-3954.501	-4216.534	262.0325	0.7138998	0.300956	0.255439	0.416568	0.0270367	1.946534	1.498595
22536	-3951.448	-4213.12	261.672	0.8632171	0.305155	0.259003	0.42238	0.0134617	1.943679	1.650134
22542	-3955.697	-4217.583	261.8854	0.9736936	0.561943	0.0921823	0.221013	0.124862	2.096499	1.285862
22548	-3963.941	-4225.802	261.8614	1.050907	0.555275	0.139891	0.18875	0.116084	2.105196	1.234816
22554	-3950.427	-4212.36	261.9331	0.8603954	0.320947	0.246418	0.267884	0.164752	1.97421	1.436389
22560	-3946.561	-4207.948	261.3872	0.9106601	0.34522	0.209502	0.398369	0.0469091	1.751667	1.94674
22566	-3951.692	-4213.195	261.5034	0.9106601	0.348753	0.201412	0.402446	0.0473892	1.830102	1.814167
22572	-3942.41	-4204.11	261.6997	0.6844247	0.431752	0.180826	0.32961	0.0578122	1.775115	1.879544
22578	-3940.302	-4201.752	261.4506	0.959565	0.501422	0.210005	0.247177	0.0413951	1.808489	1.83119
22584	-3948.053	-4209.409	261.3562	0.8345923	0.225061	0.347164	0.408613	0.0191618	1.772461	2.006137
22590	-3950.192	-4211.54	261.3475	0.6866596	0.530598	0.0969934	0.339717	0.0326908	1.867437	2.052247
22596	-3939.515	-4201.258	261.7427	0.6866596	0.571842	0.139674	0.254298	0.0341862	1.834265	1.807859
22602	-3936.237	-4197.719	261.4823	0.9342167	0.437948	0.276099	0.270358	0.0155944	1.836318	1.807859
22608	-3953.934	-4215.164	261.2296	1.129029	0.550718	0.189537	0.240135	0.0196098	1.813157	1.864769
22614	-3952.45	-4213.74	261.2908	0.7140505	0.401505	0.202559	0.330367	0.0655691	1.72639	2.162878
22620	-3962.757	-4224.514	261.7568	0.6390528	0.540522	0.272091	0.124602	0.0627851	1.769669	1.877067
22626	-3944.518	-4206.005	261.4862	0.6109862	0.397871	0.337468	0.233699	0.0309612	1.739101	2.098132
22632	-3957.261	-4218.602	261.3406	0.6973126	0.408778	0.262129	0.316925	0.0121677	1.693057	2.163693
22638	-3955.769	-4217.074	261.3049	0.6745967	0.253524	0.374515	0.330798	0.0411634	1.752794	2.163693
22644	-3945.465	-4206.53	261.0656	0.7980018	0.443349	0.299725	0.22569	0.031236	1.811018	2.19669
22650	-3948.944	-4210.047	261.1031	0.808255	0.467789	0.286565	0.215781	0.0298646	1.655253	2.265961
22656	-3980.39	-4241.071	260.6812	0.7264624	0.467789	0.286565	0.215781	0.0298646	1.657479	2.58463
22662	-3966.159	-4226.366	260.2078	0.7853323	0.473626	0.297861	0.193884	0.0346293	1.608272	2.866686
22668	-3958.067	-4218.138	260.0704	0.8225119	0.41968	0.247723	0.279441	0.0531563	1.554921	2.958364
22674	-3965.771	-4225.969	260.1985	1.125097	0.444424	0.158871	0.352259	0.0444464	1.648438	2.637997
22680	-3956.144	-4216.993	260.8489	1.042394	0.494127	0.176638	0.312862	0.0163727	1.646544	2.281513
22686	-3962.767	-4223.822	261.0546	0.7893784	0.234669	0.354815	0.349167	0.0613489	1.672702	2.298529
22692	-3945.847	-4206.688	260.841	0.7821807	0.449203	0.168648	0.264715	0.117434	1.657604	2.448186
22698	-3958.711	-4219.402	260.6912	0.9193466	0.488883	0.132687	0.288098	0.0903316	1.586878	2.497214
22704	-3955.961	-4216.175	260.214	1.174504	0.514045	0.0657068	0.340054	0.0801938	1.614831	2.619947
22710	-3947.505	-4207.704	260.1995	1.174504	0.373504	0.0690555	0.357384	0.200056	1.642876	2.611584
22716	-3955.425	-4215.652	260.2276	0.7284435	0.316586	0.316042	0.302922	0.0644503	1.510835	2.949807
22722	-3952.912	-4211.92	259.0084	0.9642762	0.437093	0.220005	0.253919	0.0889832	1.459149	3.556484
22728	-3970.44	-4230.453	260.0133	0.9028963	0.402545	0.281656	0.233849	0.0819498	1.569796	2.933688
22734	-3956.536	-4216.611	260.0745	1.0045	0.581156	0.108347	0.256243	0.0542534	1.540024	2.852506
22740	-3948.799	-4209.165	260.366	0.9574523	0.621027	0.110357	0.207113	0.0615028	1.695845	2.607567
22746	-3947.129	-4206.918	259.7885	1.402745	0.495418	0.0880363	0.367482	0.0490633	1.568643	2.780713
22752	-3954.303	-4214.592	260.2895	0.9800982	0.479592	0.133987	0.216433	0.169989	1.587377	2.707446
22758	-3937.807	-4198.611	260.804	0.8458824	0.473333	0.132238	0.281687	0.112742	1.674344	2.41905
22764	-3950.005	-4211.221	261.2163	0.9231788	0.390271	0.189377	0.336837	0.0835155	1.788871	2.027511
22770	-3944.061	-4206.119	262.0576	0.7378839	0.256411	0.359607	0.301533	0.0824493	2.09338	1.346369
22776	-3930.328	-4192.332	262.0039	0.9105963	0.494308	0.244557	0.205063	0.0560712	2.12021	1.220844
22782	-3922.366	-4184.438	262.0718	0.7639723	0.31603	0.330774	0.277357	0.0758388	2.107835	1.301186
22788	-3923.759	-4185.952	262.1932	0.702986	0.419823	0.29709	0.249112	0.0339745	2.231139	1.148764
22794	-3942.266	-4204.579	262.3122	0.708306	0.400314	0.283284	0.212429	0.103973	2.121791	1.135189
22800	-3949.086	-4211.191	262.105	0.8036602	0.425724	0.246253	0.248945	0.0790785	2.127715	1.222752
22806	-3955.591	-4217.994	262.4035	0.5315451	0.286119	0.386895	0.297034	0.0299526	1.942887	1.363299
22812	-3947.253	-4209.419	262.1661	0.8625123	0.281356	0.374707	0.29209	0.0518472	2.087771	1.151504
22818	-3937.993	-4199.93	261.9363	0.8625123	0.613282	0.0315902	0.29281	0.0623174	1.971121	1.434666
22824	-3936.356	-4198.202	261.8451	0.937288	0.465258	0.213906	0.252272	0.0685644	1.987661	1.433027
22830	-3944.524	-4206.478	261.9542	0.887766	0.412126	0.235159	0.277337	0.0753769	1.99741	1.380137
22836	-3952.565	-4214.636	262.0702	0.6975664	0.480753	0.122836	0.307121	0.0892902	1.99741	1.444593
22842	-3946.459	-4208.449	261.9892	0.7996983	0.421407	0.134646	0.336649	0.107298	2.039774	1.391243
22848	-3943.301	-4205.29	261.9889	0.7803469	0.40876	0.278788	0.20711	0.105342	2.181473	1.294729
22854	-3950.095	-4212.169	262.0738	0.8206047	0.36806	0.209069	0.328018	0.0948532	2.168191	1.19969
22860	-3947.299	-4209.222	261.9235	0.9892761	0.428986	0.202143	0.23926	0.129611	2.148576	1.197263
22866	-3950.317	-4212.578	262.2612	0.7083967	0.36737	0.221765	0.290304	0.120561	2.292797	1.023256
22872	-3957.181	-4219.475	262.2942	0.7083967	0.306223	0.4125	0.157335	0.123942	2.259769	1.023256
22878	-3959.285	-4221.385	262.1001	0.7855916	0.288774	0.447084	0.233763	0.030379	2.197524	1.183352
22884	-3952.794	-4214.971	262.1775	0.7840894	0.431006	0.225462	0.326386	0.0171462	2.197524	1.116285
22890	-3960.977	-4223.232	262.255	0.7341744	0.421157	0.223467	0.338382	0.0169945	2.239439	1.054373
22896	-3949.462	-4211.632	262.1692	0.7341744	0.309113	0.314924	0.287107	0.0888561	2.117769	1.238597
22902	-3966.537	-4228.619	262.082	0.8114528	0.274039	0.2863	0.259253	0.180408	2.184266	1.187111
22908	-3965.736	-4228.065	262.3284	0.7447901	0.374048	0.251094	0.227312	0.147546	2.384465	0.8039247
22914	-3967.755	-4230.11	262.3549	0.7447901	0.389234	0.170786	0.267136	0.172844	2.231037	0.9518346
22920	-3955.448	-4217.645	262.1972	0.8452985	0.327364	0.302591	0.224675	0.14537	2.233188	1.003241
22926	-3978.235	-4240.367	262.1323	0.8452985	0.469859	0.210727	0.175837	0.143577	2.197381	1.099331
22932	-3959.362	-4221.451	262.0898	1.021317	0.521781	0.134939	0.227324	0.115956	2.23278	0.9293107
22938	-3960.121	-4222.25	262.1287	1.021317	0.441224	0.128415	0.307517	0.122844	2.258287	0.8560598
22944	-3956.959	-4219.538	262.5795	0.6235388	0.422186	0.28939	0.267152	0.0212719	2.137922	0.9484923
22950	-3962.891	-4225.38	262.4884	0.6235388	0.436828	0.342235	0.198927	0.0220096	2.18451	0.9943917
22956	-3959.624	-4222.092	262.4674	0.6235388	0.371302	0.325946	0.186626	0.116125	2.18451	1.015278
22962	-3969.225	-4231.65	262.4257	0.6306268	0.248798	0.246836	0.458875	0.045491	2.138871	1.091379
22968	-3946.186	-4208.466	262.2799	0.6769838	0.248798	0.246836	0.458875	0.045491	2.28867	1.041338
22974	-3948.379	-4210.67	262.291	0.596054	0.288698	0.419216	0.239745	0.052341	2.12432	1.253342
22980	-3940.218	-4202.59	262.3729	0.596054	0.409509	0.300417	0.141584	0.14849	1.976094	1.307789
22986	-3938.567	-4200.464	261.8972	1.07989	0.45714	0.317711	0.204254	0.0208941	2.098329	1.185856
22992	-3943.538	-4204.841	261.3032	1.07989	0.404609	0.110335	0.417526	0.0675301	1.942034	1.757803
22998	-3954.496	-4215.626	261.1303	1.006793	0.365265	0.0298551	0.513291	0.0915885	1.883992	1.965166
23004	-3951.049	-4212.492	261.4431	0.9848746	0.467914	0.192552	0.229871	0.109664	1.963637	1.710503
23010	-3945.498	-4207.057	261.5588	1.085839	0.457908	0.188434	0.224956	0.128702	1.995381	1.531528
23016	-3949.41	-4210.591	261.1811	0.8613932	0.327728	0.398663	0.246455	0.027154	1.859293	2.046312
23022	-3958.941	-4220.77	261.8297	0.8613932	0.273218	0.315579	0.343521	0.0676825	1.959591	1.524729
23028	-3946.064	-4207.75	261.6858	0.8132961	0.231078	0.398098	0.358682	0.0121418	1.960497	1.665381
23034	-3962.011	-4223.809	261.7986	0.8102002	0.231397	0.298854	0.466579	0.00317034	1.912659	1.620996
23040	-3966.908	-4228.684	261.7756	0.5928752	0.254007	0.226486	0.512169	0.00733681	1.922394	1.792621
23046	-3948	-4209.286	261.2859	0.8115878	0.34082	0.165173	0.473559	0.0204477	1.876728	1.999537
23052	-3946.783	-4208.159	261.376	0.8115878	0.399424	0.129927	0.453992	0.0166568	1.849043	1.957758
23058	-3941.344	-4202.9	261.5561	0.8089086	0.293305	0.140113	0.553885	0.0126965	1.889048	1.809829
23064	-3961.57	-4223.08	261.5104	0.8810759	0.507133	0.168753	0.301947	0.0221658	1.850706	1.816072
23070	-3957.617	-4219.081	261.4636	1.001493	0.384823	0.320451	0.229123	0.0656032	1.885505	1.739335
23076	-3942.39	-4204.131	261.741	0.7147771	0.367947	0.290203	0.295781	0.0460701	1.851953	1.776075
23082	-3938.296	-4199.885	261.5884	0.7531679	0.447179	0.162469	0.334415	0.0559366	1.802933	1.886873
23088	-3933.535	-4195.056	261.5215	0.8357388	0.418807	0.152161	0.313198	0.115833	1.843388	1.845806
23094	-3933.699	-4194.94	261.2404	0.8573794	0.485825	0.109156	0.316033	0.088987	1.732589	2.093491
23100	-3944.67	-4205.627	260.9566	0.9156816	0.431973	0.21416	0.257485	0.0963821	1.776632	2.210514
23106	-3943.103	-4204.136	261.033	0.8815955	0.387666	0.15697	0.35783	0.0975338	1.651994	2.264135
23112	-3961.466	-4223.165	261.699	0.7559519	0.34944	0.392704	0.204141	0.053716	1.97426	1.689049
23118	-3937.845	-4200.026	262.1806	0.5231587	0.342981	0.379041	0.197875	0.0801032	2.023443	1.479703
23124	-3944.237	-4206.302	262.065	0.6543225	0.248872	0.263659	0.379592	0.107877	2.054511	1.439946
23130	-3934.066	-4195.744	261.6782	0.8445255	0.321559	0.406956	0.17743	0.0940552	1.92583	1.672308
23136	-3943.447	-4205	261.5532	0.931749	0.509168	0.0777127	0.28095	0.132169	1.889601	1.722936
23142	-3943.784	-4205.345	261.5614	0.9685344	0.402946	0.0894067	0.488047	0.0196005	1.927326	1.663959
23148	-3954.222	-4216.257	262.0352	0.688449	0.38962	0.127652	0.471907	0.0108209	1.898907	1.552081
23154	-3963.544	-4224.912	261.3672	0.9477905	0.377657	0.123732	0.457417	0.0411946	1.957855	1.793819
23160	-3941.443	-4203.129	261.686	0.8723712	0.496248	0.241188	0.214516	0.0480481	1.806028	1.731186
23166	-3937.902	-4198.899	260.9974	0.9557259	0.383678	0.231132	0.314701	0.0704878	1.729592	2.188252
23172	-3946.202	-4207.122	260.9196	0.7484065	0.404496	0.195597	0.331777	0.0681298	1.656445	2.421813
23178	-3952.749	-4213.471	260.7227	0.9131103	0.402112	0.194445	0.329821	0.0736221	1.681895	2.421813
23184	-3955.39	-4215.961	260.571	0.9083686	0.406559	0.223149	0.271912	0.0983803	1.541192	2.607361
23190	-3953.725	-4215.06	261.3346	1.057448	0.285467	0.322511	0.30625	0.0857726	1.880962	1.793798
23196	-3963.889	-4225.32	261.4309	0.8353188	0.285467	0.322511	0.30625	0.0857726	1.815321	1.926839
23202	-3958.815	-4220.315	261.5	0.7054416	0.354955	0.278657	0.21725	0.149138	1.79279	1.987338
23208	-3962.02	-4223.183	261.1627	0.870377	0.268142	0.381237	0.249073	0.101547	1.786031	2.100572
23214	-3954.738	-4216.224	261.486	0.9712209	0.548228	0.244479	0.197917	0.00937552	1.943732	1.703936
23220	-3947.624	-4208.818	261.194	0.6863124	0.276296	0.42962	0.225039	0.0690447	1.660165	2.286972
23226	-3937.804	-4198.376	260.5717	1.037745	0.357862	0.242846	0.363495	0.0357974	1.817442	2.352263
23232	-3941.156	-4201.653	260.4968	1.04958	0.37565	0.170197	0.42573	0.028424	1.650445	2.497238
23238	-3948.126	-4209.677	261.5507	0.8926656	0.514392	0.10062	0.251691	0.133297	1.848275	1.781586
23244	-3939.298	-4200.42	261.1227	1.281437	0.342951	0.243105	0.304511	0.109434	1.774916	1.865786
23250	-3949.563	-4210.74	261.1771	0.8708286	0.372717	0.196919	0.316589	0.113774	1.736651	2.123159
23256	-3952.673	-4213.594	260.9209	0.8708286	0.288226	0.315714	0.275861	0.120198	1.679411	2.325361
23262	-3966.477	-4228.651	262.1735	0.65613	0.26173	0.254617	0.44996	0.033693	2.050212	1.357344
23268	-3953.321	-4215.409	262.0883	0.7599336	0.293415	0.38796	0.265709	0.0529148	2.00143	1.376351
23274	-3950.499	-4212.763	262.2644	0.6864582	0.256274	0.338852	0.358657	0.0462167	1.972633	1.321099
23280	-3952.744	-4215.061	262.3172	0.6771396	0.302723	0.432172	0.243683	0.0214223	2.11445	1.166515
23286	-3959.163	-4220.999	261.8366	0.9635288	0.41686	0.173	0.336215	0.0739249	1.983967	1.421956
23292	-3948.93	-4211.079	262.1492	0.6139723	0.368812	0.20747	0.400982	0.0227367	2.021215	1.433572
23298	-3950.179	-4212.302	262.1232	0.6686304	0.316128	0.264694	0.381759	0.0374186	1.989421	1.433572
23304	-3961.683	-4223.33	261.6471	0.7019493	0.260385	0.366799	0.348592	0.0242243	1.838352	1.859643
23310	-3946.496	-4208.162	261.6661	0.7533937	0.27092	0.355201	0.33757	0.0363096	1.785058	1.845832
23316	-3940.377	-4202.081	261.7039	0.8067802	0.325004	0.398134	0.21669	0.060172	1.886667	1.709816
23322	-3939.593	-4201.231	261.6373	0.8299534	0.319849	0.28686	0.337973	0.0553182	1.824663	1.782923
23328	-3943.689	-4205.685	261.9957	0.7612274	0.474853	0.249048	0.219785	0.0563134	1.838084	1.569268
23334	-3951.985	-4214.088	262.1033	0.6822784	0.46469	0.214694	0.272071	0.0485454	1.935052	1.479131
23340	-3942.472	-4204.729	262.2569	0.6427061	0.381281	0.400739	0.178321	0.039659	2.073621	1.282766
23346	-3943.118	-4204.949	261.8305	0.9929663	0.491567	0.275628	0.181675	0.0511303	2.024695	1.371953
23352	-3946.224	-4207.986	261.7622	1.159105	0.491422	0.291913	0.181622	0.0350433	1.963436	1.345826
23358	-3956.334	-4218.45	262.1159	0.6952452	0.217125	0.623285	0.141802	0.0177886	2.069104	1.355215
23364	-3947.046	-4208.56	261.5145	0.9481458	0.365772	0.187233	0.411743	0.035253	1.898129	1.73248
23370	-3962.71	-4224.726	262.0156	0.6817853	0.239124	0.382541	0.19594	0.182395	1.882914	1.583339
23376	-3950.282	-4212.152	261.8702	0.9320834	0.391305	0.289064	0.289655	0.0299753	1.888485	1.493322
23382	-3944.325	-4205.957	261.6321	0.8107505	0.39597	0.224039	0.293109	0.0868819	1.828443	1.797837
23388	-3956.91	-4218.422	261.5124	1.083597	0.336619	0.246053	0.321909	0.0954188	1.980427	1.578394
23394	-3971.376	-4233.128	261.7521	0.8441034	0.44884	0.2373	0.222387	0.0914725	1.795668	1.712556
23400	-3959.535	-4221.963	262.4281	0.6997307	0.436551	0.25252	0.273539	0.0373895	2.165735	0.9928444
23406	-3962.824	-4224.996	262.1726	0.9049615	0.322147	0.320595	0.292051	0.0652062	2.165735	1.033203
23412	-3961.533	-4223.725	262.1923	0.8141624	0.380617	0.292371	0.27549	0.0515213	2.24435	1.029071
23418	-3959.192	-4221.146	261.9539	0.8437062	0.312948	0.208347	0.31743	0.161276	2.06985	1.359209
23424	-3956.9	-4219.012	262.1119	0.7143702	0.187403	0.438245	0.218614	0.155739	1.907676	1.467631
23430	-3961.727	-4223.894	262.1666	0.4729439	0.261008	0.397817	0.266835	0.0743397	1.864474	1.643689
23436	-3948.715	-4210.77	262.055	0.3858158	0.248654	0.404468	0.271296	0.0755825	1.876675	1.769264
23442	-3962.147	-4224.113	261.9662	0.5462071	0.176536	0.44329	0.297336	0.0828372	1.813915	1.769264
23448	-3953.435	-4215.369	261.9334	0.6867288	0.227144	0.372186	0.31041	0.0902603	1.919411	1.612836
23454	-3949.328	-4210.711	261.3832	0.9357813	0.473088	0.213645	0.233207	0.0800596	1.652712	1.998558
23460	-3941.803	-4203.628	261.8248	0.9405221	0.433737	0.255338	0.155137	0.155788	1.789915	1.593482
23466	-3937.852	-4199.604	261.7521	0.8314948	0.422924	0.248973	0.15127	0.176833	1.868262	1.670308
23472	-3948.803	-4209.653	260.8508	0.973681	0.436126	0.167231	0.341995	0.0546483	1.832539	2.204776
23478	-3951.74	-4212.49	260.7496	1.229626	0.371929	0.247535	0.291653	0.0888826	1.735641	2.172013
23484	-3938.588	-4199.248	260.6595	1.199139	0.474928	0.101275	0.310299	0.113497	1.814975	2.197544
23490	-3939.781	-4200.307	260.5254	1.106648	0.464502	0.152202	0.29096	0.0923361	1.754757	2.378532
23496	-3948.155	-4209.008	260.8537	1.373104	0.375304	0.219066	0.296228	0.109403	1.719532	2.028058
23502	-3945.603	-4206.637	261.0335	0.7797951	0.286609	0.399456	0.264537	0.0493975	1.779184	2.25021
23508	-3961.338	-4222.362	261.0243	0.8280401	0.298775	0.184703	0.442683	0.0738394	1.896357	2.14767
23514	-3960.444	-4221.251	260.8069	0.8692668	0.247333	0.369237	0.342956	0.0404736	1.779644	2.335156
23520	-3972.712	-4234.693	261.9807	0.6936117	0.322969	0.415987	0.250058	0.0109855	1.934143	1.562193
23526	-3968.368	-4229.558	261.1897	0.7842003	0.276294	0.471714	0.206846	0.0451455	1.711595	2.190029
23532	-3960.53	-4221.663	261.1327	0.9100277	0.274145	0.484645	0.224773	0.0164376	1.764459	2.107662
23538	-3958.14	-4219.945	261.8053	0.4461363	0.271969	0.465244	0.250167	0.0126195	1.781014	1.969113
23544	-3962.195	-4224.22	262.0254	0.7615292	0.403429	0.232954	0.335423	0.0281935	1.896209	1.503903
23550	-3958.4	-4220.83	262.4296	0.5523149	0.289206	0.331457	0.32895	0.0503873	1.994623	1.283652
23556	-3969.224	-4231.71	262.4858	0.4994198	0.222135	0.475174	0.234268	0.0684225	1.990337	1.285065
23562	-3957.06	-4219.498	262.4375	0.5287325	0.31186	0.260054	0.328894	0.0991923	2.000736	1.291913
23568	-3956.651	-4218.901	262.2504	0.5981793	0.301825	0.376822	0.31831	0.00304372	1.928116	1.440109
23574	-3960.674	-4222.753	262.0788	0.6193655	0.445161	0.189499	0.354229	0.0111114	1.899174	1.573506
23580	-3966.07	-4227.537	261.4668	0.7091119	0.315481	0.304241	0.370035	0.0102426	1.791282	2.007883
23586	-3965.054	-4226.823	261.7696	0.6916027	0.394292	0.259112	0.30002	0.046577	1.83474	1.785234
23592	-3962.009	-4223.59	261.5808	0.8103096	0.418255	0.188461	0.350199	0.0430851	1.898361	1.785234
23598	-3955.323	-4217.58	262.2574	0.6147845	0.247595	0.367576	0.362912	0.0219166	1.858183	1.474732
23604	-3963.061	-4225.217	262.1567	0.7649638	0.329695	0.283216	0.309495	0.0775945	1.97059	1.342468
23610	-3956.447	-4218.794	262.3469	0.5925004	0.243441	0.451718	0.247546	0.0572946	2.015287	1.300152
23616	-3952.848	-4214.945	262.0967	0.7478645	0.330965	0.16789	0.451357	0.049788	2.038423	1.350566
23622	-3946.123	-4208.036	261.9132	0.9316339	0.428667	0.0784637	0.455949	0.0369207	2.038423	1.344629
23628	-3936.121	-4198.019	261.8979	0.7488989	0.399789	0.102955	0.425233	0.0720222	1.922998	1.588184
23634	-3942.205	-4203.879	261.674	0.7488989	0.438244	0.0933082	0.390172	0.0782754	1.832917	1.810749
23640	-3947.851	-4209.48	261.6285	0.7609215	0.362798	0.21765	0.323002	0.0965501	1.928708	1.767063
23646	-3957.842	-4219.385	261.5434	0.8491765	0.373281	0.281012	0.332335	0.0133711	1.928708	1.761956
23652	-3960.888	-4222.062	261.1737	1.920766	0.397049	0.0984851	0.265103	0.239363	2.015105	1.252584
23658	-3963.789	-4224.834	261.0454	2.000959	0.560951	0.191437	0.0770561	0.170556	2.082571	1.252584
23664	-3952.243	-4214.029	261.7868	0.7193556	0.317571	0.281943	0.390721	0.00976529	1.915731	1.695728
23670	-3943.074	-4204.845	261.7705	0.7635433	0.225983	0.177869	0.589199	0.00694898	1.885606	1.695531
23676	-3946.66	-4208.325	261.6652	0.8852272	0.393278	0.193587	0.401659	0.011475	1.864091	1.695531
23682	-3952.964	-4214.642	261.6772	0.7231658	0.354467	0.273169	0.362021	0.0103426	1.885719	1.790782
23688	-3971.784	-4233.398	261.6133	0.7944678	0.275902	0.212623	0.471128	0.0403477	1.885719	1.782962
23694	-3963.266	-4224.842	261.5766	0.8195261	0.407541	0.352503	0.221027	0.0189289	1.853561	1.812517
23700	-3961.905	-4223.805	261.8996	0.8888699	0.381229	0.306011	0.223545	0.0892142	2.054079	1.377622
23706	-3957.594	-4219.771	262.1771	0.8062158	0.277184	0.34898	0.29257	0.0812657	2.054079	1.221713
23712	-3962.384	-4225.085	262.7008	0.3503383	0.171691	0.441975	0.283413	0.102921	2.029827	1.180877
23718	-3951.11	-4213.421	262.3113	0.6250252	0.26247	0.390002	0.257833	0.0896945	1.967659	1.339588
23724	-3955.475	-4217.564	262.0895	0.7912682	0.310891	0.144675	0.305399	0.239036	2.085064	1.281917
23730	-3967.394	-4228.529	261.1349	1.714453	0.510981	0.170319	0.215755	0.102945	1.950485	1.463427
23736	-3958.715	-4219.468	260.7538	2.005487	0.734813	0.0923613	0.117	0.0558254	1.851147	1.650232
23742	-3962.398	-4223.232	260.8343	1.987344	0.570407	0.0979775	0.21402	0.117595	1.925422	1.547543
23748	-3955.811	-4216.8	260.9889	1.881782	0.47059	0.0820195	0.314259	0.133131	1.835606	1.559272
23754	-3963.806	-4224.828	261.0228	1.323831	0.489914	0.0716579	0.307963	0.130464	1.828791	1.870733
23760	-3970.328	-4231.179	260.8512	1.851854	0.757515	0.0102971	0.153057	0.0791305	1.770928	1.721629
23766	-3958.607	-4219.373	260.7657	2.051425	0.595805	0.0148331	0.216345	0.173017	1.883973	1.59316
23772	-3959.668	-4221.13	261.4624	1.465141	0.618898	0.0425165	0.231318	0.107268	2.042332	1.298869
23778	-3957.412	-4218.689	261.2766	1.787906	0.470089	0.0185548	0.42988	0.0814759	2.042332	1.23041
23784	-3966.689	-4228.196	261.5068	1.508067	0.491146	0.0685216	0.333671	0.106661	2.033175	1.239139
23790	-3958.967	-4220.308	261.3411	1.543152	0.47366	0.16365	0.321792	0.0408983	1.978186	1.393012
23796	-3954.418	-4216.185	261.7668	0.9789774	0.330015	0.336883	0.304606	0.0284952	2.01356	1.44088
23802	-3961.488	-4222.876	261.388	1.126045	0.438313	0.260583	0.259856	0.0412484	1.850724	1.730943
23808	-3971.584	-4233.099	261.5149	0.8734128	0.372548	0.221485	0.370907	0.0350595	1.797051	1.855316
23814	-3955.656	-4217.641	261.9852	0.7626475	0.402887	0.292402	0.0939248	0.210786	1.989434	1.462985
23820	-3960.674	-4222.692	262.018	0.7626475	0.348295	0.39625	0.0481663	0.207289	1.958853	1.461354
23826	-3960.853	-4223.056	262.2023	0.7776272	0.238635	0.394324	0.16076	0.206281	2.0042	1.267478
23832	-3958.938	-4221.177	262.2398	0.7751489	0.238635	0.394324	0.16076	0.206281	2.081624	1.172278
23838	-3961.041	-4223.331	262.2893	0.7666309	0.168391	0.380446	0.273209	0.177954	2.150619	1.073462
23844	-3971.739	-4234.122	262.3827	0.7208725	0.419084	0.242623	0.259702	0.0785905	2.119007	1.060812
23850	-3979.641	-4241.157	261.5163	1.334561	0.576784	0.0703069	0.192329	0.16058	1.856757	1.492086
23856	-3956.517	-4218.342	261.8252	0.7245412	0.463724	0.183903	0.249511	0.102862	1.832505	1.723527
23862	-3962.638	-4224.311	261.6732	1.000742	0.232856	0.254033	0.394536	0.118575	1.840689	1.62263
23868	-3943.576	-4205.167	261.5914	0.6801325	0.46144	0.173899	0.280392	0.0842699	1.791621	1.944794
23874	-3933.434	-4194.751	261.3171	0.8855451	0.493523	0.226383	0.196939	0.0831553	1.844062	1.949125
23880	-3940.805	-4202.238	261.4331	0.7717828	0.384144	0.17621	0.386787	0.0528589	1.846561	1.949125
23886	-3960.255	-4221.675	261.4194	0.9461664	0.650028	0.115724	0.191964	0.0422831	1.908825	1.792824
23892	-3958.026	-4219.624	261.5989	0.7078065	0.409136	0.264764	0.266142	0.0599582	1.788277	1.922242
23898	-3963.44	-4224.75	261.3103	0.9440975	0.517322	0.0558883	0.363926	0.0628634	1.93356	1.852338
23904	-3973.525	-4234.98	261.4551	0.9084712	0.581133	0.0247081	0.27162	0.122539	1.825082	1.852338
23910	-3963.775	-4224.457	260.6821	1.091939	0.26809	0.182232	0.4279	0.121778	1.932988	2.173059
23916	-3958.775	-4220.1	261.3246	1.05669	0.47257	0.188465	0.241338	0.0976273	1.981597	1.73104
23922	-3962.717	-4224.598	261.8807	0.5993424	0.33327	0.343023	0.230475	0.0932327	1.844561	1.768938
23928	-3975.033	-4236.712	261.6798	0.7872557	0.379638	0.101074	0.390535	0.128753	1.877562	1.74759
23934	-3955.892	-4217.551	261.659	0.7011783	0.359298	0.28544	0.27676	0.0785019	1.894892	1.81313
23940	-3968.091	-4229.614	261.5229	0.9156547	0.537012	0.157058	0.217694	0.0882356	1.847655	1.784992
23946	-3973.873	-4234.705	260.8319	1.156032	0.547004	0.171266	0.237388	0.0443414	1.76006	2.147851
23952	-3946.657	-4207.958	261.3012	0.9099623	0.414456	0.197254	0.348449	0.039841	1.750616	2.005488
23958	-3933.173	-4194.785	261.6125	0.6727373	0.389924	0.24958	0.344422	0.0160734	1.789731	1.937137
23964	-3936.8	-4198.614	261.8147	0.5985143	0.259616	0.390325	0.344463	0.0055955	1.643343	1.952284
23970	-3960.346	-4221.954	261.6078	1.190958	0.504896	0.0661822	0.348599	0.0803224	1.966724	1.440077
23976	-3948.019	-4209.653	261.6345	1.200594	0.480298	0.0629579	0.380335	0.0764091	1.916233	1.451315
23982	-3953.957	-4214.916	260.9588	1.034448	0.618227	0.116931	0.262545	0.00229681	1.691551	2.186823
23988	-3944.2	-4205.165	260.9653	1.034448	0.639984	0.102716	0.255068	0.0022314	1.726342	2.160004
23994	-3951.844	-4213.25	261.406	0.8295301	0.396041	0.256783	0.328579	0.0185966	1.766738	1.980284
24000	-3953.11	-4214.534	261.4238	0.7428465	0.360279	0.256523	0.271469	0.111729	1.736374	2.049149
24006	-3936.123	-4197.402	261.2789	0.7018698	0.415014	0.224858	0.308382	0.0517462	1.649103	2.228957
24012	-3956.465	-4216.72	260.2552	1.093011	0.385455	0.227867	0.275208	0.11147	1.616998	2.641581
24018	-3958.578	-4218.619	260.041	1.17312	0.451859	0.0202932	0.448057	0.0797906	1.637826	2.713109
24024	-3953.893	-4214.65	260.7573	1.028913	0.519081	0.061221	0.382252	0.0374459	1.651161	2.345501
24030	-3950.771	-4211.793	261.0214	1.122673	0.575509	0.0968752	0.285422	0.0421942	1.742348	2.056157
24036	-3956.557	-4217.128	260.5709	0.929223	0.600521	0.1055	0.194244	0.099734	1.608233	2.552624
24042	-3943.196	-4204.881	261.6854	0.8237245	0.493103	0.131637	0.329079	0.0461817	1.906299	1.696454
24048	-3942.613	-4203.959	261.3462	1.153121	0.462154	0.120934	0.302323	0.114589	1.915368	1.696454
24054	-3942.863	-4204.539	261.6762	0.8556094	0.383015	0.140695	0.378825	0.0974653	1.865381	1.708473
24060	-3933.442	-4195.173	261.7314	0.8867164	0.523753	0.0792962	0.263566	0.133385	1.989423	1.556043
24066	-3939.497	-4201.28	261.7834	0.9575681	0.389178	0.145215	0.315145	0.150462	2.041182	1.423488
24072	-3948.868	-4210.756	261.8885	0.9731348	0.333684	0.232474	0.304834	0.129008	1.920358	1.423488
24078	-3945.021	-4207.104	262.0826	0.7395122	0.358118	0.275054	0.325031	0.0417963	1.968152	1.423488
24084	-3947.9	-4209.804	261.9043	0.8584116	0.362755	0.265667	0.32924	0.0423375	1.802799	1.587541
24090	-3950.682	-4212.345	261.6626	0.9732717	0.398886	0.121758	0.256233	0.223122	1.927123	1.587541
24096	-3941.097	-4202.285	261.1883	1.093911	0.420714	0.254438	0.154935	0.169914	1.807726	1.91964
24102	-3946.032	-4207.317	261.2857	0.9858029	0.425303	0.21206	0.238499	0.124138	1.78671	1.940191
24108	-3950.843	-4212.752	261.909	0.902696	0.425303	0.21206	0.238499	0.124138	1.939202	1.448267
24114	-3935.578	-4197.68	262.1018	0.7672421	0.447658	0.13623	0.311523	0.104589	1.94462	1.404186
24120	-3944.259	-4206.103	261.8444	0.918144	0.460696	0.140198	0.322379	0.0767268	1.966175	1.464881
24126	-3957.89	-4219.607	261.7179	0.8073398	0.446265	0.135806	0.333015	0.0849142	1.96498	1.643642
24132	-3974.15	-4236.507	262.3571	0.4848534	0.170656	0.338048	0.369163	0.122133	1.913302	1.458426
24138	-3959.152	-4221.257	262.1051	0.5912699	0.221263	0.438294	0.182091	0.158352	1.941572	1.544724
24144	-3952.711	-4215.117	262.4062	0.4283619	0.188882	0.323973	0.331775	0.155371	1.898536	1.472816
24150	-3958.017	-4220.082	262.0652	0.7679466	0.261223	0.423968	0.243253	0.0715558	1.977302	1.406637
24156	-3966.854	-4228.936	262.0815	0.6679401	0.295064	0.344293	0.274766	0.0858765	1.958576	1.489321
24162	-3952.537	-4214.39	261.8529	0.8216515	0.369215	0.26918	0.275829	0.0857765	2.034146	1.482476
24168	-3952.71	-4214.442	261.7321	1.222678	0.452768	0.25024	0.191805	0.105188	2.04319	1.256647
24174	-3944.529	-4205.954	261.4251	1.147857	0.394323	0.278257	0.210456	0.116965	1.841381	1.696596
24180	-3949.156	-4210.318	261.162	1.546699	0.530383	0.0982369	0.281854	0.0895267	1.955697	1.54363
24186	-3955.452	-4217.294	261.8413	0.8821111	0.451274	0.15777	0.262386	0.128571	1.938927	1.515576
24192	-3979.193	-4240.854	261.6603	1.081702	0.514769	0.121713	0.226968	0.13655	2.039679	1.424375
24198	-3961.941	-4223.836	261.8953	0.9006153	0.490952	0.144438	0.286017	0.0785937	1.99922	1.414291
24204	-3976.403	-4238.224	261.821	1.103793	0.410633	0.198844	0.325646	0.064878	2.078427	1.247734
24210	-3978.491	-4240.386	261.8949	1.033131	0.458415	0.213958	0.290975	0.0366515	2.084347	1.238901
24216	-3981.602	-4243.804	262.2028	1.015476	0.315935	0.217358	0.372897	0.0938096	2.087178	0.9698897
24222	-3955.61	-4217.801	262.1912	0.8691111	0.491906	0.214646	0.249342	0.0441066	2.214381	1.003382
24228	-3960.039	-4222.572	262.5336	0.5969739	0.462485	0.233943	0.255501	0.0480717	2.090709	1.068737
24234	-3968.741	-4231.18	262.4386	0.5969739	0.415669	0.210261	0.31238	0.0616891	2.185632	1.068737
24240	-3962.795	-4224.359	261.5639	0.9197925	0.423142	0.145268	0.31648	0.11511	1.793582	1.791084
24246	-3956.494	-4216.823	260.3287	1.157162	0.540266	0.150423	0.23252	0.0767918	1.604647	2.56546
24252	-3943.707	-4203.889	260.1814	1.068965	0.502073	0.128819	0.27722	0.0918878	1.557521	2.737902
24258	-3948.859	-4210.117	261.2577	0.8070183	0.243829	0.232249	0.358257	0.165665	1.643792	2.174397
24264	-3963.636	-4225.008	261.3716	0.9199146	0.510303	0.233485	0.222796	0.0334172	1.863955	1.874845
24270	-3940.712	-4202.396	261.684	1.139184	0.430465	0.24005	0.30377	0.0257141	1.92422	1.452078
24276	-3946.342	-4208.001	261.6592	0.8496015	0.378928	0.21131	0.331704	0.0780571	1.916848	1.688442
24282	-3944.091	-4205.205	261.114	0.8419484	0.504574	0.15644	0.322729	0.0162569	1.796136	2.145067
24288	-3958.418	-4219.074	260.6566	0.9659457	0.400789	0.201328	0.382268	0.0156156	1.622772	2.466771
24294	-3947.185	-4207.691	260.5066	0.9145655	0.246085	0.27376	0.476874	0.00328078	1.63843	2.583109
24300	-3939.91	-4201.025	261.1144	0.9867909	0.294858	0.400372	0.301549	0.00322027	1.801839	2.043798
24306	-3935.372	-4196.935	261.5629	0.6384056	0.31809	0.444874	0.217621	0.0194153	1.812566	1.979508
24312	-3931.63	-4193.079	261.4487	0.7727724	0.414193	0.274495	0.286031	0.0252811	1.762436	1.994307
24318	-3946.402	-4207.541	261.1395	0.7727724	0.312544	0.241579	0.423627	0.0222495	1.827797	2.155019
24324	-3938.548	-4199.423	260.8746	0.9372624	0.442772	0.141472	0.314825	0.100931	1.606337	2.357942
24330	-3944.565	-4206.029	261.464	0.9372624	0.539192	0.17228	0.249299	0.0392289	1.670484	1.931423
24336	-3935.49	-4196.082	260.5921	1.267463	0.46805	0.111221	0.304857	0.115872	1.705099	2.270642
24342	-3948.729	-4209.531	260.8017	0.9647241	0.456901	0.132393	0.297595	0.113111	1.643588	2.362943
24348	-3953.498	-4213.42	259.9215	1.641596	0.560414	0.0541053	0.279317	0.106164	1.479764	2.628026
24354	-3951.545	-4211.613	260.0677	1.395827	0.55173	0.0399441	0.29587	0.112456	1.53499	2.633901
24360	-3944.545	-4204.734	260.1888	1.194347	0.474804	0.244513	0.137858	0.142825	1.598677	2.633901
24366	-3951.083	-4211.991	260.9073	0.8165334	0.325602	0.164245	0.382116	0.128037	1.60509	2.416864
24372	-3963.407	-4224.043	260.6361	1.072063	0.420818	0.176841	0.185566	0.216774	1.665771	2.386109
24378	-3952.633	-4212.945	260.3126	0.8917573	0.49616	0.0517906	0.365469	0.0865805	1.6013	2.739774
24384	-3960.196	-4220.563	260.3667	0.9364698	0.547697	0.0220736	0.336892	0.0933377	1.501527	2.739774
24390	-3960.031	-4219.302	259.2712	1.028573	0.476922	0.277417	0.164385	0.0812764	1.436635	3.378488
24396	-3946.034	-4204.346	258.3121	1.221743	0.496308	0.133767	0.256895	0.11303	1.379031	3.860284
24402	-3958.782	-4217.682	258.9002	1.501824	0.496945	0.144745	0.198804	0.159506	1.47516	3.316331
24408	-3940.907	-4200.646	259.7385	1.13311	0.486078	0.0946812	0.194457	0.224784	1.608903	2.93771
24414	-3956.678	-4217.598	260.9197	1.019109	0.433323	0.067802	0.333939	0.164936	1.719918	2.20362
24420	-3958.902	-4219.819	260.9163	0.9418334	0.480118	0.0751239	0.376391	0.0683671	1.713501	2.259974
24426	-3948.078	-4209.302	261.2247	0.7678802	0.508889	0.058528	0.406758	0.0258247	1.774878	2.137304
24432	-3954.979	-4216.281	261.302	0.729753	0.527378	0.0810796	0.366806	0.0247369	1.723365	2.14677
24438	-3953.88	-4214.757	260.8773	0.9516086	0.502597	0.0414074	0.44724	0.00875555	1.804887	2.219864
24444	-3955.437	-4217.361	261.9247	0.8332826	0.618535	0.0317559	0.342994	0.00671475	1.830226	1.571698
24450	-3955.595	-4217.109	261.5138	1.113909	0.476188	0.202827	0.309364	0.0116211	1.862308	1.641637
24456	-3967.916	-4229.71	261.7944	0.8471822	0.398661	0.169805	0.414158	0.0173759	1.987257	1.541319
24462	-3951.179	-4213.039	261.8601	0.680913	0.353743	0.198219	0.394823	0.053215	1.8975	1.685561
24468	-3950.407	-4212.112	261.7051	0.7957937	0.336336	0.259814	0.269422	0.134427	1.790997	1.784035
24474	-3934.753	-4196.499	261.7459	0.789548	0.374457	0.213487	0.299959	0.112097	1.857174	1.713702
24480	-3940.902	-4202.826	261.9242	0.7133196	0.374364	0.176244	0.403283	0.0461094	1.96581	1.565141
24486	-3947.115	-4208.983	261.8679	0.8416063	0.379361	0.235647	0.253797	0.131195	1.887317	1.565141
24492	-3944.416	-4206.443	262.0268	0.6676113	0.440675	0.0965492	0.378932	0.083844	1.966797	1.524303
24498	-3947.418	-4208.919	261.501	0.9116332	0.429189	0.112653	0.366646	0.0915116	1.914243	1.756736
24504	-3940.182	-4201.996	261.8136	0.8632022	0.456116	0.204765	0.302145	0.0369741	1.914243	1.568732
24510	-3943.116	-4205.216	262.0999	0.6351588	0.427625	0.177482	0.360229	0.0346645	1.982982	1.483157
24516	-3940.816	-4202.821	262.0052	0.6351588	0.263869	0.221468	0.493274	0.02139	1.964522	1.567361
24522	-3944.986	-4206.66	261.6738	0.6737677	0.384592	0.292489	0.297449	0.0254701	1.868421	1.84118
24528	-3929.243	-4190.971	261.7278	0.7718788	0.434147	0.268937	0.273497	0.0234191	1.920737	1.694725
24534	-3935.251	-4196.926	261.6744	0.7486694	0.414163	0.191719	0.37458	0.0195376	1.934236	1.740114
24540	-3946.026	-4207.556	261.53	0.864609	0.486214	0.221956	0.268894	0.0229364	1.957326	1.740114
24546	-3940.706	-4201.926	261.2201	0.9190052	0.459589	0.157905	0.371275	0.0112308	1.839218	1.994361
24552	-3935.355	-4196.862	261.5071	0.7865574	0.352538	0.211598	0.414883	0.0209809	1.803315	1.917915
24558	-3949.845	-4211.291	261.446	0.7510183	0.446393	0.253257	0.273783	0.0265665	1.901804	1.917915
24564	-3930.503	-4192.132	261.629	0.7926022	0.323544	0.385227	0.264111	0.0271183	1.754479	1.86393
24570	-3932.468	-4194.024	261.5556	0.7726327	0.49451	0.141496	0.32766	0.0363339	1.78133	1.909868
24576	-3932.255	-4193.685	261.4293	0.9651338	0.492332	0.140873	0.326217	0.040578	1.848551	1.814358
24582	-3949.839	-4211.349	261.51	0.8543032	0.599861	0.171641	0.207901	0.0205971	1.846069	1.8386
24588	-3952.534	-4213.614	261.0802	0.8141543	0.29681	0.29598	0.374056	0.0331535	1.798445	2.184396
24594	-3956.851	-4218.027	261.1759	0.8141543	0.376765	0.149443	0.466096	0.00769566	1.702751	2.184396
24600	-3951.041	-4212.143	261.102	0.9708263	0.338485	0.13426	0.498907	0.0283481	1.687816	2.137448
24606	-3944.191	-4204.546	260.355	1.182016	0.376223	0.195904	0.386508	0.0413639	1.717229	2.46401
24612	-3952.728	-4213.1	260.3712	0.7478028	0.474947	0.226245	0.272556	0.0262526	1.504326	2.854588
24618	-3946.163	-4206.311	260.1473	0.9015833	0.532898	0.188206	0.256283	0.0226127	1.567952	2.854588
24624	-3952.811	-4213.294	260.4826	0.7568595	0.289512	0.277293	0.334901	0.0982937	1.517373	2.773124
24630	-3951.006	-4212.071	261.0648	0.9598195	0.573539	0.0797753	0.293103	0.0535818	1.733066	2.139446
24636	-3960.108	-4221.4	261.2917	0.7674997	0.432001	0.0563682	0.469646	0.0419844	1.82543	2.060435
24642	-3955.687	-4216.635	260.9475	1.120565	0.435637	0.192215	0.353321	0.0188275	1.778915	2.082114
24648	-3954.869	-4215.789	260.9196	1.120565	0.418919	0.139167	0.339762	0.102153	1.697585	2.153624
24654	-3951.293	-4212.409	261.1167	0.9218264	0.472594	0.17401	0.272067	0.081329	1.741946	2.124979
24660	-3961.134	-4222.45	261.3159	1.211366	0.44999	0.0724223	0.377394	0.100194	1.948128	1.655355
24666	-3963.073	-4224.422	261.3485	1.009311	0.477884	0.129965	0.305213	0.0869386	1.77221	1.891627
24672	-3945.607	-4207.207	261.6004	0.980771	0.387406	0.3126	0.212379	0.0876148	1.919097	1.632989
24678	-3943.813	-4205.979	262.1659	0.7522921	0.358342	0.111571	0.45537	0.0747173	1.967545	1.348247
24684	-3947.598	-4209.551	261.9527	0.8752162	0.536544	0.173675	0.237196	0.0525848	1.968107	1.414204
24690	-3936.4	-4198.443	262.0428	0.7845488	0.422864	0.195157	0.249197	0.132781	1.932353	1.445046
24696	-3929.436	-4191.311	261.8748	0.8070083	0.294843	0.319672	0.313788	0.0716971	1.913155	1.567573
24702	-3938.894	-4201.066	262.1715	0.669207	0.330279	0.33894	0.247768	0.0830127	1.943906	1.430984
24708	-3945.559	-4207.028	261.4682	1.124059	0.347159	0.183442	0.282548	0.18685	1.943906	1.608542
24714	-3950.401	-4211.802	261.4004	1.048569	0.460356	0.117986	0.37184	0.0498177	1.935267	1.715904
24720	-3941.641	-4202.981	261.3406	0.9616584	0.46918	0.125155	0.378968	0.0266966	1.717828	1.965915
24726	-3941.2	-4203.053	261.8525	0.844502	0.437557	0.116719	0.285727	0.159997	1.878955	1.580286
24732	-3939.985	-4201.738	261.7538	0.8987803	0.429024	0.172998	0.241101	0.156877	2.002017	1.520989
24738	-3948.875	-4210.628	261.7532	0.8987803	0.346178	0.139591	0.387648	0.126583	1.914728	1.585771
24744	-3957.092	-4219.028	261.9365	0.8361708	0.407014	0.115916	0.455773	0.0212967	1.935844	1.482149
24750	-3981.178	-4243.588	262.4104	0.5381299	0.273152	0.332717	0.360393	0.0337377	2.219796	1.119576
24756	-3954.091	-4216.215	262.1237	0.760211	0.349214	0.23069	0.397448	0.0226483	2.121943	1.250191
24762	-3944.259	-4206.305	262.0461	0.752141	0.349763	0.231053	0.398073	0.0211107	2.029901	1.39351
24768	-3947.556	-4209.854	262.2972	0.5158872	0.172621	0.352555	0.461701	0.0131231	2.065439	1.362996
24774	-3951.111	-4213.316	262.2054	0.6974476	0.451382	0.196306	0.336493	0.0158187	1.949455	1.377089
24780	-3951.165	-4213.099	261.9341	0.6583343	0.18934	0.485536	0.264603	0.0605211	1.809896	1.712148
24786	-3950.846	-4212.265	261.4192	0.8117285	0.282469	0.291624	0.394752	0.0311555	1.729857	2.008494
24792	-3950.079	-4211.522	261.4432	0.7450613	0.351956	0.221788	0.406064	0.0201924	1.750299	2.025531
24798	-3953.372	-4214.718	261.3457	0.776987	0.319567	0.374899	0.272106	0.0334279	1.869216	1.988875
24804	-3962.655	-4224.287	261.6326	0.544045	0.324986	0.392695	0.27672	0.00559859	1.737056	2.049013
24810	-3946.13	-4206.193	260.0627	0.8935478	0.442351	0.194186	0.341451	0.0220125	1.596521	2.893484
24816	-3956.929	-4217.219	260.2893	0.9796664	0.247246	0.145146	0.53641	0.0711977	1.581815	2.711232
24822	-3941.273	-4201.755	260.4819	0.804129	0.413657	0.171879	0.328746	0.0857183	1.552117	2.721947
24828	-3949.321	-4210.116	260.7952	0.9414481	0.454482	0.11148	0.385273	0.0487653	1.660487	2.371278
24834	-3939.538	-4200.534	260.9964	0.8755514	0.528349	0.128003	0.286956	0.0566912	1.664942	2.283309
24840	-3964.265	-4225.727	261.4617	0.7974639	0.348388	0.189973	0.419294	0.042345	1.822578	1.927849
24846	-3971.118	-4232.651	261.533	0.8207207	0.373284	0.283717	0.327007	0.0159922	1.77153	1.897696
24852	-3949.81	-4211.473	261.6631	1.128082	0.455743	0.231635	0.23156	0.0810611	2.087485	1.349643
24858	-3958.739	-4220.827	262.0874	0.8663195	0.380857	0.206416	0.207164	0.205563	2.095883	1.209265
24864	-3957.758	-4219.31	261.552	0.7069142	0.397692	0.221949	0.304655	0.0757032	1.748591	1.981077
24870	-3948.807	-4209.866	261.0599	0.8672241	0.307811	0.283609	0.327261	0.0813203	1.726344	2.208485
24876	-3940.252	-4201.379	261.1267	0.834741	0.391709	0.258546	0.271338	0.0784074	1.693286	2.208485
24882	-3937.849	-4199.038	261.1887	0.9129716	0.421357	0.151235	0.35044	0.0769684	1.759149	2.072368
24888	-3956.417	-4217.399	260.9821	0.907691	0.591407	0.0927419	0.258972	0.0568789	1.691975	2.253926
24894	-3945.624	-4207.103	261.4792	0.7821743	0.293451	0.160372	0.447821	0.0983564	1.795707	1.944951
24900	-3945.359	-4206.637	261.278	0.7980283	0.388669	0.161174	0.404647	0.0455099	1.783217	2.076155
24906	-3933.21	-4194.903	261.6924	0.722083	0.375238	0.282416	0.321703	0.0206431	1.881375	1.784037
24912	-3936.819	-4198.292	261.4723	0.824786	0.251572	0.349578	0.339352	0.0594978	1.871196	1.868226
24918	-3934.244	-4195.524	261.2793	0.7675611	0.360527	0.257081	0.325737	0.0566558	1.871196	2.038285
24924	-3939.293	-4200.969	261.6751	0.7465517	0.3355	0.263499	0.355752	0.045249	1.860212	1.792782
24930	-3934.277	-4195.23	260.9531	0.8536722	0.365484	0.129632	0.471756	0.0331282	1.755126	2.267749
24936	-3949.528	-4210.574	261.0453	0.5974454	0.404101	0.195626	0.328037	0.0722354	1.62277	2.464318
24942	-3956.074	-4216.208	260.1333	0.9134757	0.465712	0.182863	0.22346	0.127965	1.559705	2.860704
24948	-3942.327	-4202.463	260.1361	0.9474409	0.470352	0.184685	0.215724	0.129239	1.58168	2.824662
24954	-3940.581	-4200.973	260.3919	1.033581	0.381281	0.21205	0.25019	0.15648	1.614892	2.594497
24960	-3948.366	-4208.877	260.5107	0.9746216	0.36126	0.267556	0.304214	0.0669704	1.555015	2.594497
24966	-3943.482	-4202.989	259.5067	0.7681893	0.388623	0.311825	0.212929	0.0866226	1.442702	3.39339
24972	-3926.116	-4185.62	259.5039	0.9715544	0.495234	0.301004	0.14484	0.0589229	1.439509	3.273415
24978	-3937.723	-4197.402	259.6795	0.7486916	0.290927	0.321079	0.313906	0.0740872	1.466625	3.289764
24984	-3947.654	-4207.563	259.9095	1.018114	0.460365	0.12498	0.313033	0.101623	1.605021	2.904792
24990	-3952.527	-4211.811	259.2843	1.112845	0.552919	0.0471714	0.375966	0.0239432	1.46993	3.302606
24996	-3949.791	-4209.335	259.5444	0.853827	0.582462	0.0440544	0.351123	0.022361	1.46993	3.302606
25002	-3950.033	-4210.466	260.433	0.9558935	0.518331	0.0653392	0.329975	0.0863548	1.608237	2.621275
25008	-3960.44	-4220.528	260.0883	1.339847	0.563839	0.0485227	0.293702	0.0939364	1.559186	2.637233
25014	-3958.306	-4218.42	260.1138	1.165268	0.402905	0.0643977	0.403609	0.129088	1.668143	2.654311
25020	-3952.493	-4213.291	260.7979	1.161403	0.433047	0.136064	0.292143	0.138746	1.724581	2.189653
25026	-3938.746	-4200.302	261.5553	0.8174254	0.435985	0.183939	0.290429	0.0896464	1.800679	1.864951
25032	-3952.057	-4213.835	261.7783	0.8174254	0.406455	0.249759	0.234034	0.109751	1.910143	1.632063
25038	-3960.571	-4222.423	261.8522	0.6614815	0.380494	0.320248	0.220635	0.0786235	1.902124	1.702499
25044	-3946.43	-4208.099	261.669	0.7895385	0.302726	0.399386	0.203844	0.0940432	1.918889	1.724423
25050	-3946.739	-4208.672	261.9333	0.9596532	0.462821	0.114129	0.287575	0.135475	1.946782	1.378701
25056	-3947.594	-4208.925	261.331	1.502332	0.49266	0.0448215	0.314404	0.148114	1.960977	1.441138
25062	-3955.664	-4217.017	261.3535	1.502332	0.491884	0.0447509	0.31391	0.149455	2.055163	1.35014
25068	-3951.899	-4213.609	261.71	1.167298	0.359435	0.156063	0.374586	0.109916	1.921131	1.41378
25074	-3958.224	-4219.37	261.146	1.070177	0.607662	0.0371264	0.19373	0.161481	1.878221	1.916196
25080	-3971.114	-4232.107	260.9934	1.267293	0.47772	0.0630633	0.331677	0.12754	1.843187	1.916196
25086	-3966.648	-4227.439	260.7904	0.9976673	0.545905	0.0468898	0.290281	0.116925	1.696497	2.315398
25092	-3956.395	-4218.752	262.3571	0.7403814	0.190637	0.416379	0.340945	0.0520391	2.259793	0.9236993
25098	-3963.417	-4225.834	262.4172	0.5889255	0.231717	0.239959	0.479473	0.0488514	2.254039	1.031943
25104	-3956.213	-4218.732	262.5188	0.5889255	0.273337	0.413516	0.194758	0.11839	2.251697	0.9306788
25110	-3948.864	-4211.355	262.4917	0.6591072	0.291694	0.383081	0.13461	0.190616	2.153398	0.9845407
25116	-3968.632	-4230.718	262.0858	0.8176406	0.444955	0.229244	0.176961	0.14884	2.184746	1.177778
25122	-3977.402	-4239.647	262.2444	0.5765313	0.44332	0.351752	0.155972	0.0489551	2.05556	1.363266
25128	-3958.718	-4221.017	262.2984	0.6902082	0.472794	0.295044	0.166342	0.0658195	2.137308	1.150685
25134	-3945.374	-4207.369	261.9952	0.7605553	0.393529	0.333672	0.198362	0.0744369	2.104521	1.367976
25140	-3957.082	-4219.425	262.343	0.5347764	0.191033	0.366502	0.41558	0.0268853	2.156544	1.236142
25146	-3949.018	-4211.134	262.1158	0.6993129	0.306425	0.454805	0.155966	0.0828036	2.057007	1.361402
25152	-3938.149	-4200.417	262.2681	0.7235511	0.262211	0.35468	0.262167	0.120942	2.030061	1.238701
25158	-3932.384	-4194.731	262.3474	0.6020471	0.267112	0.3494	0.258264	0.125224	2.187821	1.145149
25164	-3945.609	-4207.885	262.2765	0.6101852	0.343031	0.428707	0.196964	0.0312983	2.053382	1.311212
25170	-3955.356	-4217.836	262.4796	0.6092571	0.455545	0.247285	0.261567	0.035602	2.161144	1.040821
25176	-3959.068	-4221.318	262.2508	0.7605703	0.399107	0.255146	0.306253	0.0394943	2.327862	0.941933
25182	-3970.148	-4232.528	262.3798	0.6237662	0.440445	0.129744	0.316779	0.113031	2.343582	0.941933
25188	-3961.914	-4224.431	262.5173	0.6081709	0.336596	0.312121	0.266928	0.0843552	2.28644	0.8706139
25194	-3963.401	-4225.155	261.7546	0.6369129	0.330568	0.266208	0.35406	0.0491639	1.749917	1.893598
25200	-3954.628	-4216.291	261.663	0.7057276	0.355294	0.224328	0.298358	0.122019	1.754565	1.903148
25206	-3960.834	-4222.084	261.2507	0.9577865	0.403849	0.356306	0.20258	0.0372647	1.806577	1.969327
25212	-3962.314	-4223.092	260.7781	1.169742	0.459663	0.271919	0.230578	0.0378409	1.735661	2.190174
25218	-3949.337	-4210.598	261.2605	1.257247	0.489183	0.322981	0.0869642	0.100873	1.811557	1.760827
25224	-3948.556	-4210.465	261.909	0.8732135	0.559341	0.174455	0.211718	0.0544854	1.98814	1.434018
25230	-3944.496	-4206.496	262.0008	0.8155794	0.4819	0.26519	0.206814	0.0460953	2.05711	1.355393
25236	-3943.206	-4205.491	262.2846	0.6975943	0.3454	0.342831	0.267364	0.0444042	2.154061	1.141178
25242	-3949.773	-4212.112	262.3392	0.6531734	0.264662	0.429024	0.204867	0.101447	2.142272	1.144957
25248	-3944.634	-4206.809	262.1753	0.7088036	0.302834	0.350212	0.234416	0.112538	2.101029	1.269823
25254	-3942.083	-4204.235	262.1524	0.7790702	0.325766	0.376731	0.171354	0.126149	2.059683	1.26162
25260	-3957.15	-4219.592	262.4422	0.6094752	0.263672	0.346461	0.273853	0.116013	2.059683	1.16764
25266	-3953.016	-4215.159	262.1433	0.6762752	0.256979	0.390959	0.149763	0.202299	1.988388	1.412666
25272	-3947.162	-4209.073	261.9112	0.9139146	0.217633	0.32325	0.413707	0.0454096	2.117918	1.296841
25278	-3945.24	-4207.564	262.3233	0.6563941	0.292846	0.318062	0.325273	0.0638194	2.057702	1.228835
25284	-3962.828	-4224.773	261.9455	0.9660716	0.450292	0.185823	0.320229	0.043656	2.057702	1.274667
25290	-3948.727	-4210.879	262.152	0.7515115	0.38471	0.203312	0.350366	0.0616121	2.16832	1.194754
25296	-3948.24	-4210.456	262.2163	0.6896317	0.478031	0.170017	0.292991	0.0589616	1.843995	1.45661
25302	-3955.717	-4217.507	261.7897	0.879775	0.365605	0.130032	0.477167	0.0271961	1.901165	1.583332
25308	-3961.679	-4223.713	262.0336	0.7626282	0.348049	0.150253	0.473486	0.0282118	1.907155	1.488628
25314	-3942.792	-4204.589	261.7964	0.7116781	0.52667	0.110784	0.342159	0.0203869	1.898175	1.707102
25320	-3949.166	-4210.783	261.6174	0.91887	0.54599	0.0562275	0.378116	0.0196664	1.919897	1.665224
25326	-3966.457	-4228.352	261.8944	0.8127302	0.683432	0.0649564	0.240821	0.0107907	2.000542	1.483548
25332	-3963.446	-4225.47	262.0238	0.8127302	0.308104	0.248095	0.401615	0.0421868	1.988956	1.393248
25338	-3960.129	-4222.129	262	0.7942064	0.269246	0.342925	0.350963	0.0368662	1.996392	1.420968
25344	-3972.199	-4234.245	262.0463	0.5367432	0.241776	0.491111	0.234008	0.0331049	2.066245	1.537817
25350	-3951.992	-4213.889	261.8972	0.673609	0.31557	0.440842	0.210056	0.0335316	1.904059	1.659911
25356	-3963.587	-4225.306	261.7197	0.7799857	0.418845	0.17026	0.33508	0.0758156	1.969188	1.659911
25362	-3964.078	-4226.188	262.1097	0.6954814	0.254369	0.386341	0.278073	0.0812168	1.969188	1.437621
25368	-3946.531	-4208.723	262.192	0.6954814	0.343031	0.340402	0.245007	0.0715594	1.953781	1.385846
25374	-3976.043	-4238.292	262.2493	0.6275286	0.228769	0.322912	0.258589	0.18973	1.937796	1.409677
25380	-3956.597	-4218.694	262.0975	0.7166574	0.303619	0.445404	0.144763	0.106215	1.961284	1.435899
25386	-3947.344	-4209.327	261.9825	0.7784752	0.32529	0.468756	0.155096	0.0508584	1.932433	1.495553
25392	-3979.417	-4240.78	261.3631	1.496456	0.56469	0.0514871	0.26924	0.114583	1.903436	1.464332
25398	-3951.985	-4213.694	261.7097	1.058586	0.46045	0.0908998	0.314714	0.133936	1.914728	1.499025
25404	-3962.291	-4223.685	261.3937	1.210634	0.464154	0.0916311	0.317246	0.126968	1.938903	1.606382
25410	-3954.044	-4215.775	261.7307	0.7252809	0.324062	0.354794	0.25506	0.0660843	1.799229	1.812119
25416	-3968.445	-4229.727	261.2823	1.162042	0.423157	0.281006	0.17635	0.119487	1.805438	1.812119
25422	-3981.674	-4242.889	261.2144	1.23738	0.476514	0.185456	0.259173	0.0788576	1.858493	1.773082
25428	-3945.455	-4207.308	261.8529	0.9103988	0.341999	0.198116	0.352601	0.107285	1.871782	1.535234
25434	-3948.282	-4210.1	261.8184	0.7838228	0.30399	0.189612	0.411037	0.0953612	1.871782	1.656054
25440	-3941.758	-4203.896	262.1383	0.7374791	0.372737	0.294382	0.297419	0.0354626	1.868013	1.459155
25446	-3947.831	-4210.055	262.2239	0.6462944	0.287823	0.388949	0.229663	0.0935653	1.878902	1.459155
25452	-3957.926	-4219.911	261.9855	0.8402311	0.408933	0.220361	0.22497	0.145736	1.878902	1.484954
25458	-3951.16	-4213.06	261.8996	0.7703638	0.355579	0.251171	0.28581	0.10744	1.936691	1.560335
25464	-3945.051	-4206.94	261.889	1.042279	0.423282	0.136319	0.358707	0.0816929	2.009467	1.2981
25470	-3957.337	-4219.363	262.0265	0.8812073	0.441367	0.174532	0.2902	0.0939009	2.063213	1.27475
25476	-3947.636	-4209.637	262.0008	1.027774	0.387168	0.295829	0.26469	0.0523132	2.188575	1.057187
25482	-3948.554	-4210.881	262.327	0.7372412	0.464908	0.154437	0.317838	0.0628173	2.198208	1.02157
25488	-3963.983	-4225.788	261.8045	1.175163	0.422759	0.348045	0.191606	0.0375899	2.198208	1.097803
25494	-3946.478	-4208.294	261.816	1.175163	0.336184	0.364693	0.259736	0.0393879	2.135135	1.144299
25500	-3951.907	-4213.621	261.7147	1.183739	0.307246	0.356907	0.299849	0.0359975	2.17533	1.19066
25506	-3954.257	-4216.517	262.2598	0.7164981	0.33859	0.410515	0.224217	0.0266776	2.167358	1.1336
25512	-3953.9	-4216.189	262.2882	0.8160934	0.340629	0.242975	0.344833	0.0715623	2.067775	1.103093
25518	-3956.42	-4217.991	261.571	1.163065	0.438549	0.312822	0.161329	0.0873002	1.861129	1.566675
25524	-3959.79	-4221.361	261.5704	1.163065	0.340954	0.357465	0.195689	0.105893	2.017477	1.450115
25530	-3965.17	-4227.144	261.9742	0.7931037	0.307965	0.421211	0.181705	0.0891194	2.02538	1.419432
25536	-3947.985	-4209.979	261.9947	0.8681465	0.29349	0.309459	0.266395	0.130657	2.033952	1.335202
25542	-3946.953	-4208.666	261.7122	1.221052	0.467809	0.0962131	0.355522	0.0804567	2.061238	1.259449
25548	-3953.748	-4215.67	261.9218	0.9755398	0.48089	0.0943953	0.360668	0.0640471	2.087547	1.261769
25554	-3948.164	-4209.671	261.507	1.299195	0.350226	0.115452	0.468516	0.0658066	2.022534	1.397051
25560	-3951.445	-4212.897	261.452	1.192952	0.545866	0.141932	0.255995	0.0562068	2.133365	1.430342
25566	-3968.443	-4230.479	262.0367	0.8673377	0.251709	0.214793	0.387413	0.146085	2.08869	1.257092
25572	-3952.766	-4215.017	262.2517	0.6263495	0.349559	0.330774	0.116792	0.202875	2.10901	1.27221
25578	-3936.252	-4198.489	262.2372	0.6263495	0.223916	0.386459	0.351308	0.0383176	2.156564	1.244732
25584	-3925.87	-4187.96	262.0903	0.7966568	0.355916	0.314182	0.265015	0.0648873	2.113761	1.252947
25590	-3945.606	-4207.895	262.2893	0.6752936	0.330244	0.460869	0.150171	0.0587162	2.113761	1.19301
25596	-3960.542	-4222.692	262.15	0.8471714	0.20748	0.3506	0.392415	0.0495047	2.049447	1.212469
25602	-3956.697	-4218.807	262.1096	0.6646734	0.341014	0.30601	0.314451	0.0385248	2.078155	1.378523
25608	-3955.304	-4216.7	261.3968	1.379214	0.485769	0.011422	0.447931	0.054878	2.035581	1.416262
25614	-3947.737	-4209.579	261.842	1.020796	0.569088	0.0402652	0.246163	0.144484	1.934518	1.41169
25620	-3946.406	-4207.695	261.2895	1.388953	0.403644	0.0285594	0.465316	0.10248	1.892878	1.596949
25626	-3952.558	-4213.599	261.0408	1.10003	0.521458	0.0925104	0.319747	0.066284	1.83425	1.996844
25632	-3945.569	-4206.125	260.5557	1.738524	0.523602	0.102894	0.300732	0.072773	1.827625	1.947607
25638	-3951.888	-4212.889	261.0013	1.158904	0.558551	0.0430135	0.320805	0.0776305	1.872276	1.959911
25644	-3954.74	-4216.053	261.3128	0.9440385	0.527825	0.0868449	0.364876	0.0204543	1.772421	1.959911
25650	-3959.214	-4220.06	260.846	1.510298	0.598494	0.0459323	0.252184	0.10339	1.809799	1.891857
25656	-3952.767	-4214.647	261.8804	0.7065881	0.509291	0.293865	0.133067	0.0637759	1.891913	1.655663
25662	-3963.868	-4224.92	261.0524	1.219323	0.334431	0.286371	0.297735	0.0814637	1.748049	1.970576
25668	-3946.57	-4207.773	261.2026	0.9855841	0.345468	0.295822	0.254383	0.104326	1.742346	2.025575
25674	-3956.358	-4217.731	261.3735	0.9677063	0.468122	0.225358	0.271416	0.0351031	1.83659	1.85911
25680	-3960.003	-4221.552	261.5498	0.7476377	0.383617	0.184677	0.368161	0.0635451	1.858785	1.879114
25686	-3960.293	-4221.919	261.6269	0.5953046	0.426846	0.171718	0.367098	0.0343381	1.704101	2.03935
25692	-3965.315	-4226.676	261.3616	1.0247	0.375271	0.25505	0.322742	0.0469365	1.798515	1.854274
25698	-3974.482	-4235.692	261.2094	0.9809829	0.515827	0.0511066	0.337373	0.0956933	1.86242	1.943837
25704	-3979.574	-4240.106	260.5321	1.18525	0.326494	0.0332907	0.601031	0.0391847	1.713537	2.352631
25710	-3975.413	-4235.989	260.5761	1.139892	0.427335	0.0435729	0.477805	0.0512873	1.713537	2.352165
25716	-3963.759	-4224.693	260.9345	1.097275	0.359152	0.0366207	0.561123	0.0431043	1.675086	2.173248
25722	-3969.436	-4230.62	261.1842	1.339849	0.499017	0.0625497	0.42743	0.0110039	1.875751	1.716213
25728	-3962.9	-4224.462	261.5616	1.021253	0.489363	0.0170685	0.4843	0.00926816	1.913851	1.635559
25734	-3963.594	-4225.178	261.5838	0.9778181	0.32625	0.251981	0.413812	0.0079567	1.935077	1.635559
25740	-3964.608	-4226.293	261.685	0.9405919	0.325047	0.192266	0.473581	0.00910592	1.957803	1.572898
25746	-3961.061	-4222.646	261.5856	0.7640756	0.25656	0.236485	0.489609	0.0173461	1.749209	1.917392
25752	-3952.373	-4213.946	261.5724	0.6293299	0.350392	0.313084	0.312242	0.0242816	1.789402	1.995032
25758	-3954.119	-4215.515	261.3965	0.7802843	0.330141	0.183264	0.45253	0.0340662	1.805712	1.995032
25764	-3951.933	-4213.214	261.2818	0.8465986	0.313421	0.262916	0.180975	0.242688	1.805712	2.025256
25770	-3945.558	-4207.541	261.9827	0.717057	0.356326	0.298907	0.272556	0.0722105	1.951609	1.529464
25776	-3945.366	-4207.517	262.1513	0.6768975	0.384917	0.322891	0.251793	0.0403983	2.053532	1.354847
25782	-3949.558	-4211.516	261.9586	0.837583	0.417735	0.192661	0.348912	0.0406917	2.077021	1.354847
25788	-3962.912	-4224.794	261.882	0.837583	0.393179	0.196383	0.355653	0.0547843	2.058211	1.429296
25794	-3966.691	-4228.747	262.0561	0.8488127	0.529741	0.186122	0.24794	0.0361971	2.05212	1.287104
25800	-3968.992	-4230.547	261.5553	1.129898	0.299952	0.364359	0.227319	0.108369	1.939132	1.544178
25806	-3970.778	-4232.761	261.983	0.8604084	0.293834	0.356927	0.25681	0.0924291	1.880059	1.470162
25812	-3983.357	-4244.643	261.2855	0.829064	0.3363	0.261585	0.302228	0.0998873	1.704294	2.101745
25818	-3963.735	-4225.059	261.324	0.829064	0.390389	0.25767	0.242763	0.109177	1.767833	2.03444
25824	-3958.669	-4220.739	262.0696	0.6383592	0.431053	0.291277	0.189629	0.0880404	1.83647	1.611343
25830	-3954.122	-4216.079	261.9573	0.5992028	0.474245	0.191221	0.25151	0.0830241	1.989994	1.611343
25836	-3952.849	-4214.495	261.6462	0.8984411	0.405091	0.315633	0.142235	0.137041	1.980707	1.615818
25842	-3962.314	-4224.284	261.9696	0.7134915	0.297107	0.231496	0.370886	0.100511	1.94511	1.546799
25848	-3957.252	-4218.995	261.7423	0.9411193	0.399657	0.276634	0.248896	0.074812	1.895435	1.576235
25854	-3966.67	-4227.926	261.257	1.50596	0.469077	0.150988	0.292129	0.0878067	1.851224	1.576235
25860	-3957.401	-4218.434	261.0322	1.48269	0.519962	0.0751404	0.311322	0.0935755	1.912855	1.708015
25866	-3961.588	-4222.375	260.7877	1.483911	0.57816	0.0139317	0.270516	0.137392	1.7421	1.992052
25872	-3956.214	-4217.102	260.8879	0.9113081	0.404241	0.113892	0.406913	0.0749539	1.742651	2.279478
25878	-3945.178	-4206.268	261.0894	0.9890158	0.545378	0.153657	0.210956	0.0900086	1.643293	2.162775
25884	-3946.816	-4207.352	260.5368	1.321612	0.533692	0.152597	0.224323	0.0893876	1.681386	2.28947
25890	-3950.271	-4211.374	261.1034	0.9329335	0.395269	0.212354	0.306165	0.0862121	1.584373	2.228554
25896	-3956.305	-4216.731	260.4257	1.030133	0.350892	0.262929	0.327919	0.0582599	1.643368	2.558001
25902	-3967.247	-4228.246	260.9986	0.9326437	0.449475	0.336799	0.131271	0.0824554	1.709452	2.215638
25908	-3972.138	-4233.41	261.2721	0.7668223	0.610431	0.228292	0.12192	0.0393563	1.612575	2.212662
25914	-3952.086	-4213.349	261.263	0.7668223	0.429698	0.323692	0.220367	0.0262438	1.627381	2.208938
25920	-3957.573	-4218.749	261.1761	0.9304379	0.461107	0.347352	0.144967	0.0465738	1.651908	2.13924
25926	-3949.78	-4210.557	260.7766	1.084862	0.45471	0.162729	0.302488	0.0800727	1.716512	2.256257
25932	-3952.39	-4215.077	262.6863	0.3680931	0.376292	0.321368	0.244172	0.0581686	2.182054	1.044069
25938	-3944.707	-4206.879	262.1716	0.7546484	0.286601	0.339675	0.328388	0.0453359	2.232785	1.117821
25944	-3946.929	-4209.055	262.1264	0.8106038	0.385827	0.261943	0.253239	0.0989909	2.16427	1.166643
25950	-3940.281	-4202.657	262.3764	0.5997279	0.246873	0.307055	0.320708	0.125364	2.217612	1.094208
25956	-3940.027	-4202.493	262.4655	0.5958907	0.402371	0.243658	0.254491	0.0994802	2.322604	0.9032881
25962	-3947.707	-4210.085	262.3786	0.7120106	0.442144	0.298481	0.137511	0.121864	2.304158	0.883544
25968	-3956.625	-4219.094	262.4696	0.6881069	0.377826	0.255061	0.289725	0.0773875	2.182691	0.9451434
25974	-3974.11	-4236.187	262.0766	0.9180768	0.357189	0.345724	0.221998	0.0750884	2.074911	1.190903
25980	-3964.034	-4226.408	262.3739	0.6117408	0.195896	0.388464	0.306169	0.109472	2.059841	1.224104
25986	-3971.045	-4233.183	262.1387	0.8283445	0.444982	0.350885	0.156296	0.0478369	2.048647	1.239178
25992	-3956.862	-4218.883	262.0205	0.9813807	0.382022	0.28405	0.295204	0.0387252	2.010038	1.239178
25998	-3949.29	-4211.635	262.345	0.6257758	0.378425	0.307544	0.267922	0.0461089	1.991452	1.29261
26004	-3958.956	-4221.127	262.1714	0.7193862	0.439693	0.206278	0.311299	0.0427295	2.019003	1.330532
26010	-3975.264	-4236.838	261.5735	0.7366543	0.336517	0.406946	0.203238	0.0532996	1.799562	1.911082
26016	-3961.503	-4223.281	261.7788	0.7712385	0.417201	0.199345	0.317375	0.066079	1.752035	1.777813
26022	-3957.48	-4219.72	262.2403	0.5320452	0.298933	0.325006	0.260775	0.115286	1.893335	1.525679
26028	-3950.275	-4212.408	262.1335	0.6556254	0.174081	0.517265	0.152479	0.156175	1.985649	1.439193
26034	-3970.106	-4232.091	261.9849	0.7158104	0.421523	0.256128	0.159244	0.163104	1.769592	1.661431
26040	-3975.437	-4236.829	261.3924	0.9400333	0.295168	0.428638	0.165191	0.111003	1.866379	1.844943
26046	-3955.073	-4216.684	261.6108	1.004448	0.329017	0.0538222	0.489888	0.127273	2.002982	1.546951
26052	-3937.659	-4199.393	261.7343	1.004448	0.441836	0.0443672	0.419423	0.0943742	1.911024	1.523541
26058	-3964.112	-4225.667	261.5559	1.028332	0.485354	0.0618712	0.350594	0.102181	2.006505	1.56727
26064	-3972.312	-4233.323	261.0107	0.6213804	0.254702	0.372102	0.248034	0.125163	1.675034	2.437407
26070	-3971.356	-4232.629	261.2735	0.9536991	0.334489	0.333138	0.17126	0.161113	1.649822	2.061161
26076	-3972.987	-4234.259	261.2716	0.9536991	0.407027	0.135167	0.261754	0.196053	1.688797	2.036686
26082	-3968.872	-4230.356	261.4842	0.9749231	0.426263	0.0809093	0.291502	0.201326	1.831685	1.781185
26088	-3959.442	-4220.896	261.4539	1.005357	0.343128	0.286121	0.23465	0.136101	1.724172	1.855147
26094	-3960.086	-4221.238	261.1521	0.8274282	0.315631	0.399061	0.177166	0.108141	1.588209	2.264673
26100	-3948.003	-4209.038	261.0348	1.017811	0.413667	0.200764	0.316443	0.0691256	1.658814	2.169425
26106	-3956.111	-4217.119	261.0082	1.352441	0.462462	0.106488	0.35377	0.0772795	1.857375	1.843467
26112	-3970.193	-4231.346	261.1527	1.071289	0.46077	0.125541	0.24064	0.173049	1.767676	1.985298
26118	-3975.182	-4236.483	261.3009	0.7921941	0.202567	0.325059	0.303511	0.168863	1.805664	2.050219
26124	-3965.69	-4227.532	261.8422	0.8879191	0.252358	0.250346	0.390333	0.106963	1.95872	1.495571
26130	-3958.651	-4220.626	261.975	0.7870313	0.341278	0.271603	0.370929	0.0161905	1.984985	1.45466
26136	-3949.524	-4211.318	261.7947	0.872034	0.38565	0.239275	0.359388	0.0156868	1.922601	1.569801
26142	-3966.826	-4229.231	262.405	0.4899699	0.391096	0.242654	0.363463	0.00278732	1.897894	1.429686
26148	-3958.468	-4220.625	262.1573	0.6929618	0.360109	0.303815	0.334665	0.00141139	1.808433	1.525084
26154	-3956.729	-4218.729	261.9996	0.6929618	0.3082	0.3807	0.309892	0.00120795	1.86269	1.60117
26160	-3945.776	-4208.187	262.4114	0.4324539	0.308619	0.325228	0.364125	0.00202882	2.040205	1.356355
26166	-3956.008	-4217.899	261.8906	0.90334	0.290221	0.334371	0.374361	0.00104662	1.975721	1.43393
26172	-3948.701	-4210.826	262.1249	0.7793791	0.581103	0.168446	0.244743	0.0057083	1.975721	1.351593
26178	-3948.909	-4211.037	262.1276	0.7793791	0.254949	0.456723	0.267483	0.0208455	1.981193	1.345134
26184	-3955.864	-4217.925	262.0614	0.7518724	0.6254	0.0860589	0.26768	0.0208609	2.052652	1.363943
26190	-3955.182	-4216.929	261.7463	1.132989	0.57933	0.0776948	0.311719	0.0312559	2.029841	1.325421
26196	-3946.239	-4208.115	261.8753	0.9818881	0.365755	0.296531	0.317761	0.0199535	2.036809	1.335642
26202	-3954.324	-4216.072	261.748	1.320194	0.519774	0.0820907	0.390428	0.00770758	2.023284	1.183735
26208	-3951.629	-4213.694	262.0652	0.8953129	0.316479	0.246958	0.429529	0.00703389	2.05931	1.23374
26214	-3949.19	-4211.547	262.3565	0.6716234	0.178836	0.465488	0.350776	0.00490007	2.029791	1.210642
26220	-3948.896	-4211.084	262.1878	0.7365238	0.325113	0.318531	0.354025	0.00233067	2.161249	1.183625
26226	-3939.546	-4201.822	262.2762	0.7365238	0.310975	0.327013	0.349603	0.0124089	2.145922	1.119089
26232	-3952.388	-4214.829	262.4408	0.6198481	0.466957	0.201114	0.285848	0.0460808	2.133633	1.092707
26238	-3948.159	-4210.323	262.164	0.6205757	0.341604	0.451395	0.178264	0.0287374	1.977766	1.450194
26244	-3948.396	-4210.386	261.9901	0.7398226	0.311095	0.23236	0.431063	0.0254824	1.998413	1.470753
26250	-3951.626	-4213.484	261.8576	0.7398226	0.483697	0.23549	0.243436	0.0373764	1.998413	1.569505
26256	-3948.204	-4210.114	261.9099	0.7460355	0.411761	0.163912	0.411783	0.0125443	1.956109	1.557358
26262	-3960.637	-4222.753	262.1166	0.8067828	0.36903	0.146902	0.36905	0.115018	1.953954	1.352677
26268	-3960.099	-4221.595	261.4958	1.268493	0.449632	0.178987	0.288245	0.0831357	1.937345	1.49236
26274	-3963.571	-4225.708	262.1368	0.7640768	0.422007	0.206737	0.270535	0.100721	2.09145	1.261233
26280	-3947.472	-4209.502	262.0297	0.4866817	0.416807	0.321015	0.195598	0.066579	1.812074	1.768127
26286	-3934.328	-4195.618	261.2898	0.9741785	0.361062	0.278082	0.323199	0.037657	1.778717	1.950711
26292	-3952.277	-4213.514	261.2375	0.8725718	0.480198	0.229623	0.239849	0.05033	1.735548	2.0831
26298	-3948.843	-4209.691	260.8478	0.9869051	0.449241	0.284224	0.1868	0.0797346	1.674816	2.299488
26304	-3947.107	-4208.344	261.2366	0.801629	0.489138	0.150526	0.318797	0.0415383	1.735058	2.132388
26310	-3937.808	-4198.797	260.9889	0.9395014	0.422556	0.259084	0.275402	0.0429583	1.780933	2.171132
26316	-3943.702	-4204.585	260.883	0.9395014	0.420404	0.257765	0.273999	0.0478323	1.704929	2.288355
26322	-3937.366	-4198.845	261.4792	0.7671077	0.381996	0.451396	0.126375	0.0402334	1.77351	1.970563
26328	-3947.112	-4208.864	261.7513	0.7183542	0.403105	0.379512	0.181112	0.0362721	1.814665	1.792235
26334	-3963.491	-4225.171	261.6799	0.7623589	0.27547	0.209798	0.453512	0.0612195	1.823203	1.803548
26340	-3964.277	-4225.508	261.2308	1.1117	0.326735	0.350285	0.289129	0.0338512	1.832273	1.862301
26346	-3952.919	-4214.515	261.596	1.065477	0.482095	0.108413	0.326117	0.0833756	1.837924	1.634042
26352	-3956.634	-4218.445	261.8103	0.7061107	0.488949	0.0533142	0.364538	0.0931986	1.790383	1.777144
26358	-3957.248	-4219.064	261.8159	0.9213407	0.528054	0.07697	0.328434	0.0665422	1.892011	1.539351
26364	-3956.439	-4218.359	261.9206	0.8929392	0.585394	0.0640038	0.273107	0.0774961	1.845154	1.51804
26370	-3953.982	-4214.698	260.7165	1.498108	0.614592	0.0687641	0.281744	0.0348998	1.785797	2.00215
26376	-3964.245	-4225.657	261.4115	0.9090753	0.514037	0.0268879	0.331546	0.127529	1.674071	1.983572
26382	-3982.077	-4243.534	261.4567	1.029058	0.357217	0.194307	0.333131	0.115344	1.831404	1.762834
26388	-3977.387	-4239.209	261.8223	0.7898234	0.417756	0.177171	0.303751	0.101322	1.879553	1.64316
26394	-3961.771	-4223.522	261.7509	0.7150358	0.441677	0.15452	0.296942	0.10686	1.679611	1.887655
26400	-3966.838	-4227.654	260.8164	0.8984409	0.486603	0.329974	0.112176	0.0712468	1.564369	2.446276
26406	-3961.899	-4222.779	260.8796	0.7923404	0.437718	0.296824	0.201369	0.0640892	1.648546	2.422865
26412	-3958.666	-4219.54	260.8747	0.759257	0.480634	0.274976	0.186547	0.0578424	1.579705	2.491
26418	-3964.911	-4225.593	260.6818	0.9188294	0.367153	0.292069	0.301514	0.0392646	1.606774	2.491
26424	-3973.085	-4233.069	259.9832	0.8120714	0.437953	0.121707	0.334703	0.105637	1.545094	3.023145
26430	-3953.294	-4214.27	260.9764	0.9205107	0.473804	0.213037	0.200224	0.112935	1.634319	2.286123
26436	-3951.325	-4212.451	261.1268	0.735368	0.425583	0.245065	0.227911	0.101441	1.634799	2.31291
26442	-3972.21	-4234.052	261.8418	1.029344	0.577421	0.108544	0.241195	0.0728397	2.07442	1.294082
26448	-3972.268	-4234.362	262.0943	0.7371175	0.41987	0.187867	0.301278	0.0909846	1.939417	1.438515
26454	-3952.556	-4214.706	262.1491	0.6964971	0.301779	0.516511	0.144486	0.0372238	2.066974	1.329336
26460	-3937.171	-4199.28	262.1092	0.7562209	0.461275	0.334723	0.172078	0.0319237	1.903846	1.438904
26466	-3936.086	-4198.381	262.295	0.7052771	0.545922	0.21264	0.203656	0.037782	2.022913	1.23836
26472	-3948.405	-4210.207	261.8025	0.813471	0.528417	0.113517	0.284375	0.0736917	1.933828	1.600318
26478	-3951.581	-4213.304	261.723	0.824043	0.536635	0.115282	0.288797	0.0592857	1.874825	1.691872
26484	-3939.295	-4201.162	261.8672	0.8723076	0.514099	0.143667	0.314167	0.028067	1.920065	1.517836
26490	-3951.032	-4212.839	261.807	0.9528016	0.434383	0.146636	0.32066	0.0983211	1.927008	1.496079
26496	-3957.123	-4219.115	261.9921	0.8637974	0.535839	0.170159	0.239597	0.0544044	1.967275	1.393451
26502	-3960.145	-4222.452	262.3077	0.6508151	0.388311	0.200595	0.388688	0.0224066	1.996293	1.297485
26508	-3950.527	-4212.549	262.0221	0.7745882	0.440244	0.184198	0.356917	0.0186411	1.980652	1.431928
26514	-3960.934	-4223.05	262.116	0.7625664	0.306719	0.215945	0.460171	0.0171643	1.992533	1.359351
26520	-3953.943	-4215.93	261.987	0.7625664	0.339206	0.334942	0.322635	0.00321779	2.013566	1.443288
26526	-3953.082	-4215.018	261.9363	0.805035	0.270107	0.509285	0.21393	0.0066782	2.036916	1.430076
26532	-3962.68	-4225.019	262.3386	0.5247629	0.354476	0.317853	0.314189	0.0134827	2.036916	1.345669
26538	-3939.842	-4201.928	262.0856	0.6740225	0.202721	0.321346	0.438129	0.0378046	1.918215	1.511624
26544	-3947.168	-4209.503	262.3351	0.6532604	0.345784	0.400467	0.21962	0.0341292	1.94039	1.318453
26550	-3945.374	-4207.634	262.26	0.6751943	0.23376	0.405298	0.31893	0.0420115	1.9997	1.312392
26556	-3952.101	-4214.546	262.4444	0.6351676	0.256053	0.285428	0.401882	0.0566375	2.08245	1.121352
26562	-3955.515	-4217.554	262.0389	0.7692114	0.241637	0.506594	0.147092	0.104678	2.084682	1.341849
26568	-3943.12	-4205.463	262.343	0.5908779	0.159856	0.562663	0.129523	0.147958	2.077288	1.25374
26574	-3952.537	-4214.769	262.2321	0.717315	0.382125	0.314285	0.106079	0.19751	2.095087	1.219798
26580	-3952.745	-4214.81	262.0658	0.8754793	0.334825	0.222178	0.269935	0.173062	2.09564	1.219798
26586	-3945.481	-4207.523	262.0417	0.8849583	0.376303	0.249702	0.303375	0.0706206	2.172396	1.166047
26592	-3946.844	-4209.141	262.2976	0.6481193	0.326277	0.349447	0.263044	0.0612322	2.033334	1.277738
26598	-3936.998	-4199.113	262.1155	0.6481193	0.366929	0.305436	0.295818	0.031817	1.92756	1.502804
26604	-3935.412	-4197.147	261.7342	0.917565	0.379208	0.315657	0.267971	0.0371641	1.851301	1.631576
26610	-3946.191	-4207.297	261.1062	0.8910942	0.351268	0.371661	0.230902	0.0461687	1.705564	2.176009
26616	-3939.855	-4201.215	261.36	0.7010041	0.298844	0.492964	0.196442	0.0117494	1.686405	2.152831
26622	-3946.276	-4208.034	261.758	0.514363	0.361801	0.332703	0.237826	0.067669	1.762343	1.968768
26628	-3954.817	-4216.886	262.0692	0.4177838	0.37436	0.353637	0.265192	0.00681196	1.848859	1.759952
26634	-3963.764	-4226.122	262.358	0.4078828	0.178486	0.539661	0.274569	0.00728447	1.812684	1.585799
26640	-3960.007	-4222.378	262.3717	0.4956216	0.266673	0.34228	0.382381	0.00866551	1.971588	1.394097
26646	-3962.517	-4224.589	262.0718	0.644246	0.241512	0.404337	0.346303	0.00784792	1.917886	1.545587
26652	-3958.59	-4219.131	260.5415	0.7628121	0.511547	0.171021	0.289393	0.0280393	1.529849	2.725652
26658	-3962.2	-4223.531	261.3302	0.988736	0.453356	0.236228	0.234148	0.0762687	1.682586	1.978242
26664	-3958.063	-4219.288	261.2254	0.8776329	0.473758	0.100062	0.374839	0.0513413	1.827795	2.026667
26670	-3953.232	-4215.049	261.8166	0.7859058	0.386841	0.271379	0.30607	0.03571	1.929122	1.614489
26676	-3966.535	-4228.544	262.0082	0.711417	0.485981	0.287411	0.155025	0.0715834	1.92249	1.53661
26682	-3956.161	-4217.885	261.7237	0.8140162	0.485981	0.287411	0.155025	0.0715834	1.914933	1.670289
26688	-3969.832	-4231.249	261.4175	0.8476885	0.340359	0.248388	0.349389	0.0618642	1.84127	1.909647
26694	-3962.548	-4223.976	261.4278	0.854263	0.340025	0.408318	0.158198	0.0934599	1.830528	1.905313
26700	-3953.07	-4214.58	261.5103	0.8428512	0.474568	0.291414	0.155763	0.0782548	1.918689	1.796544
26706	-3946.901	-4208.582	261.681	0.8428512	0.390347	0.192058	0.367234	0.0503613	1.876598	1.706487
26712	-3949.658	-4211.627	261.9697	0.6704858	0.4526	0.172447	0.329734	0.0452188	1.830573	1.66298
26718	-3936.554	-4198.5	261.9459	0.7484239	0.41852	0.23476	0.304906	0.0418139	1.856236	1.602196
26724	-3936.205	-4198.296	262.0908	0.6127031	0.362559	0.34569	0.238359	0.0533927	1.963701	1.522192
26730	-3934.838	-4196.764	261.9257	0.790106	0.281922	0.357387	0.299469	0.0612218	1.881641	1.566328
26736	-3946.641	-4208.673	262.0318	0.6335185	0.297363	0.376961	0.236321	0.0893554	1.986005	1.533159
26742	-3948.048	-4209.906	261.8574	1.004481	0.312786	0.396513	0.248578	0.042123	2.048157	1.322735
26748	-3941.761	-4203.709	261.9475	0.9153009	0.328298	0.242828	0.38435	0.0445229	2.048157	1.322735
26754	-3956.989	-4219.093	262.1038	0.8648629	0.400278	0.376813	0.206782	0.0161267	2.152055	1.147583
26760	-3958.614	-4220.229	261.615	1.069761	0.447028	0.292744	0.161368	0.0988605	1.813568	1.634858
26766	-3947.4	-4208.464	261.0645	1.324777	0.507847	0.196521	0.183322	0.112311	1.773842	1.879192
26772	-3957.793	-4219.623	261.8298	0.7561308	0.51508	0.187053	0.206783	0.0910848	1.818169	1.706841
26778	-3960.374	-4221.677	261.3028	1.187064	0.489908	0.24251	0.172051	0.095532	1.803091	1.783027
26784	-3960.277	-4221.9	261.6226	0.9076588	0.555688	0.0783296	0.257623	0.108359	1.758901	1.783027
26790	-3955.1	-4216.788	261.6876	0.9108532	0.325299	0.171299	0.493391	0.010011	1.733409	1.753217
26796	-3954.961	-4217.027	262.0659	0.5331752	0.329438	0.326198	0.317717	0.0266468	1.772613	1.737749
26802	-3958.443	-4220.166	261.7234	1.395301	0.545025	0.0224389	0.363776	0.0687597	1.985506	1.179248
26808	-3957.235	-4219.161	261.9265	0.9921283	0.505359	0.129943	0.318096	0.0466019	1.962943	1.345522
26814	-3954.05	-4215.574	261.5245	1.243583	0.492368	0.114794	0.369897	0.0229402	1.930283	1.493459
26820	-3945.414	-4207.477	262.0627	0.9649966	0.392572	0.320186	0.268951	0.0182906	2.054093	1.179741
26826	-3949.652	-4211.666	262.0141	0.9649966	0.39132	0.297325	0.295988	0.0153675	2.012152	1.256526
26832	-3969.896	-4232.056	262.1599	0.9126737	0.41775	0.442392	0.116992	0.0228654	2.031959	1.16059
26838	-3956.425	-4218.375	261.9497	0.9698205	0.534723	0.252358	0.181252	0.0316673	2.116091	1.219256
26844	-3955.422	-4217.329	261.9073	0.8558612	0.342356	0.284329	0.34367	0.0296443	1.890644	1.522584
26850	-3934.571	-4196.307	261.7367	0.9939935	0.466606	0.105121	0.357776	0.0704971	1.932011	1.513866
26856	-3939.696	-4201.779	262.0827	0.7323356	0.365428	0.243228	0.286775	0.104569	1.968554	1.428937
26862	-3953.9	-4216.025	262.125	0.6254042	0.424843	0.217606	0.297051	0.0605005	1.857604	1.56547
26868	-3958.471	-4220.362	261.8917	0.8002786	0.44785	0.22939	0.313138	0.00962287	1.788546	1.650822
26874	-3961.471	-4223.056	261.5843	0.791915	0.473564	0.182264	0.331117	0.0130552	1.908446	1.789216
26880	-3957.664	-4219.066	261.4024	0.7507646	0.16539	0.483602	0.337693	0.0133145	1.763312	2.03995
26886	-3955.718	-4218.019	262.3005	0.3751517	0.136103	0.575047	0.277894	0.0109567	1.822132	1.640054
26892	-3957.831	-4220.085	262.2534	0.4230265	0.148159	0.565946	0.275112	0.0107833	1.939395	1.559905
26898	-3946.959	-4209.36	262.4012	0.4230265	0.182411	0.472199	0.344239	0.00114999	1.972154	1.424055
26904	-3972.731	-4234.079	261.3476	0.9647033	0.413325	0.178139	0.388078	0.0204574	1.847175	1.871664
26910	-3967.065	-4228.96	261.8953	0.7394248	0.295112	0.430957	0.272737	0.00119434	1.986175	1.551066
26916	-3962.811	-4224.814	262.0032	0.6358927	0.267382	0.390463	0.341714	0.000440995	1.922701	1.598796
26922	-3974.83	-4236.985	262.1555	0.6073925	0.245284	0.400337	0.354181	0.000198029	1.881079	1.539625
26928	-3974.358	-4236.532	262.1735	0.5670401	0.397203	0.2233	0.379176	0.00032068	2.003946	1.465743
26934	-3956.924	-4218.715	261.7914	0.7883616	0.33147	0.290415	0.363422	0.0146927	1.978274	1.595208
26940	-3970.377	-4232.145	261.7677	0.868764	0.403178	0.136908	0.442043	0.0178713	1.931182	1.585725
26946	-3964.288	-4225.951	261.6635	0.9683923	0.300879	0.314922	0.349566	0.0346338	1.974285	1.555949
26952	-3975.503	-4237.414	261.9113	0.8131758	0.387497	0.262774	0.137948	0.211781	1.955915	1.504038
26958	-3953.633	-4215.582	261.9494	0.8131758	0.369574	0.393579	0.131567	0.10528	1.917781	1.504038
26964	-3953.887	-4215.704	261.8167	0.8118294	0.324262	0.338301	0.280505	0.0569317	1.971091	1.56397
26970	-3950.046	-4212.076	262.0301	0.7800936	0.231978	0.318578	0.304456	0.144988	1.955065	1.440969
26976	-3967.674	-4229.596	261.9216	0.7537172	0.53825	0.193224	0.181872	0.0866542	1.987874	1.519124
26982	-3961.892	-4223.548	261.6563	0.896202	0.379405	0.303435	0.204345	0.112814	1.865902	1.692505
26988	-3956.964	-4218.56	261.5962	0.7922875	0.383903	0.303986	0.250018	0.062093	1.864379	1.811207
26994	-3953.86	-4215.753	261.8929	0.6657458	0.421286	0.282792	0.275393	0.0205286	1.782652	1.754754
27000	-3962.281	-4223.668	261.387	0.7852862	0.315979	0.352162	0.25767	0.0741896	1.783745	2.012519
27006	-3965.721	-4226.96	261.2392	0.9062806	0.34021	0.291119	0.288792	0.0798789	1.805845	2.012519
27012	-3968.984	-4230.823	261.8386	0.7307011	0.389079	0.151429	0.330275	0.129216	1.789579	1.73973
27018	-3958.353	-4220.004	261.6511	0.8105721	0.409622	0.340704	0.163116	0.0865577	1.803834	1.801877
27024	-3957.385	-4218.864	261.4784	0.8076952	0.499646	0.162957	0.240618	0.0967791	1.882503	1.868571
27030	-3969.526	-4231.107	261.5815	0.5409552	0.227075	0.425699	0.262466	0.0847599	1.793925	2.047298
27036	-3956.671	-4218.073	261.402	0.7420169	0.329789	0.276197	0.317608	0.0764055	1.830484	2.001752
27042	-3955.668	-4216.379	260.7115	0.827617	0.260257	0.428802	0.250645	0.0602964	1.6776	2.486991
27048	-3961.648	-4222.673	261.025	0.7556552	0.267745	0.441138	0.229087	0.0620311	1.72591	2.306065
27054	-3953.819	-4215.216	261.3974	0.8051476	0.292607	0.402709	0.223852	0.0808321	1.88363	1.924617
27060	-3955.278	-4217.526	262.2477	0.6967056	0.32367	0.333575	0.325739	0.0170159	2.17062	1.159945
27066	-3952.852	-4215.083	262.2305	0.7390737	0.459152	0.244573	0.275527	0.0207485	2.199399	1.10951
27072	-3962.251	-4224.84	262.5895	0.390186	0.322424	0.376415	0.281965	0.0191953	2.283276	1.022977
27078	-3959.362	-4221.926	262.5641	0.5295542	0.179413	0.450968	0.292936	0.076684	2.265494	0.9331345
27084	-3939.164	-4201.325	262.1605	0.633605	0.249471	0.395455	0.287042	0.0680319	1.934949	1.474907
27090	-3949.362	-4211.468	262.1068	0.5426094	0.279512	0.239688	0.319858	0.160941	1.833342	1.658849
27096	-3944.675	-4206.182	261.5079	0.6986471	0.406697	0.203436	0.335633	0.054235	1.831478	1.960963
27102	-3955.828	-4217.304	261.4758	0.6720585	0.34285	0.301438	0.326375	0.0293377	1.852199	1.987421
27108	-3957.342	-4218.954	261.612	0.823841	0.243693	0.422188	0.319505	0.014615	2.065355	1.635159
27114	-3950.695	-4212.571	261.8761	0.6999457	0.438151	0.153309	0.375232	0.0333075	1.931794	1.635159
27120	-3944.26	-4206.245	261.9854	0.6999457	0.326871	0.306365	0.35353	0.0132336	1.993414	1.509791
27126	-3937.923	-4199.772	261.849	0.6999457	0.383605	0.314648	0.290859	0.0108877	1.927663	1.657542
27132	-3952.918	-4214.602	261.6844	0.6999457	0.297352	0.408811	0.241415	0.0524231	1.858574	1.821628
27138	-3948.917	-4210.811	261.8941	0.6323168	0.323106	0.381285	0.172443	0.123165	1.862761	1.722457
27144	-3954.261	-4216.092	261.8311	0.7249604	0.248072	0.29274	0.394841	0.0643468	1.819687	1.728131
27150	-3941.389	-4203.215	261.8259	0.9208555	0.475962	0.210825	0.240185	0.0730283	1.976188	1.469245
27156	-3955.214	-4216.713	261.4986	0.9208555	0.393872	0.355755	0.207967	0.0424071	1.803271	1.828764
27162	-3943.296	-4204.541	261.245	0.9555066	0.33518	0.294133	0.319853	0.0508335	1.752945	2.010503
27168	-3965.103	-4226.579	261.4755	0.8001492	0.417468	0.10876	0.398378	0.0753941	1.789956	1.938621
27174	-3963.227	-4225.103	261.8759	0.6285513	0.528659	0.344504	0.0313612	0.095475	1.89463	1.715645
27180	-3954.089	-4215.538	261.4489	0.9014059	0.590606	0.1936	0.0957693	0.120025	1.823455	1.862662
27186	-3948.69	-4210.062	261.3721	0.8329732	0.338843	0.484861	0.0948527	0.0814423	1.837594	1.95307
27192	-3957.872	-4219.501	261.6281	0.6874111	0.170966	0.487231	0.306698	0.0351051	1.873575	1.859046
27198	-3954.885	-4216.267	261.3827	0.6641457	0.202085	0.393898	0.362522	0.0414949	1.642166	2.192187
27204	-3947.258	-4207.776	260.5177	1.153725	0.435889	0.286493	0.263673	0.0139443	1.61752	2.441346
27210	-3945.254	-4205.367	260.1125	1.208998	0.366575	0.0849571	0.417372	0.131096	1.563	2.694305
27216	-3948.062	-4208	259.9382	1.030117	0.4753	0.0648684	0.246511	0.213321	1.525952	2.927964
27222	-3959.566	-4219.972	260.406	0.8892649	0.519165	0.233538	0.168713	0.0785838	1.591225	2.690331
27228	-3953.376	-4213.386	260.0094	1.136605	0.404691	0.25102	0.231284	0.113005	1.591225	2.782248
27234	-3961.992	-4223.154	261.1622	0.5536565	0.258098	0.402625	0.227918	0.11136	1.710554	2.363969
27240	-3963.083	-4223.576	260.4937	0.7165117	0.200201	0.365946	0.416948	0.0169043	1.55696	2.768246
27246	-3953.754	-4215.233	261.4797	0.462616	0.26761	0.550688	0.168638	0.0130639	1.746954	2.195613
27252	-3941.704	-4203.102	261.3977	0.677642	0.192713	0.396566	0.401313	0.0094077	1.761222	2.095455
27258	-3953.819	-4215.356	261.5368	0.5032084	0.19071	0.401413	0.397141	0.0107364	1.77994	2.11109
27264	-3961.296	-4223.143	261.8467	0.706868	0.314927	0.482032	0.185434	0.0176073	1.790663	1.750988
27270	-3978.943	-4241.315	262.3718	0.6520496	0.246477	0.410348	0.312823	0.0303521	2.07435	1.176972
27276	-3969.587	-4231.785	262.1973	0.7378289	0.203897	0.57828	0.17505	0.0427735	2.123226	1.206933
27282	-3967.768	-4229.97	262.2013	0.6781648	0.483454	0.260896	0.217905	0.0377452	2.155849	1.229448
27288	-3958.199	-4220.459	262.2601	0.7180078	0.278211	0.440822	0.236734	0.0442329	2.054387	1.229876
27294	-3955.13	-4217.443	262.3124	0.6230383	0.30965	0.353007	0.295022	0.0423211	2.206221	1.14019
27300	-3951.932	-4214.27	262.3386	0.6348752	0.315832	0.360053	0.300911	0.0232045	2.229047	1.084311
27306	-3940.28	-4202.616	262.3357	0.6156666	0.33255	0.208045	0.425386	0.0340181	2.229047	1.105678
27312	-3940.995	-4203.525	262.5309	0.4368376	0.278957	0.336501	0.364201	0.0203414	2.141769	1.16986
27318	-3951.522	-4214.043	262.5206	0.5269047	0.187549	0.387242	0.419119	0.006091	2.075717	1.159937
27324	-3953.873	-4216.252	262.3787	0.5508919	0.214878	0.396959	0.382603	0.00556032	2.121369	1.221728
27330	-3942.062	-4204.349	262.2866	0.5667698	0.258272	0.533713	0.186714	0.0213008	2.101423	1.300897
27336	-3942.324	-4204.635	262.3115	0.6205559	0.243571	0.49715	0.206263	0.0530163	2.101423	1.233807
27342	-3927.058	-4189.373	262.3149	0.665842	0.205551	0.439832	0.319257	0.0353599	2.087428	1.202172
27348	-3952.09	-4214.437	262.3464	0.665842	0.272661	0.378201	0.274521	0.0746168	2.267321	1.008811
27354	-3947.192	-4209.792	262.5994	0.564295	0.305804	0.424174	0.186336	0.0836868	2.316053	0.7875224
27360	-3935.722	-4198.155	262.433	0.564295	0.215111	0.531452	0.188375	0.0650621	2.431686	0.8526746
27366	-3954.361	-4216.589	262.228	0.7612413	0.262173	0.335573	0.345623	0.056631	2.374739	0.9150849
27372	-3934.022	-4196.594	262.5719	0.5770988	0.394629	0.293133	0.264305	0.047933	2.244343	0.8937357
27378	-3935.456	-4197.927	262.4704	0.6237445	0.290073	0.277468	0.388802	0.0436573	2.251554	0.9435253
27384	-3942.256	-4204.567	262.3101	0.6959413	0.177883	0.556918	0.238427	0.0267722	2.194469	1.082862
27390	-3950.613	-4212.971	262.3583	0.6540374	0.255591	0.281272	0.384032	0.0791052	2.153744	1.116682
27396	-3952.697	-4214.766	262.0699	0.9291503	0.327451	0.301222	0.302712	0.0686158	2.216209	1.059484
27402	-3953.618	-4215.289	261.6705	0.7124858	0.302503	0.297771	0.396108	0.00361797	1.735203	1.906301
27408	-3961.972	-4223.033	261.0604	0.8944917	0.308467	0.363952	0.324577	0.00300423	1.660274	2.232672
27414	-3967.651	-4228.819	261.1684	0.7284696	0.300704	0.280614	0.412535	0.00614704	1.649949	2.281334
27420	-3958.167	-4220.688	262.5218	0.5743614	0.285108	0.346838	0.315526	0.0525279	2.049544	1.138724
27426	-3958.085	-4220.343	262.2583	0.6334201	0.236744	0.441125	0.282851	0.0392807	1.981434	1.363697
27432	-3947.476	-4209.694	262.2177	0.63254	0.327524	0.271469	0.328014	0.0729929	2.022947	1.363697
27438	-3948.651	-4210.993	262.3415	0.6079963	0.235935	0.456279	0.264474	0.0433117	2.022947	1.285023
27444	-3931.962	-4194.075	262.1129	0.7137687	0.313407	0.277741	0.351318	0.0575337	1.9772	1.414078
27450	-3946.07	-4208.311	262.2408	0.7000661	0.380788	0.26478	0.27129	0.0831423	2.048784	1.2665
27456	-3937.714	-4199.982	262.2679	0.6752869	0.32152	0.346341	0.309503	0.0226367	2.077916	1.241536
27462	-3926.732	-4188.613	261.8809	0.6784034	0.380843	0.149367	0.445758	0.0240324	1.955618	1.63094
27468	-3931.646	-4193.569	261.9227	0.7047431	0.347588	0.204078	0.406835	0.0414982	1.913668	1.610869
27474	-3936.601	-4198.478	261.8768	0.6043552	0.199024	0.416444	0.341748	0.0427839	1.90697	1.72428
27480	-3935.857	-4197.646	261.7886	0.5429416	0.300517	0.358004	0.29379	0.0476892	1.744296	1.94079
27486	-3949.025	-4210.28	261.2556	0.7535978	0.31021	0.285291	0.366496	0.0380031	1.74531	2.146291
27492	-3941.716	-4203.055	261.3389	0.7240958	0.299515	0.275454	0.388338	0.0366928	1.716373	2.131111
27498	-3970.386	-4231.465	261.0795	1.082957	0.388641	0.240407	0.338928	0.0320242	1.77057	2.024528
27504	-3962.679	-4224.065	261.3852	0.7782036	0.364651	0.129836	0.337357	0.168156	1.77487	2.024528
27510	-3949.564	-4211.607	262.0432	0.7569094	0.380475	0.310032	0.236287	0.0732054	1.941339	1.4601
27516	-3950.299	-4212.355	262.0562	0.6547668	0.327558	0.324288	0.229051	0.119103	1.957124	1.51981
27522	-3958.303	-4220.594	262.2914	0.5812102	0.383768	0.414353	0.114563	0.0873158	1.972283	1.387989
27528	-3953.489	-4215.528	262.0385	0.702299	0.436007	0.326307	0.138485	0.0992014	1.858977	1.568183
27534	-3958.271	-4220.354	262.084	0.7592765	0.285992	0.4131	0.17532	0.125588	1.929566	1.436026
27540	-3952.357	-4214.714	262.3569	0.6919459	0.249613	0.249727	0.373583	0.127077	2.001161	1.216388
27546	-3959.152	-4221.447	262.2955	0.7826521	0.363682	0.21269	0.316103	0.107525	2.170315	1.032781
27552	-3942.606	-4204.922	262.3159	0.722182	0.517418	0.248537	0.159161	0.0748851	2.180679	1.064323
27558	-3951.045	-4213.342	262.2967	0.7590587	0.420221	0.167403	0.350835	0.0615414	2.076548	1.141581
27564	-3959.566	-4221.524	261.9576	0.9921672	0.266689	0.211733	0.44374	0.0778383	2.11264	1.196321
27570	-3958.689	-4220.202	261.5128	1.471767	0.450796	0.243042	0.174588	0.131574	2.106994	1.198049
27576	-3954.841	-4216.841	261.9993	0.9137544	0.430036	0.105563	0.404115	0.0602859	2.064495	1.268563
27582	-3954.994	-4217.169	262.1747	0.8219849	0.472247	0.132648	0.300113	0.0949923	1.983976	1.268563
27588	-3951.641	-4213.476	261.8345	1.057074	0.347931	0.171297	0.365183	0.115589	1.988634	1.346971
27594	-3945.763	-4207.704	261.9409	0.7385891	0.314756	0.414239	0.194879	0.0761259	1.944313	1.548945
27600	-3946.922	-4209.126	262.2043	0.7575679	0.458311	0.190312	0.273631	0.0777457	2.142991	1.165868
27606	-3952.204	-4214.39	262.1853	0.712742	0.189567	0.399472	0.33098	0.0799819	2.130673	1.23331
27612	-3941.627	-4204.046	262.419	0.6064177	0.300744	0.421653	0.243811	0.0337921	2.130673	1.128079
27618	-3946.36	-4208.665	262.3055	0.7607517	0.225194	0.335623	0.424856	0.014327	2.108658	1.103081
27624	-3953.984	-4216.241	262.2566	0.6981697	0.17188	0.453448	0.359005	0.0156665	2.179641	1.142745
27630	-3947.513	-4210.021	262.5081	0.5370704	0.163751	0.432002	0.342025	0.0622219	2.190391	1.057351
27636	-3931.339	-4193.72	262.3811	0.5370704	0.163751	0.432002	0.342025	0.0622219	2.197905	1.16601
27642	-3940.551	-4202.873	262.3215	0.6183927	0.294915	0.238388	0.433898	0.0327997	2.172828	1.16601
27648	-3940.552	-4202.85	262.2985	0.7191878	0.29934	0.241965	0.440409	0.0182852	2.172828	1.090839
27654	-3952.232	-4214.414	262.1822	0.7191878	0.285969	0.252765	0.400684	0.060581	2.128933	1.231645
27660	-3964.093	-4224.186	260.0935	1.036185	0.404405	0.111916	0.422767	0.0609121	1.594832	2.788457
27666	-3957.277	-4218.097	260.8202	0.715255	0.289271	0.481083	0.154304	0.0753421	1.589721	2.54775
27672	-3957.038	-4217.634	260.5959	0.8756086	0.440249	0.304403	0.169676	0.0856715	1.700793	2.513614
27678	-3955.574	-4216.235	260.6602	0.7555931	0.447526	0.276462	0.207449	0.0685632	1.657156	2.578784
27684	-3958.389	-4218.481	260.0917	1.032647	0.532415	0.182637	0.203648	0.0813005	1.577124	2.802492
27690	-3953.154	-4213.325	260.1704	1.126683	0.442967	0.151953	0.337438	0.0676417	1.575784	2.699018
27696	-3956.586	-4216.89	260.3046	1.003935	0.322572	0.410394	0.198138	0.0688954	1.682253	2.625081
27702	-3949.586	-4210.609	261.0232	0.9792661	0.29205	0.418992	0.233722	0.0552364	1.770784	2.129202
27708	-3953.042	-4214.499	261.457	0.6382248	0.187142	0.548049	0.248864	0.0159456	1.672743	2.141854
27714	-3950.085	-4211.433	261.3481	0.517658	0.159762	0.548359	0.249004	0.0428752	1.675102	2.291615
27720	-3938.148	-4199.372	261.2242	0.8666868	0.272511	0.410071	0.231668	0.0857511	1.743997	2.090288
27726	-3956.172	-4217.331	261.1594	0.8332251	0.295629	0.243253	0.393862	0.0672557	1.722286	2.169485
27732	-3968.917	-4229.957	261.0402	1.595859	0.489646	0.0196941	0.332117	0.158542	2.000243	1.569943
27738	-3946.978	-4208.32	261.3426	1.10259	0.323906	0.1185	0.440136	0.117458	1.828337	1.794121
27744	-3949.531	-4211.725	262.1945	0.6243133	0.302205	0.264187	0.340681	0.0929276	2.028885	1.3841
27750	-3947.599	-4209.831	262.2327	0.709321	0.300828	0.262983	0.323799	0.112391	2.06096	1.254985
27756	-3957.993	-4220.297	262.3034	0.709321	0.357908	0.171406	0.301758	0.168928	2.026504	1.224636
27762	-3985.623	-4247.663	262.0392	0.7498313	0.278588	0.249915	0.419004	0.052492	1.9786	1.440416
27768	-3956.956	-4218.749	261.7938	0.7371319	0.316423	0.222682	0.431545	0.0293493	1.835958	1.73386
27774	-3965.309	-4227.091	261.7825	0.6718139	0.302982	0.317915	0.355576	0.0235267	1.812795	1.806051
27780	-3969.402	-4231.38	261.9778	0.7476153	0.457783	0.247309	0.276606	0.0183016	1.796123	1.62328
27786	-3967.47	-4229.615	262.1459	0.6466018	0.340812	0.258163	0.38969	0.0113345	1.927438	1.481257
27792	-3957.119	-4218.897	261.7778	0.94866	0.311077	0.424138	0.243095	0.02169	2.169122	1.334585
27798	-3945.474	-4207.472	261.9983	0.8551244	0.311077	0.424138	0.243095	0.02169	2.235408	1.17591
27804	-3959.768	-4221.971	262.2033	0.7413756	0.433485	0.222876	0.313414	0.0302249	2.081792	1.233806
27810	-3959.954	-4222.131	262.1769	0.8376524	0.377638	0.338375	0.152312	0.131676	2.081792	1.169913
27816	-3946.593	-4208.991	262.398	0.736836	0.305448	0.417	0.187704	0.0898489	2.23478	0.9103713
27822	-3958.663	-4221.178	262.5152	0.7155707	0.251896	0.4101	0.249642	0.0883622	2.053245	1.001473
27828	-3949.763	-4212.062	262.2991	0.7402672	0.24442	0.414198	0.252137	0.0892453	2.022283	1.204013
27834	-3955.871	-4216.573	260.7021	0.9497451	0.439776	0.229036	0.233326	0.0978621	1.604976	2.459683
27840	-3962.805	-4225.053	262.2475	0.6092091	0.191919	0.489811	0.220552	0.0977179	2.026592	1.356697
27846	-3954.823	-4217.056	262.2325	0.6660082	0.491036	0.185797	0.286117	0.0370499	1.95696	1.376107
27852	-3955.025	-4216.788	261.7628	0.9034574	0.416983	0.157777	0.358257	0.0669831	1.809507	1.651452
27858	-3959.852	-4221.685	261.8329	0.7870867	0.462572	0.145439	0.330243	0.0617453	1.868832	1.645307
27864	-3944.273	-4205.847	261.5743	0.9824467	0.434181	0.233091	0.233771	0.0989573	1.926388	1.645307
27870	-3946.007	-4207.798	261.7908	0.8629736	0.44761	0.175925	0.241002	0.135463	1.879594	1.6108
27876	-3945.382	-4207.586	262.2044	0.4750854	0.271643	0.48096	0.158376	0.0890208	1.870114	1.6108
27882	-3952.972	-4214.847	261.8747	0.4036346	0.207333	0.380546	0.286338	0.125784	1.764368	1.959177
27888	-3955.376	-4216.878	261.5022	0.6820125	0.224924	0.435248	0.203372	0.136456	1.655586	2.093173
27894	-3958.654	-4219.907	261.2537	0.9809338	0.464955	0.0786961	0.420403	0.0359463	1.709647	2.016488
27900	-3948.422	-4209.526	261.1046	1.035321	0.47513	0.155525	0.333401	0.0359446	1.766222	2.04183
27906	-3935.872	-4197.335	261.4628	1.057888	0.422087	0.132355	0.28373	0.161828	1.801853	1.7593
27912	-3943.113	-4204.448	261.3346	0.8913539	0.466032	0.146135	0.313271	0.0745625	1.801853	1.961673
27918	-3948.315	-4209.511	261.196	0.8139788	0.426521	0.193137	0.325256	0.0550859	1.746794	2.142787
27924	-3948.341	-4209.081	260.7395	0.9816196	0.51879	0.071886	0.255484	0.15384	1.660646	2.38078
27930	-3947.675	-4208.035	260.3596	1.183666	0.552878	0.0729289	0.205507	0.168687	1.632403	2.513242
27936	-3963.163	-4223.864	260.7007	1.186975	0.442206	0.102267	0.218982	0.236546	1.664575	2.275271
27942	-3964.352	-4224.559	260.2069	1.532351	0.50042	0.0837276	0.254511	0.161341	1.743776	2.341555
27948	-3959.396	-4219.973	260.577	0.9834796	0.441739	0.0739093	0.360501	0.12385	1.7114	2.450006
27954	-3978.297	-4239.096	260.7989	0.9834796	0.459732	0.131348	0.276793	0.132128	1.597206	2.382112
27960	-3977.684	-4238.557	260.8738	0.9254304	0.414261	0.0732458	0.443391	0.0691016	1.742302	2.279488
27966	-3953.891	-4214.994	261.103	0.8563534	0.384912	0.0943682	0.445099	0.0756208	1.755341	2.169088
27972	-3962.685	-4224.159	261.4739	0.8563534	0.570307	0.128858	0.272045	0.0287902	1.774738	1.910406
27978	-3933.772	-4195.209	261.4371	1.046452	0.493429	0.161359	0.288832	0.0563811	1.941678	1.686869
27984	-3937.28	-4198.846	261.5667	0.9240963	0.533742	0.174542	0.230728	0.0609875	1.934958	1.686869
27990	-3940.548	-4202.104	261.556	0.9629476	0.417454	0.252762	0.282085	0.0476999	1.794305	1.765621
27996	-3942.847	-4204.139	261.2924	1.003795	0.328912	0.339796	0.293709	0.0375828	1.897899	1.847877
28002	-3929.553	-4191.153	261.6005	0.8923436	0.446719	0.249641	0.210613	0.093027	1.824777	1.763507
28008	-3945.506	-4206.691	261.185	0.9069974	0.249312	0.20694	0.466634	0.0771147	1.763991	2.075629
28014	-3947.135	-4208.319	261.1834	0.8964611	0.416693	0.162886	0.292099	0.128321	1.803752	2.057562
28020	-3952.969	-4213.848	260.879	0.8790161	0.428684	0.14834	0.340341	0.0826341	1.793709	2.273734
28026	-3948.658	-4209.94	261.2819	0.8769657	0.347648	0.320026	0.256546	0.0757801	1.759889	2.034709
28032	-3944.646	-4206.115	261.4692	0.8952044	0.326353	0.338126	0.240831	0.0946894	1.832097	1.847227
28038	-3953.581	-4215.166	261.5846	0.7477993	0.236961	0.211891	0.458918	0.0922299	1.862796	1.852483
28044	-3955.462	-4217.172	261.7103	0.6540964	0.422101	0.296041	0.226387	0.0554707	1.836312	1.852483
28050	-3953.067	-4214.179	261.1123	0.9101819	0.463847	0.342572	0.178769	0.014812	1.780336	2.110519
28056	-3952.455	-4213.442	260.9867	0.9101819	0.433127	0.385033	0.152569	0.0292715	1.780336	2.192329
28062	-3938.218	-4199.109	260.8911	1.072023	0.313591	0.299005	0.360099	0.0273053	1.766218	2.158213
28068	-3937.938	-4199.036	261.0978	1.021052	0.349904	0.218901	0.365556	0.0656396	1.737768	2.074457
28074	-3934.466	-4195.695	261.2292	1.013965	0.46905	0.141872	0.267326	0.121752	1.810229	1.943451
28080	-3939.029	-4200.061	261.0326	0.9817762	0.464403	0.109886	0.403101	0.0226102	1.765756	2.124656
28086	-3941.276	-4202.4	261.1234	0.967922	0.411669	0.0974076	0.483797	0.00712693	1.710063	2.110831
28092	-3950.341	-4212.565	262.2243	0.7329403	0.395791	0.208034	0.296047	0.100128	2.063598	1.238917
28098	-3976.959	-4239.181	262.2213	0.9283486	0.277191	0.24994	0.413446	0.0594224	2.074332	1.051217
28104	-3953.637	-4215.783	262.1456	0.8089375	0.433311	0.195741	0.32441	0.0465369	2.145582	1.167727
28110	-3948.829	-4211.115	262.2854	0.676435	0.363644	0.249538	0.329071	0.0577469	2.145582	1.167727
28116	-3941.686	-4203.594	261.9079	0.9727162	0.466539	0.26274	0.209191	0.0615299	2.079944	1.281823
28122	-3936.81	-4198.87	262.0591	0.8599136	0.538572	0.135325	0.255073	0.07103	2.093096	1.241183
28128	-3938.883	-4201.097	262.2136	0.7339106	0.43464	0.392704	0.135713	0.0369421	2.07063	1.241183
28134	-3939.221	-4201.501	262.2794	0.7137474	0.253238	0.428861	0.23288	0.0850212	2.064929	1.208373
28140	-3944.301	-4206.548	262.2464	0.7328564	0.270544	0.460297	0.16437	0.104789	2.160519	1.136199
28146	-3963.372	-4225.54	262.1681	0.9501727	0.450007	0.347053	0.123931	0.0790084	2.082266	1.073019
28152	-3959.943	-4222.235	262.2924	0.6681146	0.373005	0.348204	0.213303	0.065489	2.16528	1.151974
28158	-3965.391	-4227.561	262.1696	0.8002981	0.323423	0.289739	0.375926	0.0109125	2.201439	1.104424
28164	-3950.989	-4213.14	262.1508	0.8393885	0.317447	0.284385	0.36898	0.0291886	2.218677	1.06813
28170	-3945.659	-4207.973	262.3142	0.7232796	0.522069	0.190047	0.246579	0.0413051	2.249535	0.9980393
28176	-3946.125	-4208.394	262.2685	0.6630086	0.300688	0.388666	0.248589	0.062057	2.243135	1.108422
28182	-3953.09	-4215.356	262.2653	0.7449227	0.247654	0.43419	0.181677	0.13648	2.277826	0.9957602
28188	-3944.096	-4206.41	262.3139	0.7753592	0.390784	0.287137	0.225002	0.0970773	2.277826	0.9108563
28194	-3947.489	-4209.906	262.4178	0.6918394	0.281711	0.476914	0.1622	0.0791746	2.216186	0.9602425
28200	-3965.552	-4227.988	262.436	0.7543353	0.365355	0.43111	0.177506	0.0260287	2.171573	0.9177977
28206	-3963.474	-4225.718	262.2438	0.8022929	0.289904	0.258602	0.381799	0.0696958	2.241708	0.9929875
28212	-3954.892	-4216.988	262.0954	0.8922317	0.297103	0.265024	0.39128	0.046592	2.230338	1.057759
28218	-3932.462	-4194.432	261.9699	0.7753162	0.407676	0.263696	0.264695	0.0639322	2.084378	1.391424
28224	-3933.298	-4195.363	262.0648	0.7752534	0.273966	0.299873	0.262689	0.163473	2.148841	1.263602
28230	-3943.791	-4205.98	262.1884	0.8317312	0.27359	0.349674	0.186114	0.190622	2.148841	1.105363
28236	-3948.137	-4210.489	262.3518	0.8016139	0.189858	0.51727	0.0922621	0.20061	2.148841	0.9783855
28242	-3949.769	-4212.212	262.4422	0.6589225	0.297755	0.446454	0.226115	0.0296764	1.958748	1.209685
28248	-3968.376	-4230.692	262.3165	0.7015519	0.53236	0.186855	0.239119	0.0416661	2.090162	1.165674
28254	-3943.548	-4205.625	262.0764	0.9237006	0.53236	0.186855	0.239119	0.0416661	1.948288	1.292349
28260	-3945.877	-4207.819	261.9413	0.9579576	0.383771	0.134702	0.440199	0.0413284	1.965404	1.359144
28266	-3962.448	-4223.698	261.2496	1.5095	0.516782	0.0274254	0.352202	0.103591	1.943349	1.511323
28272	-3950.191	-4211.825	261.634	1.199893	0.540562	0.0216966	0.355789	0.081952	1.943349	1.431411
28278	-3960.137	-4221.958	261.8206	0.9765591	0.508902	0.0154504	0.323904	0.151744	1.957495	1.444456
28284	-3948.829	-4210.841	262.0122	0.8633605	0.380957	0.292276	0.22252	0.104247	2.08498	1.283746
28290	-3942.92	-4204.941	262.0209	0.8962818	0.380957	0.292276	0.22252	0.104247	2.049028	1.278229
28296	-3956.612	-4218.969	262.3565	0.6595875	0.390819	0.299842	0.175486	0.133853	1.961751	1.278229
28302	-3957.583	-4219.505	261.9218	0.9447584	0.542651	0.13652	0.251201	0.0696268	1.97619	1.376547
28308	-3948.486	-4210.328	261.8426	0.9488955	0.421359	0.298527	0.23777	0.0423448	1.89107	1.499267
28314	-3942.567	-4204.046	261.4784	0.9768329	0.404577	0.286637	0.268127	0.0406583	1.839605	1.778337
28320	-3943.459	-4205.173	261.7144	0.7859636	0.307733	0.334265	0.311109	0.0468932	1.8024	1.7768
28326	-3929.375	-4191.495	262.1199	0.8122015	0.360118	0.234728	0.318101	0.0870525	1.990476	1.316311
28332	-3931.984	-4194.124	262.1406	0.666304	0.219768	0.433977	0.194127	0.152128	1.835237	1.538528
28338	-3945.989	-4208.021	262.0314	0.825789	0.391	0.293456	0.153539	0.162005	1.959866	1.399309
28344	-3944.25	-4206.22	261.9699	0.8392958	0.46715	0.210813	0.156698	0.165339	2.07251	1.348064
28350	-3933.221	-4195.448	262.2268	0.7948047	0.551787	0.138569	0.275592	0.0340519	2.098975	1.150309
28356	-3954.594	-4216.512	261.9174	0.9930442	0.569442	0.128869	0.288964	0.0127254	2.051019	1.281029
28362	-3963.489	-4225.344	261.8547	0.9246835	0.448582	0.118021	0.419256	0.0141412	1.925414	1.482909
28368	-3957.706	-4219.695	261.9897	0.8353277	0.552718	0.135139	0.294826	0.0173169	2.145429	1.276489
28374	-3951.292	-4213.232	261.9401	0.9280412	0.50484	0.123433	0.334889	0.0368384	2.09814	1.277607
28380	-3951.191	-4213.228	262.0373	0.6216815	0.3476	0.333518	0.282047	0.036835	1.996708	1.530407
28386	-3968.694	-4230.836	262.142	0.7795209	0.328936	0.454705	0.117616	0.0987433	2.069457	1.261705
28392	-3962.918	-4225.027	262.1096	0.8129626	0.301883	0.417308	0.230926	0.0498825	2.028414	1.293232
28398	-3967.615	-4229.546	261.9303	0.8129626	0.475159	0.189063	0.257264	0.0785142	1.934402	1.506102
28404	-3952.381	-4214.146	261.7644	0.8129626	0.281276	0.274857	0.341754	0.102113	1.912536	1.643661
28410	-3961.093	-4222.748	261.6554	0.75082	0.541689	0.179991	0.211451	0.0668687	1.862841	1.801493
28416	-3959.643	-4221.303	261.6597	0.8773657	0.457831	0.202259	0.26105	0.07886	2.004945	1.604196
28422	-3959.877	-4222.152	262.2751	0.6829598	0.378217	0.340981	0.215655	0.0651467	2.005045	1.289137
28428	-3964.961	-4227.075	262.1141	0.8083936	0.416881	0.241036	0.294468	0.0476152	1.989635	1.324875
28434	-3964.887	-4226.678	261.7913	0.9343475	0.382688	0.32649	0.270316	0.020506	2.045505	1.432212
28440	-3952.715	-4214.881	262.1661	0.6518976	0.427865	0.302597	0.250533	0.0190053	2.055877	1.362234
28446	-3955.119	-4217.349	262.2305	0.5374695	0.307689	0.366074	0.310884	0.0153535	1.94631	1.489276
28452	-3963.348	-4224.886	261.5382	0.7666215	0.207558	0.412164	0.278458	0.10182	1.813249	1.904351
28458	-3947.88	-4209.474	261.5945	0.7515255	0.362379	0.231115	0.312583	0.0939237	1.745537	1.922808
28464	-3954.341	-4215.509	261.1685	0.8186967	0.377408	0.266386	0.305872	0.0503343	1.717934	2.176268
28470	-3952.421	-4213.691	261.2698	0.8186967	0.182311	0.393203	0.350188	0.0742969	1.71686	2.110884
28476	-3958.926	-4219.784	260.8583	0.9065528	0.223828	0.482745	0.246349	0.0470776	1.692595	2.333463
28482	-3948.348	-4208.858	260.5104	1.065978	0.302898	0.323496	0.206471	0.167135	1.729681	2.42887
28488	-3952.294	-4213.717	261.4231	0.7237574	0.421506	0.152744	0.352469	0.0732806	1.819002	2.008213
28494	-3950.11	-4211.726	261.6152	0.7237574	0.434905	0.117074	0.370907	0.0771138	1.804055	1.88904
28500	-3961.902	-4222.676	260.7735	0.8983048	0.375584	0.327732	0.227758	0.0689255	1.600127	2.450861
28506	-3955.849	-4216.746	260.896	1.025507	0.363224	0.320475	0.248902	0.0673992	1.635175	2.26933
28512	-3941.008	-4202.575	261.567	0.7545011	0.397356	0.265218	0.281648	0.0557782	1.788883	1.909973
28518	-3971.315	-4233.109	261.7945	0.8606527	0.375368	0.330674	0.266063	0.0278948	1.784759	1.678051
28524	-3969.024	-4231.031	262.0076	0.6504971	0.375368	0.330674	0.266063	0.0278948	1.871462	1.621617
28530	-3960.105	-4221.979	261.874	0.7442225	0.424987	0.374924	0.176309	0.0237803	1.910542	1.618189
28536	-3945.461	-4207.287	261.8256	0.7609395	0.3857	0.27144	0.322849	0.0200115	1.941315	1.618189
28542	-3957.454	-4219.107	261.6531	0.8407924	0.457104	0.107624	0.382618	0.0526538	1.879279	1.725847
28548	-3948.786	-4210.515	261.7291	0.834477	0.378256	0.253415	0.316619	0.0517108	1.937391	1.635039
28554	-3944.735	-4206.269	261.5335	0.7840294	0.458376	0.184607	0.23065	0.126366	1.937391	1.810042
28560	-3944.659	-4206.402	261.7425	0.8869174	0.369788	0.135438	0.39283	0.101944	1.836989	1.658486
28566	-3946.364	-4208.183	261.8189	0.6402576	0.36453	0.307756	0.227219	0.100495	1.754386	1.844214
28572	-3944.146	-4205.803	261.657	0.6402576	0.421194	0.273231	0.262539	0.0430363	1.772632	1.941815
28578	-3940.754	-4202.097	261.3426	0.7646079	0.456666	0.178783	0.339566	0.0249858	1.792993	2.050201
28584	-3940.247	-4202.172	261.9251	0.7684373	0.473957	0.180273	0.313948	0.0318221	1.940916	1.539895
28590	-3951.93	-4214.149	262.2192	0.6145987	0.381515	0.316205	0.271147	0.0311332	1.842178	1.515594
28596	-3948.564	-4210.021	261.4569	1.01335	0.396045	0.250619	0.282967	0.070369	1.960831	1.682505
28602	-3954.51	-4216.319	261.8088	0.8012032	0.361679	0.19788	0.405451	0.0349895	1.942385	1.598874
28608	-3966.501	-4228.392	261.8912	0.5840089	0.393175	0.154331	0.43077	0.0217239	1.844571	1.772796
28614	-3952.501	-4213.915	261.4141	0.5986105	0.201462	0.41532	0.333865	0.0493524	1.716155	2.168703
28620	-3951.728	-4213.164	261.4366	0.8826172	0.399698	0.302453	0.259491	0.0383582	1.712559	1.959171
28626	-3961.913	-4222.98	261.0668	0.8826172	0.48382	0.233328	0.246426	0.0364269	1.70189	2.209593
28632	-3949.174	-4210.633	261.4592	0.8621622	0.37704	0.253227	0.343766	0.0259671	1.748277	1.934155
28638	-3956.437	-4217.909	261.4723	1.140055	0.384235	0.29335	0.258999	0.0634159	1.890501	1.633097
28644	-3946.059	-4207.617	261.5578	1.008149	0.543069	0.151535	0.210507	0.0948898	1.956097	1.617257
28650	-3964.035	-4225.486	261.4511	1.026482	0.43768	0.068532	0.311425	0.182363	1.805449	1.786604
28656	-3980.118	-4241.653	261.5349	1.178198	0.403557	0.0580907	0.376831	0.161521	1.913828	1.543787
28662	-3967.767	-4228.103	260.3362	1.261345	0.38812	0.119537	0.350248	0.142095	1.675124	2.455587
28668	-3973.542	-4234.059	260.5162	1.247089	0.484329	0.0944591	0.19233	0.228882	1.702278	2.332983
28674	-3964.675	-4225.842	261.167	0.8923725	0.435158	0.112767	0.358367	0.0937083	1.687144	2.147565
28680	-3960.13	-4220.956	260.8257	0.8946738	0.591961	0.101373	0.226504	0.0801617	1.651258	2.388069
28686	-3967.975	-4228.573	260.598	1.069308	0.492442	0.162548	0.246994	0.0980159	1.664744	2.412534
28692	-3974.049	-4235.036	260.9877	0.9858137	0.40044	0.242801	0.246031	0.110728	1.664774	2.216814
28698	-3972.549	-4233.93	261.381	0.9143187	0.399138	0.222824	0.275369	0.102669	1.841892	1.887384
28704	-3966.142	-4226.813	260.6718	1.032903	0.463406	0.120974	0.26406	0.15156	1.616223	2.419214
28710	-3972.146	-4233.066	260.9203	0.7482169	0.371095	0.243178	0.290525	0.0952021	1.66015	2.419214
28716	-3979.437	-4240.257	260.8192	0.964059	0.579156	0.0930693	0.231385	0.0963897	1.603441	2.377705
28722	-3959.131	-4219.528	260.397	1.142326	0.477449	0.173389	0.230286	0.118876	1.555834	2.562143
28728	-3985.646	-4245.908	260.2626	1.142326	0.381044	0.0515437	0.375094	0.192318	1.615691	2.6084
28734	-3983.563	-4244.12	260.5571	0.8914143	0.440401	0.125998	0.286637	0.146964	1.622931	2.576135
28740	-3961.135	-4222.338	261.2033	1.042526	0.501241	0.160183	0.326236	0.0123399	1.810612	1.941546
28746	-3941.926	-4203.325	261.3994	0.8839942	0.515725	0.258756	0.199095	0.026424	1.847766	1.892063
28752	-3947.411	-4208.871	261.4596	0.8273435	0.295129	0.311393	0.311862	0.0816164	1.846299	1.892063
28758	-3948.578	-4210.393	261.8156	0.8164545	0.369405	0.400172	0.173154	0.0572686	1.775961	1.701974
28764	-3959.022	-4220.7	261.6778	0.9960358	0.462412	0.201783	0.218155	0.11765	1.893972	1.583998
28770	-3959.654	-4221.188	261.534	0.8009759	0.396045	0.172822	0.330368	0.100765	1.88084	1.836405
28776	-3942.351	-4203.472	261.1206	1.058575	0.45543	0.187635	0.236767	0.120168	1.788656	2.001032
28782	-3945.23	-4206.618	261.3886	0.8816935	0.505275	0.142931	0.233357	0.118438	1.705781	1.996459
28788	-3938.108	-4199.541	261.4333	0.7742903	0.404934	0.114546	0.385602	0.0949176	1.719763	2.031908
28794	-3926.449	-4187.403	260.9539	1.101194	0.444138	0.227449	0.221065	0.107348	1.732101	2.120973
28800	-3940.339	-4201.389	261.0498	0.832563	0.480608	0.246126	0.261609	0.0116571	1.671212	2.273641
28806	-3936.217	-4197.707	261.4904	0.6879298	0.351902	0.219011	0.409423	0.0196649	1.687423	2.075856
28812	-3930.942	-4191.237	260.2949	1.318	0.628215	0.0588393	0.303279	0.00966644	1.577063	2.510237
28818	-3936.995	-4198.155	261.1606	1.040195	0.57096	0.145233	0.260146	0.0236609	1.719423	2.032547
28824	-3936.573	-4197.6	261.0261	0.9058553	0.482546	0.107266	0.373534	0.0366551	1.787121	2.165217
28830	-3943.794	-4205.403	261.6097	0.6117997	0.432404	0.223615	0.313242	0.0307386	1.762015	2.000747
28836	-3946.131	-4207.64	261.5089	0.8677054	0.425125	0.308611	0.198074	0.0681897	1.751304	1.8946
28842	-3944.711	-4206.643	261.9324	0.8551484	0.34972	0.244574	0.319688	0.0860185	1.99194	1.427515
28848	-3937.932	-4199.855	261.9231	0.7378508	0.323206	0.30311	0.257054	0.11663	1.955202	1.554666
28854	-3941.21	-4203.028	261.8177	0.7406287	0.393773	0.229643	0.19475	0.181834	1.829157	1.719177
28860	-3944.75	-4205.735	260.9847	0.9795115	0.43988	0.0928937	0.357032	0.110195	1.77582	2.150873
28866	-3959.168	-4219.83	260.6617	0.8938865	0.567179	0.0895242	0.237099	0.106198	1.675194	2.476747
28872	-3975.82	-4237.069	261.249	0.8093674	0.344724	0.274793	0.246368	0.134115	1.693503	2.146159
28878	-3965.867	-4226.881	261.0141	0.8492408	0.359007	0.200835	0.338924	0.101234	1.649948	2.29897
28884	-3960.964	-4221.993	261.0293	0.7670014	0.417527	0.272207	0.196323	0.113944	1.709966	2.305922
28890	-3956.743	-4218.801	262.0581	0.6820901	0.185688	0.517153	0.263791	0.0333678	2.049341	1.426581
28896	-3958.884	-4220.79	261.9058	0.8982101	0.482562	0.273637	0.216425	0.0273763	2.114494	1.31701
28902	-3942.441	-4204.818	262.3773	0.6296435	0.195383	0.508236	0.282423	0.0139588	2.170571	1.107643
28908	-3937.396	-4199.731	262.3351	0.5583958	0.187526	0.487799	0.304799	0.0198763	2.172896	1.208382
28914	-3951.975	-4214.505	262.5301	0.4414407	0.299177	0.271927	0.372001	0.0568958	1.987871	1.296449
28920	-3957.128	-4219.475	262.3473	0.5769902	0.114494	0.589122	0.226087	0.0702976	2.050591	1.284221
28926	-3944.286	-4206.632	262.3459	0.5197896	0.167058	0.507541	0.25621	0.0691919	1.977272	1.390922
28932	-3947.227	-4209.6	262.3729	0.6054144	0.350635	0.320653	0.232091	0.096622	1.964214	1.309483
28938	-3936.417	-4198.459	262.0422	0.6636007	0.418247	0.260759	0.304359	0.0166355	2.04436	1.457579
28944	-3950.671	-4213.091	262.4202	0.5475481	0.340078	0.238192	0.397326	0.0244039	2.040915	1.257267
28950	-3955.748	-4218.088	262.3401	0.5814424	0.321768	0.457362	0.19778	0.0230899	1.982028	1.341654
28956	-3943.082	-4205.026	261.9443	0.6185443	0.386399	0.294946	0.293191	0.0254635	1.86201	1.697776
28962	-3938.922	-4200.487	261.5648	0.7308769	0.402132	0.303531	0.257856	0.0364808	1.880922	1.865877
28968	-3953.786	-4215.64	261.8545	0.7308769	0.362224	0.472115	0.0974097	0.0682518	1.877788	1.665863
28974	-3948.579	-4210.934	262.3549	0.407159	0.242149	0.508338	0.21189	0.0376237	2.004303	1.445565
28980	-3948.105	-4209.704	261.5982	0.8214288	0.457935	0.247717	0.187615	0.106733	1.858774	1.792617
28986	-3942.215	-4203.947	261.7319	0.8147277	0.319576	0.437475	0.151252	0.0916968	1.813147	1.73599
28992	-3946.529	-4208.217	261.688	0.8147277	0.310547	0.425115	0.178386	0.0859517	1.85705	1.73599
28998	-3933.638	-4195.304	261.6659	0.8420814	0.344904	0.234074	0.345442	0.0755803	1.832259	1.748919
29004	-3952.447	-4213.789	261.3421	0.9442314	0.34033	0.325292	0.21877	0.115608	1.719044	1.97594
29010	-3947.106	-4208.533	261.427	1.030423	0.379255	0.329346	0.212644	0.0787543	1.957232	1.694285
29016	-3953.362	-4215.449	262.0876	0.9188822	0.386229	0.332346	0.185418	0.0960069	2.144388	1.119249
29022	-3962.714	-4223.939	261.225	1.821755	0.489163	0.152595	0.235367	0.122875	2.17712	1.135142
29028	-3940.924	-4203.14	262.2154	0.7173227	0.41214	0.19548	0.375022	0.0173586	2.162289	1.176423
29034	-3946.957	-4208.817	261.8601	0.7935344	0.318401	0.24171	0.420429	0.0194603	2.106316	1.444503
29040	-3951.655	-4214.046	262.3902	0.6079852	0.367671	0.276191	0.32838	0.0277577	2.218234	1.072729
29046	-3952.504	-4214.919	262.4144	0.6411538	0.31901	0.406979	0.205798	0.0682131	2.224774	1.009477
29052	-3947.24	-4209.69	262.4498	0.6447023	0.364509	0.24447	0.299144	0.0918769	2.23532	0.9589335
29058	-3971.434	-4233.962	262.5281	0.6520185	0.32892	0.238125	0.239251	0.193705	2.21877	0.8829197
29064	-3948.43	-4209.96	261.53	0.8943838	0.397289	0.388971	0.172162	0.0415781	1.837127	1.80244
29070	-3957.819	-4219.805	261.9859	0.5260918	0.34848	0.341183	0.307038	0.00329888	1.789464	1.786889
29076	-3960.143	-4221.209	261.0663	0.7816088	0.436188	0.313374	0.246181	0.00425735	1.736025	2.255685
29082	-3970.637	-4232.481	261.8434	0.5678548	0.263431	0.310816	0.416913	0.00884091	1.666383	1.939051
29088	-3971.419	-4232.277	260.8582	0.7891698	0.466093	0.233969	0.291475	0.00846241	1.61778	2.457774
29094	-3956.491	-4218.831	262.3406	0.6857247	0.302036	0.449035	0.20442	0.0445086	2.12381	1.129401
29100	-3940.508	-4202.806	262.2985	0.7056282	0.245301	0.473829	0.215707	0.065163	2.068535	1.196285
29106	-3968.297	-4230.454	262.1568	0.5891571	0.268841	0.475349	0.196461	0.0593488	2.027447	1.442956
29112	-3950.934	-4212.448	261.514	0.7441594	0.346747	0.203425	0.436152	0.013676	1.830639	1.924989
29118	-3954.541	-4215.596	261.055	0.856517	0.43424	0.230043	0.311331	0.0243857	1.688148	2.243456
29124	-3948.652	-4210.652	261.9994	0.6701076	0.395761	0.268621	0.240986	0.0946327	2.003255	1.515585
29130	-3954.682	-4216.869	262.1861	0.6701076	0.399119	0.157584	0.34375	0.0995468	2.042571	1.341616
29136	-3959.459	-4221.189	261.7297	0.7757919	0.378631	0.3334	0.214727	0.0732418	1.919926	1.691016
29142	-3954.353	-4216.35	261.9967	0.7757919	0.338228	0.27502	0.302516	0.0842355	1.890574	1.518309
29148	-3964.859	-4226.613	261.754	0.7993306	0.246845	0.301222	0.331338	0.120595	1.832271	1.718379
29154	-3950.862	-4212.928	262.0655	0.6235203	0.321169	0.397129	0.206532	0.0751703	1.96109	1.534492
29160	-3957.657	-4219.53	261.8729	0.6772102	0.400117	0.212092	0.294813	0.0929783	1.796972	1.750182
29166	-3954.564	-4216.368	261.8038	0.6772102	0.400016	0.212038	0.333912	0.0540336	1.866052	1.750182
29172	-3960.719	-4222.37	261.6515	0.7931586	0.342277	0.181433	0.41651	0.0597802	1.895922	1.750182
29178	-3943.273	-4204.961	261.688	0.6547484	0.172591	0.429141	0.34828	0.0499874	1.794351	1.895829
29184	-3951.152	-4212.677	261.5255	0.6547484	0.15812	0.353542	0.447157	0.0411813	1.772482	2.01964
29190	-3944.431	-4206.42	261.9891	0.8002641	0.39326	0.25419	0.333359	0.0191913	2.10684	1.337884
29196	-3934.758	-4196.851	262.0926	0.8125978	0.311094	0.201081	0.391806	0.0960192	2.129902	1.22343
29202	-3952.303	-4214.358	262.0545	0.8040117	0.339274	0.229719	0.320192	0.110815	2.090193	1.29545
29208	-3954.789	-4216.903	262.1147	0.8367529	0.419643	0.172722	0.385734	0.0219008	1.977561	1.310201
29214	-3964.809	-4226.568	261.7585	0.9156606	0.410548	0.190653	0.377373	0.0214261	1.975781	1.524086
29220	-3949.44	-4211.33	261.8895	0.9308622	0.385883	0.211813	0.354702	0.0476021	1.953508	1.430181
29226	-3938.268	-4200.252	261.9835	0.9308622	0.412211	0.299553	0.238387	0.0498486	1.9865	1.33064
29232	-3967.377	-4229.26	261.8825	1.032709	0.49519	0.281404	0.203991	0.019415	1.970864	1.341998
29238	-3940.91	-4202.634	261.7238	0.9895693	0.36444	0.359207	0.237966	0.0383861	1.998031	1.477319
29244	-3942.681	-4204.301	261.6202	0.9660921	0.431415	0.251008	0.272136	0.0454406	1.832116	1.69165
29250	-3936.006	-4197.846	261.8405	0.7977689	0.431415	0.251008	0.272136	0.0454406	1.976555	1.553283
29256	-3943.912	-4206.07	262.158	0.6522709	0.328717	0.31785	0.287922	0.0655104	2.057297	1.367194
29262	-3944.599	-4206.091	261.4923	1.011714	0.41949	0.202508	0.282214	0.0957883	2.068917	1.580215
29268	-3952.042	-4213.984	261.9415	0.7540751	0.413153	0.288062	0.204443	0.0943414	2.001993	1.493368
29274	-3953.301	-4214.944	261.643	0.8282042	0.441946	0.253653	0.214207	0.0901933	1.931055	1.705687
29280	-3957.921	-4219.124	261.2032	1.19405	0.447292	0.305583	0.171865	0.0752594	1.882644	1.792398
29286	-3962.541	-4223.946	261.4044	0.9255008	0.264652	0.351424	0.197647	0.186276	1.928945	1.803815
29292	-3959.941	-4222.015	262.074	0.7778402	0.35675	0.422134	0.160567	0.0605481	2.124456	1.273862
29298	-3964.8	-4226.733	261.9334	0.8266109	0.568764	0.175818	0.185477	0.0699411	2.068653	1.390263
29304	-3950.317	-4211.986	261.6692	1.177565	0.567409	0.173046	0.194443	0.0651021	2.031498	1.351682
29310	-3955.647	-4217.954	262.3065	0.7726503	0.501155	0.285458	0.155886	0.0575004	1.982132	1.202872
29316	-3947.735	-4210.068	262.3336	0.6102387	0.466595	0.186908	0.200537	0.14596	2.04279	1.273245
29322	-3951.826	-4214.177	262.351	0.527005	0.235599	0.467788	0.222914	0.0737	2.086617	1.293863
29328	-3951.846	-4214.17	262.3245	0.5351775	0.211254	0.470833	0.228007	0.0899055	2.091338	1.304797
29334	-3962.922	-4224.946	262.0248	0.6213892	0.416135	0.285384	0.292361	0.00612032	1.965312	1.563035
29340	-3960.134	-4221.931	261.7963	0.7700387	0.36372	0.311119	0.318557	0.0066045	1.841813	1.703447
29346	-3952.991	-4214.682	261.6909	0.8994229	0.309809	0.33748	0.345547	0.00716408	1.869114	1.663243
29352	-3946.967	-4208.855	261.8875	0.8359852	0.337744	0.301083	0.353474	0.00769924	1.890015	1.553019
29358	-3963.606	-4225.822	262.2158	0.5799789	0.17152	0.511116	0.293613	0.023751	1.892844	1.507384
29364	-3938.36	-4200.213	261.8531	0.7869488	0.32996	0.382219	0.236826	0.0509953	1.934013	1.583607
29370	-3952.556	-4214.519	261.963	0.6434314	0.291504	0.366217	0.254401	0.0878781	1.975846	1.583607
29376	-3944.499	-4206.741	262.2425	0.6916129	0.33138	0.259873	0.306412	0.102334	1.987656	1.322243
29382	-3958.765	-4220.782	262.0173	0.7557814	0.22558	0.423868	0.243529	0.107023	1.96284	1.464338
29388	-3942.125	-4203.94	261.8143	0.796059	0.375761	0.389003	0.158287	0.076949	1.83706	1.674674
29394	-3961.23	-4222.77	261.5408	0.9360382	0.386541	0.371475	0.162828	0.0791564	1.83706	1.765399
29400	-3962.807	-4224.693	261.8859	0.6168053	0.375293	0.360667	0.15809	0.10595	1.826104	1.765399
29406	-3954.036	-4215.748	261.7111	0.759628	0.298763	0.363633	0.313201	0.0244026	1.84982	1.765399
29412	-3958.221	-4220.217	261.996	0.5204614	0.326191	0.397016	0.25015	0.0266429	1.892163	1.711886
29418	-3955.827	-4218.131	262.3043	0.573228	0.33584	0.266551	0.224969	0.172639	1.847821	1.479983
29424	-3947.31	-4209.044	261.734	0.8068924	0.227073	0.351809	0.211636	0.209482	1.870517	1.69984
29430	-3958.322	-4219.793	261.4718	1.07194	0.510691	0.0099898	0.398011	0.081308	1.809447	1.738051
29436	-3963.449	-4224.713	261.2638	1.327145	0.468769	0.0188703	0.425663	0.0866969	1.776649	1.738051
29442	-3953.161	-4214.731	261.57	0.8756302	0.471746	0.00510575	0.428367	0.0947812	1.876895	1.760458
29448	-3971.073	-4232.681	261.6079	0.8011043	0.558782	0.00241169	0.417469	0.0213379	1.973489	1.720461
29454	-3968.232	-4229.598	261.3662	0.8042435	0.38705	0.223034	0.342339	0.0475772	1.754687	2.032397
29460	-3953.941	-4215.613	261.6721	0.6900589	0.344563	0.262907	0.326001	0.066529	1.712834	1.936385
29466	-3961.246	-4222.763	261.5175	0.727529	0.381377	0.184153	0.360833	0.0736373	1.813116	1.946304
29472	-3963.126	-4224.124	260.9981	0.9735164	0.522475	0.118324	0.309918	0.0492833	1.714647	2.18584
29478	-3954.964	-4216.554	261.5902	0.7161948	0.34837	0.165788	0.379442	0.1064	1.714647	1.971631
29484	-3966.383	-4228.047	261.6635	0.7434727	0.401843	0.143461	0.38201	0.0726859	1.75218	1.877264
29490	-3966.795	-4228.7	261.9045	0.7990515	0.368058	0.360633	0.232005	0.0393045	1.819471	1.620234
29496	-3953.358	-4215.047	261.6882	1.079019	0.469349	0.123013	0.32549	0.0821475	1.882014	1.524584
29502	-3942.281	-4204.243	261.9622	0.9484527	0.468492	0.0886307	0.36088	0.0819975	1.943794	1.367277
29508	-3948.027	-4209.893	261.8668	0.9454007	0.384518	0.178943	0.38339	0.0531482	1.943794	1.443707
29514	-3947.736	-4209.598	261.8618	1.008569	0.522609	0.126495	0.321551	0.0293452	1.943794	1.398524
29520	-3942.719	-4204.484	261.7653	1.180396	0.492311	0.119161	0.360883	0.0276439	1.9862	1.30883
29526	-3960.983	-4222.748	261.7645	1.226516	0.526408	0.0415181	0.382111	0.049963	2.023767	1.242831
29532	-3974.326	-4236.484	262.1584	0.8386639	0.472395	0.135849	0.317715	0.0740413	2.004992	1.250229
29538	-3966.304	-4228.22	261.9162	1.018788	0.507814	0.146035	0.263497	0.0826538	2.0959	1.223193
29544	-3966.999	-4229.262	262.2629	0.7926649	0.378158	0.108749	0.437278	0.0758145	2.088439	1.129564
29550	-3973.02	-4234.484	261.4639	1.607312	0.543891	0.0962684	0.229504	0.130336	2.136026	1.113695
29556	-3964.206	-4225.997	261.7916	1.188274	0.547926	0.0293056	0.356481	0.0662869	2.055094	1.223977
29562	-3961.542	-4223.362	261.8201	1.188274	0.57479	0.0332768	0.330481	0.0614521	2.038235	1.214107
29568	-3966.566	-4228.806	262.2395	0.834372	0.447628	0.0890603	0.395491	0.0678207	1.969769	1.215437
29574	-3970.026	-4231.794	261.7687	1.363976	0.616724	0.0585994	0.167223	0.157454	1.955287	1.190363
29580	-3958.609	-4219.971	261.3614	1.639906	0.405752	0.0810207	0.231205	0.282022	2.006978	1.289007
29586	-3955.044	-4216.526	261.4816	1.531834	0.474955	0.111065	0.159	0.25498	2.060598	1.220058
29592	-3957.959	-4219.255	261.295	1.505124	0.583429	0.085639	0.104907	0.226025	1.987939	1.446148
29598	-3954.388	-4215.947	261.559	1.098922	0.465309	0.0694734	0.264777	0.200441	1.905116	1.588461
29604	-3949.43	-4211.072	261.642	1.098922	0.518789	0.10048	0.16426	0.216472	1.947766	1.495477
29610	-3949.596	-4211.353	261.757	0.9602028	0.531542	0.212333	0.240152	0.0159726	1.846229	1.58731
29616	-3948.285	-4210.06	261.7753	0.9705588	0.395943	0.158166	0.42981	0.0160807	1.907451	1.521003
29622	-3958.435	-4219.781	261.3453	1.433818	0.39768	0.0789871	0.50116	0.0221725	1.900498	1.521003
29628	-3936.625	-4198.858	262.2329	0.5427888	0.330669	0.41136	0.229655	0.0283166	1.950433	1.480225
29634	-3958.56	-4219.999	261.4382	1.232799	0.495546	0.116333	0.312984	0.0751369	1.932202	1.56364
29640	-3963.596	-4224.767	261.1712	1.633267	0.418305	0.343649	0.194599	0.0434474	1.812886	1.588326
29646	-3962.752	-4224.085	261.3329	1.163129	0.275533	0.471353	0.207721	0.0453936	1.766094	1.803634
29652	-3957.165	-4218.429	261.263	1.12869	0.304673	0.350683	0.154543	0.190101	1.756328	1.88091
29658	-3948.555	-4209.298	260.7431	1.769321	0.427502	0.265388	0.15972	0.14739	1.762223	1.848015
29664	-3938.777	-4199.258	260.4811	1.866628	0.46934	0.0560951	0.272659	0.201905	1.69984	2.015175
29670	-3942.865	-4204.082	261.2176	1.289708	0.382737	0.0457444	0.406869	0.164649	1.740117	1.819384
29676	-3953.18	-4214.437	261.2562	0.8743171	0.415003	0.100009	0.481859	0.00312907	1.721994	2.078516
29682	-3955.692	-4217.1	261.4088	0.7866212	0.474933	0.255211	0.261494	0.00836202	1.699531	2.052926
29688	-3953.831	-4215.443	261.6112	0.7866212	0.365717	0.394679	0.20136	0.0382434	1.764035	1.873867
29694	-3953.267	-4214.933	261.6658	0.8681167	0.500474	0.171634	0.275556	0.0523351	1.776064	1.769392
29700	-3972.772	-4234.429	261.6568	0.9088037	0.41413	0.295988	0.232391	0.0574909	1.869222	1.680651
29706	-3974.631	-4236.294	261.6631	0.9566014	0.481483	0.136472	0.303319	0.0787254	1.843249	1.659959
29712	-3954.919	-4216.538	261.6195	0.9972678	0.389232	0.260666	0.248805	0.101297	1.845907	1.659959
29718	-3947.018	-4208.528	261.5103	0.9923499	0.448572	0.151973	0.221926	0.177528	1.761208	1.799786
29724	-3945.929	-4207.898	261.9694	0.7279928	0.468071	0.13139	0.288128	0.11241	1.870053	1.59074
29730	-3955.575	-4217.401	261.8265	0.8322282	0.433366	0.184343	0.303162	0.079129	1.915095	1.582267
29736	-3947.184	-4209.047	261.8634	0.7500401	0.422858	0.210513	0.289418	0.0772104	1.964387	1.582267
29742	-3948.165	-4210.123	261.9577	0.8083271	0.370557	0.108771	0.302128	0.218545	1.970268	1.462023
29748	-3951.909	-4213.417	261.508	1.292334	0.591634	0.0887493	0.276979	0.0426381	1.94334	1.462023
29754	-3944.477	-4205.835	261.3578	1.106665	0.429507	0.124318	0.387985	0.0581892	1.94334	1.700142
29760	-3952.67	-4214.365	261.6947	1.096962	0.579943	0.174342	0.158847	0.086868	1.965849	1.443221
29766	-3942.731	-4204.363	261.6321	1.19577	0.580265	0.0960171	0.253444	0.070273	1.9371	1.440668
29772	-3943.718	-4205.567	261.8484	0.9504939	0.537316	0.0571369	0.36373	0.0418173	1.97118	1.432838
29778	-3953.452	-4215.044	261.5917	1.219245	0.549562	0.0556246	0.354103	0.0407105	2.000725	1.405731
29784	-3962.15	-4223.517	261.3673	1.405512	0.49197	0.111617	0.312644	0.0837689	1.992555	1.453944
29790	-3968.355	-4229.582	261.2272	1.568533	0.469202	0.106451	0.357972	0.0663742	1.877266	1.539679
29796	-3951.981	-4214.015	262.0337	0.7506615	0.473671	0.121238	0.334192	0.0708997	2.006107	1.422796
29802	-3968.921	-4230.954	262.0326	0.6909411	0.415582	0.23074	0.293208	0.0604705	1.858478	1.58172
29808	-3971.472	-4233.199	261.7263	0.9729038	0.375004	0.208211	0.335161	0.0816241	1.948456	1.52516
29814	-3986.508	-4248.322	261.8144	0.8149161	0.250322	0.335734	0.303584	0.11036	2.022712	1.52516
29820	-3956.163	-4218.155	261.9924	0.7582277	0.342842	0.320857	0.254852	0.0814479	2.001813	1.451649
29826	-3968	-4229.774	261.7741	0.9410945	0.274542	0.389319	0.135766	0.200374	1.964315	1.501671
29832	-3964.26	-4225.843	261.5831	0.8864027	0.288229	0.350395	0.104556	0.25682	1.837227	1.771226
29838	-3960.662	-4222.179	261.5169	0.9218338	0.438488	0.301075	0.143458	0.116979	1.857864	1.77769
29844	-3958.447	-4220.03	261.5833	0.8550262	0.359052	0.241883	0.235209	0.163856	1.815101	1.80897
29850	-3957.307	-4219.708	262.4009	0.6726973	0.300705	0.345118	0.317694	0.0364836	2.159438	1.053599
29856	-3964.159	-4226.313	262.154	0.6675492	0.309163	0.326697	0.32663	0.0375098	2.115048	1.311434
29862	-3961.474	-4222.833	261.3589	0.7774876	0.459749	0.148915	0.368072	0.023264	1.685677	2.101254
29868	-3963.354	-4225.03	261.676	0.9488688	0.392408	0.295112	0.294042	0.0184385	1.865654	1.640213
29874	-3975.184	-4236.161	260.9767	0.9311677	0.342775	0.23632	0.339697	0.0812084	1.671836	2.254946
29880	-3976.713	-4237.854	261.1403	1.165861	0.523808	0.0163419	0.406639	0.053211	1.85888	1.870379
29886	-3971.11	-4232.67	261.5604	1.093273	0.571775	0.0496655	0.320475	0.0580837	1.847434	1.633259
29892	-3957.303	-4218.874	261.5704	1.003712	0.502645	0.0268539	0.418835	0.0516663	1.813209	1.713535
29898	-3956.47	-4218.163	261.6932	0.9284273	0.448063	0.132527	0.373354	0.0460559	1.813209	1.680318
29904	-3987.446	-4249.476	262.0302	0.7107992	0.181171	0.325508	0.447322	0.0459994	1.815759	1.599307
29910	-3975.625	-4237.583	261.9586	0.7074934	0.214923	0.329796	0.377233	0.078049	1.808194	1.658947
29916	-3960.881	-4222.703	261.8225	0.7483331	0.429597	0.223162	0.307073	0.0401676	1.899153	1.660305
29922	-3960.885	-4222.53	261.645	1.076151	0.393594	0.310567	0.271624	0.0242152	1.936917	1.51797
29928	-3959.272	-4220.97	261.6983	0.9265819	0.377149	0.229196	0.255955	0.1377	1.759003	1.716461
29934	-3943.833	-4205.607	261.7746	0.7669785	0.511796	0.230186	0.171653	0.0863658	1.837991	1.723742
29940	-3954.719	-4216.106	261.3869	0.7883793	0.360508	0.231183	0.314695	0.0936141	1.792679	2.004414
29946	-3959.378	-4220.884	261.5067	0.7226451	0.284307	0.394387	0.248178	0.0731276	1.702742	2.03064
29952	-3967.641	-4228.862	261.2218	0.7226451	0.273894	0.22545	0.421258	0.0793982	1.731648	2.198339
29958	-3959.206	-4220.775	261.5691	0.6108635	0.23758	0.35921	0.274467	0.128742	1.69727	2.071253
29964	-3959.361	-4220.607	261.2457	0.8785225	0.436064	0.297113	0.184305	0.0825175	1.792946	2.035707
29970	-3959.239	-4221.002	261.7626	0.6896489	0.213286	0.607532	0.124944	0.054238	1.853389	1.778613
29976	-3948.463	-4210.345	261.8817	0.696044	0.351926	0.301613	0.281039	0.0654216	1.859329	1.685935
29982	-3958.038	-4219.75	261.712	0.8903077	0.509079	0.103648	0.301902	0.0853709	1.981759	1.573234
29988	-3959.419	-4221.204	261.7858	0.8131314	0.384166	0.262169	0.232465	0.1212	1.878321	1.652744
29994	-3941.204	-4203.261	262.0576	0.706661	0.357288	0.244382	0.331085	0.0672439	2.012282	1.435477
30000	-3936.555	-4198.642	262.0865	0.6793912	0.436317	0.134966	0.3466	0.0821176	2.012282	1.435477
30006	-3940.575	-4202.449	261.8747	0.756724	0.444037	0.137354	0.401144	0.017465	1.953246	1.576972
30012	-3936.089	-4197.936	261.847	0.6088543	0.291022	0.387764	0.290901	0.0303125	1.953246	1.709336
30018	-3953.153	-4214.072	260.9192	0.7916155	0.338774	0.378545	0.225762	0.0569191	1.736915	2.34235
30024	-3951.469	-4213.296	261.8276	0.7916155	0.232009	0.385569	0.270409	0.112013	1.91838	1.609932
30030	-3950.211	-4212.229	262.0179	0.4999426	0.393922	0.319713	0.227141	0.0592248	1.810006	1.768622
30036	-3953.756	-4215.778	262.0224	0.4711164	0.14951	0.408516	0.350567	0.0914071	1.810229	1.785
30042	-3938.218	-4199.897	261.6788	0.7063567	0.272447	0.369228	0.22754	0.130785	1.861649	1.818653
30048	-3928.896	-4191.015	262.1188	0.7063567	0.300969	0.375469	0.229501	0.094061	2.025773	1.377801
30054	-3946.544	-4208.627	262.0832	0.7214529	0.307239	0.393423	0.186733	0.112606	1.98069	1.428063
30060	-3947.888	-4209.799	261.9114	0.6068385	0.223804	0.491913	0.161318	0.122966	1.866229	1.726741
30066	-3938.056	-4199.784	261.7281	0.6858971	0.36283	0.294898	0.2561	0.0861717	1.848561	1.808617
30072	-3942.152	-4203.929	261.7764	0.7253286	0.421195	0.311739	0.232065	0.035001	1.860589	1.73751
30078	-3941.615	-4203.791	262.1762	0.5003161	0.31587	0.190518	0.387099	0.106513	1.974226	1.536969
30084	-3956.014	-4218.309	262.2953	0.3785781	0.276667	0.308441	0.375477	0.0394147	1.9456	1.55201
30090	-3946.315	-4208.703	262.3885	0.470583	0.337399	0.334639	0.299218	0.0287439	1.944649	1.420999
30096	-3938.061	-4200.001	261.9407	0.6717698	0.44326	0.216425	0.325768	0.014547	1.988092	1.568936
30102	-3943.951	-4206.012	262.0612	0.6504265	0.301938	0.266174	0.410892	0.0209963	2.09864	1.412034
30108	-3951.494	-4213.611	262.1174	0.6684551	0.430107	0.263779	0.285307	0.0208074	2.023332	1.412034
30114	-3967.585	-4229.807	262.2219	0.7198962	0.320613	0.359059	0.212675	0.107654	1.889651	1.392425
30120	-3945.629	-4207.891	262.2614	0.6396649	0.363935	0.254008	0.259857	0.1222	2.088774	1.269298
30126	-3949.027	-4211.206	262.1781	0.7902664	0.481407	0.230311	0.235614	0.0526675	2.036607	1.249606
30132	-3947.066	-4208.898	261.8324	0.9909808	0.330581	0.264897	0.270998	0.133524	1.910969	1.459916
30138	-3935.11	-4197.365	262.2548	0.610803	0.224911	0.415801	0.311136	0.0481525	2.086885	1.301133
30144	-3939.641	-4201.805	262.1644	0.761278	0.43365	0.211629	0.337172	0.017549	2.178818	1.166002
30150	-3948.412	-4210.732	262.3196	0.6199629	0.413917	0.247503	0.321829	0.0167504	2.142413	1.192625
30156	-3966.627	-4228.883	262.2563	0.6034071	0.240598	0.190737	0.540532	0.0281333	2.179868	1.229488
30162	-3960.217	-4222.524	262.3072	0.6325101	0.336555	0.291271	0.34641	0.0257636	1.984196	1.323254
30168	-3946.011	-4208.022	262.0115	0.6862477	0.48409	0.222593	0.26473	0.0285862	2.00865	1.48967
30174	-3932.569	-4194.431	261.8624	0.75009	0.533419	0.143376	0.291706	0.0314992	1.9097	1.622715
30180	-3949.522	-4211.023	261.5015	0.8576867	0.37205	0.274168	0.270727	0.0830552	1.924701	1.787803
30186	-3939.379	-4200.928	261.549	0.8576867	0.343542	0.377636	0.209687	0.0691358	1.77277	1.8597
30192	-3958.029	-4219.875	261.8462	0.5608748	0.331964	0.364909	0.20262	0.100507	1.787693	1.8597
30198	-3957.026	-4218.682	261.6568	0.7509479	0.212341	0.294307	0.392535	0.100817	1.838512	1.817295
30204	-3951.323	-4213.217	261.8941	0.6971003	0.311546	0.409185	0.254023	0.0252454	1.86544	1.671938
30210	-3956.214	-4217.785	261.5711	0.8235145	0.323043	0.306248	0.263397	0.107312	1.927053	1.762443
30216	-3952.667	-4214.32	261.6527	0.7720647	0.334495	0.317105	0.301375	0.0470251	1.869688	1.783118
30222	-3980.423	-4242.392	261.9681	0.8663734	0.331123	0.323591	0.274874	0.0704109	2.020108	1.368718
30228	-3946.217	-4208.433	262.2157	0.6851126	0.467544	0.165848	0.338808	0.0278004	2.020108	1.323181
30234	-3953.136	-4214.414	261.2774	0.9092657	0.501628	0.155156	0.231898	0.111318	1.872562	1.940258
30240	-3956.773	-4218.84	262.0666	0.6618768	0.449328	0.246824	0.283441	0.0204066	2.048705	1.437019
30246	-3947.097	-4209.285	262.1882	0.6618768	0.227701	0.399261	0.350395	0.0226441	1.978317	1.397483
30252	-3947.142	-4209.365	262.2224	0.6618768	0.259535	0.313792	0.399384	0.0272892	1.978317	1.370708
30258	-3950.819	-4213.027	262.2084	0.5922595	0.338194	0.357715	0.27244	0.0316515	2.088641	1.35257
30264	-3960.889	-4223.091	262.2016	0.6391263	0.208754	0.309912	0.468735	0.0125988	2.158114	1.261883
30270	-3922.725	-4184.951	262.2256	0.6391263	0.287682	0.427088	0.275541	0.00968877	2.114111	1.278327
30276	-3940.91	-4203.282	262.3723	0.6405622	0.171122	0.357712	0.457773	0.0133922	2.293378	0.9835014
30282	-3949.62	-4212.052	262.432	0.5677553	0.292203	0.309404	0.322145	0.0762479	2.414236	0.8702797
30288	-3942.938	-4205.494	262.5561	0.5564218	0.222147	0.349163	0.265892	0.162798	2.310298	0.8603541
30294	-3951.089	-4213.53	262.4405	0.6406904	0.167561	0.540513	0.241749	0.0501766	2.310298	0.8920968
30300	-3957.847	-4220.346	262.4996	0.5647441	0.264404	0.472408	0.229194	0.0339934	2.271051	0.9572736
30306	-3949.625	-4212.011	262.3858	0.5512633	0.328654	0.316704	0.336194	0.0184483	2.271051	1.082795
30312	-3932.017	-4194.211	262.1942	0.6969803	0.331666	0.319606	0.339275	0.00945253	2.193957	1.186013
30318	-3928.146	-4190.462	262.3159	0.6278275	0.312187	0.282954	0.39308	0.0117786	2.145499	1.186013
30324	-3942.865	-4205.324	262.4587	0.6278275	0.393576	0.386729	0.207342	0.0123535	2.145499	1.057001
30330	-3954.378	-4216.633	262.2555	0.6222358	0.290581	0.243165	0.40191	0.064344	2.098469	1.281313
30336	-3957.699	-4219.924	262.2252	0.6434231	0.294812	0.304116	0.380783	0.0202897	2.106416	1.281313
30342	-3955.65	-4218.037	262.3873	0.6186958	0.308263	0.364098	0.316719	0.0109207	2.15621	1.12201
30348	-3953.752	-4216.118	262.3658	0.6186958	0.321931	0.339016	0.330761	0.00829228	2.217221	1.085897
30354	-3951.247	-4213.705	262.4577	0.6085409	0.328233	0.345653	0.262512	0.0636026	2.140155	1.082091
30360	-3943.203	-4205.619	262.416	0.6180802	0.329403	0.346885	0.263447	0.0602642	2.262571	0.994522
30366	-3950.238	-4212.463	262.2251	0.6128738	0.360172	0.332152	0.252258	0.0554188	2.112149	1.302967
30372	-3966.2	-4228.522	262.3222	0.7038722	0.226503	0.401543	0.304958	0.0669966	2.265962	0.9941576
30378	-3956.172	-4218.79	262.6189	0.4438638	0.281244	0.392417	0.297852	0.0284865	2.23601	0.9941576
30384	-3944.988	-4207.51	262.5219	0.5329462	0.222974	0.420587	0.331728	0.0247112	2.12494	1.109282
30390	-3937.72	-4200.044	262.324	0.4821337	0.183712	0.591627	0.187381	0.03728	1.938207	1.466658
30396	-3934.447	-4196.461	262.0144	0.5619127	0.35352	0.265647	0.360581	0.0202526	1.911439	1.654834
30402	-3946.221	-4208.244	262.0235	0.573466	0.25539	0.415506	0.25392	0.0751836	1.838178	1.692069
30408	-3946.549	-4208.29	261.7416	0.8085252	0.315499	0.292645	0.298977	0.0928789	1.872238	1.692069
30414	-3956.303	-4218.096	261.7938	0.7206613	0.444279	0.178072	0.345936	0.0317135	1.867668	1.723762
30420	-3965.876	-4227.22	261.3447	0.9744223	0.542257	0.215395	0.186607	0.0557409	1.807403	1.894041
30426	-3947.556	-4209.099	261.5427	0.7833702	0.420438	0.248924	0.244282	0.086357	1.866507	1.852965
30432	-3949.504	-4211.317	261.8136	0.5811096	0.487668	0.288728	0.18366	0.039944	1.909989	1.783375
30438	-3943.686	-4205.203	261.5165	0.9142829	0.459321	0.169186	0.30513	0.0663625	1.984903	1.694156
30444	-3959.188	-4220.673	261.4849	0.9142829	0.318543	0.22488	0.405574	0.0510034	1.903599	1.773442
30450	-3960.539	-4222.103	261.5633	0.711184	0.357379	0.289886	0.337642	0.0150933	1.788942	1.943364
30456	-3960.937	-4221.971	261.0349	0.7333218	0.401654	0.211904	0.369479	0.0169631	1.710572	2.324581
30462	-3957.171	-4218.298	261.1265	0.7425639	0.348228	0.28938	0.320332	0.0420595	1.73872	2.241653
30468	-3961.133	-4222.125	260.9915	0.8085756	0.290956	0.411769	0.246733	0.0505416	1.72381	2.293297
30474	-3965.813	-4227.418	261.6049	0.4600525	0.245684	0.343378	0.368791	0.0421471	1.727556	2.128375
30480	-3942.412	-4203.441	261.0294	1.059659	0.366698	0.28829	0.309626	0.0353855	1.763156	2.077633
30486	-3948.476	-4209.947	261.4714	0.9025838	0.378897	0.250146	0.319926	0.0510313	1.833222	1.839775
30492	-3965.72	-4227.493	261.7731	0.754242	0.368966	0.2382	0.311541	0.0812929	1.860258	1.718573
30498	-3952.483	-4214.223	261.7399	0.6934547	0.456865	0.115828	0.33888	0.0884267	1.925654	1.741148
30504	-3956.039	-4217.369	261.3305	0.8315905	0.219975	0.397841	0.263068	0.119116	1.930513	1.919435
30510	-3947.709	-4209.098	261.3891	0.8315905	0.353729	0.192033	0.414078	0.0401605	1.871951	1.919435
30516	-3946.761	-4208.217	261.456	0.8221659	0.318529	0.334595	0.310712	0.0361641	1.869254	1.882529
30522	-3943.921	-4205.393	261.4721	0.69597	0.418922	0.124875	0.408641	0.0475622	1.827927	1.989153
30528	-3956.5	-4217.838	261.3377	1.073993	0.523551	0.116672	0.300336	0.0594412	1.884137	1.778148
30534	-3949.485	-4211.011	261.5263	0.8239637	0.548972	0.105193	0.283507	0.0623274	1.787577	1.889009
30540	-3956.51	-4217.665	261.1547	0.8230892	0.374696	0.164127	0.384321	0.0768562	1.79009	2.135266
30546	-3967.234	-4228.796	261.5626	0.6936898	0.411985	0.218535	0.282645	0.0868356	1.700374	2.015456
30552	-3965.628	-4226.736	261.1082	0.8906766	0.306364	0.317012	0.296655	0.0799691	1.710919	2.171484
30558	-3967.459	-4229.295	261.8356	0.6925724	0.376571	0.175208	0.349926	0.0982949	1.785919	1.772582
30564	-3974.435	-4236.809	262.3741	0.6297274	0.246998	0.398621	0.282908	0.0714725	2.033701	1.229989
30570	-3962.618	-4224.573	261.9546	0.8732348	0.468703	0.212376	0.26004	0.0588806	2.044344	1.354648
30576	-3964.886	-4226.923	262.0376	0.7603359	0.420263	0.19477	0.332171	0.0527954	2.100879	1.337447
30582	-3955.471	-4216.896	261.4242	0.5749733	0.288963	0.418313	0.15689	0.135834	1.712378	2.180675
30588	-3954.981	-4216.201	261.2206	0.7704593	0.291113	0.413986	0.158057	0.136845	1.759244	2.148414
30594	-3954.484	-4215.988	261.5039	0.5153616	0.302732	0.37211	0.202156	0.123003	1.697594	2.178271
30600	-3955.87	-4217.45	261.5796	0.5460562	0.274751	0.387042	0.210268	0.127939	1.697594	2.108517
30606	-3952.997	-4214.828	261.8313	0.7461179	0.315355	0.281049	0.259156	0.14444	1.945909	1.622065
30612	-3950.043	-4211.597	261.5534	0.8362764	0.377871	0.333938	0.193639	0.0945515	1.849318	1.819434
30618	-3950.613	-4212.179	261.5657	0.8066605	0.443238	0.150602	0.222157	0.184003	1.765768	1.889348
30624	-3956.504	-4217.628	261.1236	0.9287006	0.324423	0.177364	0.443548	0.0546652	1.798126	2.07896
30630	-3963.56	-4225.128	261.5678	0.9287006	0.426307	0.233065	0.267964	0.0726641	1.907987	1.701895
30636	-3968.701	-4230.373	261.6718	0.8681723	0.545455	0.137853	0.302668	0.0140243	1.855559	1.709358
30642	-3972.189	-4233.815	261.6259	0.9402398	0.450302	0.208667	0.331944	0.00908702	1.856778	1.688633
30648	-3958.733	-4220.238	261.5055	0.8967556	0.517494	0.181597	0.282265	0.0186445	1.877022	1.790134
30654	-3958.272	-4220.282	262.0101	0.7873556	0.433882	0.313307	0.236659	0.0161518	1.95858	1.447742
30660	-3949.57	-4211.616	262.0461	0.8209764	0.46349	0.202703	0.230403	0.103404	2.019795	1.344568
30666	-3947.572	-4209.535	261.9627	0.8603794	0.361731	0.242067	0.275146	0.121056	2.109206	1.30689
30672	-3938.76	-4200.985	262.2253	0.6447993	0.436717	0.213628	0.242821	0.106834	2.173197	1.224446
30678	-3938.525	-4200.571	262.0455	0.7536567	0.40492	0.225687	0.256528	0.112865	2.13909	1.306027
30684	-3963.168	-4224.667	261.4987	0.791523	0.213269	0.410799	0.285386	0.0905465	1.859679	1.881807
30690	-3960.12	-4221.649	261.5298	0.5872989	0.286547	0.289941	0.385378	0.0381346	1.806096	2.041648
30696	-3951.002	-4212.309	261.3072	0.750674	0.338834	0.312223	0.317523	0.0314201	1.856022	2.041648
30702	-3954.158	-4215.566	261.408	0.7523578	0.25946	0.391322	0.243139	0.106079	1.878975	1.957978
30708	-3943.906	-4205.681	261.775	0.567761	0.202174	0.480031	0.282315	0.0354801	1.811933	1.886918
30714	-3947.023	-4208.515	261.4923	0.7460736	0.341872	0.307817	0.3323	0.0180105	1.906439	1.886918
30720	-3946.903	-4208.966	262.0632	0.7393074	0.33303	0.168625	0.420212	0.0781337	2.062026	1.365563
30726	-3947.686	-4209.55	261.8637	0.8690194	0.483877	0.107054	0.368371	0.0406983	1.988903	1.471276
30732	-3953.331	-4215.218	261.8873	0.9890817	0.481174	0.138634	0.303516	0.0766757	1.955746	1.384493
30738	-3970.791	-4232.699	261.908	0.8614077	0.468638	0.195156	0.299305	0.0369008	1.912601	1.501348
30744	-3960.51	-4221.738	261.2283	0.7556556	0.260833	0.372299	0.319701	0.0471676	1.727761	2.173997
30750	-3938.937	-4200.356	261.4192	0.7556556	0.384977	0.28703	0.240564	0.0874295	1.781813	2.013069
30756	-3940.965	-4202.334	261.3693	0.8212653	0.320982	0.302245	0.27634	0.100432	1.762893	2.013069
30762	-3948.348	-4209.619	261.2716	0.8764427	0.500579	0.193869	0.241131	0.06442	1.862098	1.973809
30768	-3947.051	-4208.581	261.5304	0.8141369	0.180905	0.384222	0.253008	0.181865	1.897537	1.817944
30774	-3944.519	-4205.927	261.4079	0.931559	0.175242	0.256646	0.396912	0.1712	1.872979	1.835688
30780	-3940.507	-4200.949	260.4425	0.9692617	0.463363	0.0935063	0.29831	0.144821	1.663098	2.573111
30786	-3966.023	-4225.509	259.4861	1.486515	0.486125	0.182041	0.198321	0.133513	1.574102	2.916253
30792	-3948.763	-4209.782	261.0193	0.9813358	0.524768	0.196511	0.214086	0.0646353	1.721616	2.162406
30798	-3949.494	-4210.762	261.2686	0.8326908	0.51906	0.0671961	0.349812	0.0639323	1.747802	2.081758
30804	-3963.948	-4225.339	261.3909	0.926137	0.459364	0.136078	0.238011	0.166547	1.778079	1.915798
30810	-3955.864	-4217.538	261.6741	0.8364548	0.369346	0.260504	0.264097	0.106052	1.957394	1.658665
30816	-3957.468	-4218.985	261.517	0.8364548	0.333034	0.275504	0.279304	0.112159	1.873682	1.827577
30822	-3959.518	-4220.844	261.326	0.8771434	0.294203	0.321291	0.29913	0.0853759	1.723595	2.029417
30828	-3960.45	-4221.905	261.4553	0.6723359	0.367148	0.220722	0.353478	0.0586519	1.80928	2.029417
30834	-3969.728	-4231.041	261.3131	0.9788578	0.302921	0.217001	0.346027	0.13405	1.814038	1.907943
30840	-3968.871	-4229.616	260.7455	0.7333981	0.358457	0.0734497	0.409466	0.158627	1.597904	2.577149
30846	-3965.48	-4226.49	261.0098	0.871135	0.549545	0.0543466	0.302971	0.0931379	1.706827	2.250771
30852	-3940.74	-4202.743	262.0023	0.7269215	0.42681	0.121278	0.350631	0.101281	2.060662	1.424294
30858	-3942.047	-4204.167	262.1204	0.7303521	0.388761	0.199615	0.319373	0.0922519	2.07071	1.320657
30864	-3964.375	-4226	261.6252	0.9527851	0.48461	0.0760631	0.388817	0.0505099	1.839115	1.692637
30870	-3950.614	-4212.214	261.6007	0.9527851	0.277014	0.124988	0.565067	0.0329308	1.925959	1.648188
30876	-3951.857	-4213.52	261.6638	0.7459275	0.344254	0.165164	0.447066	0.0435161	1.925959	1.755391
30882	-3953.238	-4215.049	261.8115	0.7832748	0.283027	0.329088	0.335632	0.0522534	1.925959	1.622495
30888	-3954.69	-4216.43	261.7404	0.7962546	0.324013	0.376743	0.239424	0.0598203	1.864329	1.707561
30894	-3948.2	-4210.277	262.0767	0.5940658	0.23595	0.43061	0.266782	0.0666579	1.953606	1.554649
30900	-3956.504	-4218.641	262.1374	0.5940658	0.223513	0.43762	0.271124	0.0677429	1.880456	1.563813
30906	-3951.105	-4213.251	262.1453	0.7457986	0.312137	0.327486	0.26161	0.098767	1.956125	1.378919
30912	-3952.659	-4215.142	262.483	0.619803	0.316645	0.332216	0.265388	0.0857505	2.105536	1.079689
30918	-3962.418	-4224.561	262.144	0.7687084	0.264559	0.451523	0.238889	0.0450292	2.061707	1.275858
30924	-3952.888	-4215.256	262.3688	0.6932524	0.373091	0.243834	0.260189	0.122887	2.285772	0.936935
30930	-3946.878	-4209.161	262.2828	0.6932524	0.243203	0.406232	0.238108	0.112458	2.344556	0.9655745
30936	-3947.832	-4210.177	262.3448	0.6912809	0.465564	0.271174	0.17881	0.0844517	2.231848	1.018786
30942	-3946.593	-4208.937	262.3442	0.6912809	0.476051	0.277283	0.188227	0.0584387	2.257504	0.9938999
30948	-3949.229	-4211.412	262.1833	0.7336505	0.302974	0.279089	0.36772	0.0502177	2.261374	1.101288
30954	-3961.995	-4224.209	262.2132	0.7557377	0.345365	0.300053	0.299325	0.0552573	2.261374	1.051561
30960	-3953.798	-4216.071	262.2726	0.7349685	0.298458	0.302963	0.228326	0.170254	2.223969	1.051561
30966	-3949.738	-4212.01	262.2721	0.7349685	0.321017	0.29533	0.217689	0.165964	2.224444	1.051561
30972	-3948.017	-4210.145	262.128	0.6297961	0.325199	0.308927	0.220526	0.145348	2.170747	1.319673
30978	-3939.33	-4201.361	262.0304	0.7465598	0.427804	0.272903	0.260116	0.0391769	2.087385	1.365426
30984	-3952.417	-4214.569	262.1525	0.6633976	0.422441	0.257545	0.298638	0.0213758	2.087286	1.338415
30990	-3952.324	-4214.717	262.3921	0.678972	0.314075	0.377198	0.292835	0.0158924	2.087286	1.12236
30996	-3948.548	-4210.686	262.1376	0.6900765	0.324924	0.368641	0.299086	0.00734844	2.171476	1.259114
31002	-3963.114	-4225.106	261.9917	0.8024449	0.270215	0.23249	0.360179	0.137116	2.033198	1.392133
31008	-3951.049	-4213.299	262.2494	0.8024449	0.212884	0.298318	0.380773	0.108024	2.033198	1.18106
31014	-3939.216	-4201.194	261.9785	0.7784145	0.448465	0.253581	0.289006	0.00894832	2.098873	1.370762
31020	-3939.904	-4201.828	261.9231	0.7878759	0.447753	0.203107	0.334394	0.0147457	2.075841	1.42415
31026	-3960.216	-4222.212	261.9969	0.7878759	0.380196	0.247701	0.362512	0.00959097	2.067525	1.373193
31032	-3943.941	-4205.983	262.0417	0.7044073	0.371272	0.244441	0.354004	0.0302823	2.067525	1.406996
31038	-3949.576	-4211.662	262.0856	0.6734027	0.316738	0.390815	0.249433	0.0430142	2.021136	1.434268
31044	-3944.732	-4206.797	262.0648	0.675238	0.276312	0.468567	0.217597	0.0375242	2.118734	1.373084
31050	-3942.903	-4204.971	262.0684	0.7757804	0.38963	0.297535	0.296323	0.0165121	2.006264	1.37511
31056	-3950.787	-4212.802	262.0149	0.714645	0.315965	0.241282	0.429363	0.0133903	1.988952	1.479334
31062	-3943.017	-4205.049	262.0323	0.7224324	0.523397	0.187286	0.272825	0.0164912	2.018727	1.437107
31068	-3938.429	-4200.355	261.9268	0.7919149	0.41262	0.232741	0.343491	0.0111481	2.051002	1.437107
31074	-3940.912	-4203.088	262.1753	0.6418026	0.409681	0.231083	0.31484	0.0443964	1.904191	1.480411
31080	-3949.954	-4211.775	261.8206	0.8121304	0.287622	0.373138	0.306573	0.032667	2.083815	1.476862
31086	-3947.876	-4209.986	262.11	0.8326444	0.287168	0.372548	0.299945	0.0403395	2.02458	1.279256
31092	-3956.22	-4218.085	261.8652	0.6572507	0.433447	0.152862	0.35042	0.0632712	1.931553	1.675547
31098	-3956.997	-4218.491	261.4944	0.996253	0.394605	0.169686	0.365086	0.0706229	1.917156	1.699023
31104	-3957.804	-4218.607	260.8032	0.8792315	0.454307	0.247657	0.248616	0.0494203	1.597651	2.446068
31110	-3962.293	-4223.355	261.0624	0.8477152	0.491876	0.182859	0.265806	0.0594595	1.597768	2.302478
31116	-3961.34	-4221.588	260.2483	1.164943	0.464337	0.278583	0.218961	0.0381193	1.556783	2.640221
31122	-3954.343	-4215.059	260.7158	0.8481237	0.340343	0.0427225	0.586127	0.0308072	1.597065	2.521315
31128	-3961.558	-4222.332	260.774	0.8553105	0.55986	0.138964	0.271523	0.0296534	1.575129	2.493996
31134	-3945.122	-4206.336	261.2147	0.5798378	0.232494	0.492439	0.227177	0.0478897	1.697382	2.321713
31140	-3969.316	-4230.423	261.1061	0.8359565	0.245129	0.519202	0.185177	0.0504924	1.742955	2.188848
31146	-3945.145	-4206.306	261.1617	1.091131	0.375763	0.36262	0.184215	0.0774008	1.771498	1.96372
31152	-3947.149	-4208.199	261.0494	1.215976	0.419703	0.288089	0.205756	0.0864517	1.705103	2.003374
31158	-3947.151	-4208.823	261.6723	0.8686694	0.417558	0.117576	0.320779	0.144087	1.801938	1.746371
31164	-3948.682	-4210.484	261.8022	0.7825229	0.507124	0.139461	0.257956	0.0954579	1.892561	1.653743
31170	-3947.926	-4210.027	262.1005	0.7270967	0.490989	0.24645	0.213185	0.0493757	1.994465	1.399374
31176	-3944.061	-4206.124	262.0628	0.7202962	0.490789	0.252508	0.243637	0.0130662	1.893339	1.510663
31182	-3942.812	-4204.521	261.7087	0.9441828	0.392245	0.300658	0.291539	0.0155578	1.992308	1.527241
31188	-3937.373	-4199.573	262.2006	0.6043357	0.36703	0.281331	0.337082	0.0145577	2.037864	1.388738
31194	-3937.078	-4199.313	262.2357	0.6938009	0.418579	0.16023	0.394866	0.0263253	2.112563	1.222991
31200	-3926.742	-4188.443	261.7012	0.9302772	0.399658	0.148408	0.419094	0.0328405	2.024965	1.519052
31206	-3939.874	-4201.279	261.4052	0.9340556	0.391563	0.0851911	0.473839	0.0494068	1.828794	1.866101
31212	-3937.771	-4198.915	261.1446	0.7998062	0.379616	0.168915	0.425916	0.0255523	1.711804	2.208495
31218	-3944.305	-4205.432	261.1264	0.9849061	0.423094	0.159772	0.404329	0.0128041	1.740487	2.077647
31224	-3953.261	-4214.646	261.3846	0.8425547	0.399093	0.271379	0.295869	0.0336585	1.695521	2.032896
31230	-3955.323	-4216.767	261.4439	0.9908874	0.41484	0.282087	0.277243	0.0258301	1.84064	1.791785
31236	-3949.037	-4210.778	261.7406	1.019293	0.555801	0.113219	0.313121	0.0178585	2.028428	1.418569
31242	-3950.334	-4211.772	261.4371	0.9683091	0.482436	0.166868	0.294592	0.0561044	1.805732	1.836256
31248	-3940.079	-4200.756	260.6766	1.17746	0.5837	0.146424	0.201996	0.0678808	1.68437	2.283848
31254	-3940.462	-4201.289	260.8271	1.01835	0.420124	0.144224	0.345218	0.0904341	1.688564	2.283848
31260	-3938.048	-4199.109	261.061	0.8342642	0.420124	0.144224	0.345218	0.0904341	1.616897	2.300079
31266	-3952.415	-4213.617	261.2019	0.8342642	0.390286	0.133981	0.391722	0.0840113	1.731186	2.1353
31272	-3957.71	-4219.262	261.5521	0.7886854	0.396245	0.112163	0.394632	0.0969599	1.833122	1.86555
31278	-3953.974	-4215.63	261.6552	0.6910427	0.402811	0.290927	0.201511	0.104751	1.833122	1.86555
31284	-3947.97	-4209.901	261.9318	0.6144486	0.30336	0.462015	0.20468	0.029946	2.012192	1.602125
31290	-3943.83	-4205.966	262.1355	0.6695662	0.209716	0.464742	0.266238	0.059304	1.984579	1.427097
31296	-3957.639	-4220.014	262.3749	0.6695662	0.131386	0.509025	0.294634	0.0649548	2.013129	1.211034
31302	-3951.188	-4213.462	262.2739	0.5990278	0.170838	0.561586	0.245292	0.0222841	2.012673	1.355291
31308	-3947.64	-4209.946	262.3061	0.3784471	0.226279	0.431378	0.324894	0.0174493	1.855748	1.609881
31314	-3949.134	-4210.842	261.7086	0.7741492	0.325488	0.266743	0.393703	0.0140662	1.952756	1.683929
31320	-3949.538	-4211.109	261.5711	0.858166	0.278977	0.228627	0.475647	0.0167493	1.86604	1.779818
31326	-3940.973	-4202.813	261.8407	0.9408689	0.420205	0.1974	0.219831	0.162564	1.947034	1.464609
31332	-3938.946	-4200.503	261.5567	0.9408689	0.402331	0.201874	0.322454	0.0733415	1.935664	1.681337
31338	-3944.308	-4206.046	261.7374	0.8501645	0.282124	0.405713	0.275064	0.0370992	1.831788	1.692948
31344	-3957.025	-4218.477	261.452	0.5520458	0.262762	0.390942	0.288532	0.0577636	1.755975	2.149734
31350	-3950.933	-4212.183	261.2499	0.7935589	0.494428	0.180501	0.292256	0.032814	1.716457	2.141404
31356	-3946.597	-4208.271	261.6741	0.6555559	0.341989	0.450792	0.196766	0.0104539	1.768379	1.922263
31362	-3948.601	-4210.013	261.4118	0.8386454	0.408658	0.324561	0.254437	0.0123443	1.850977	1.913274
31368	-3966.482	-4228.269	261.7873	0.701001	0.408658	0.324561	0.254437	0.0123443	1.811144	1.782404
31374	-3963.469	-4224.851	261.382	0.9155779	0.393478	0.277313	0.245445	0.0837645	1.898841	1.846919
31380	-3950.806	-4212.525	261.7196	0.9155779	0.421187	0.296842	0.192308	0.0896632	1.983246	1.547479
31386	-3967.002	-4228.319	261.3173	1.119949	0.542847	0.190094	0.182138	0.0849213	1.948288	1.716187
31392	-3950.471	-4211.183	260.7124	0.7233399	0.343272	0.486151	0.12032	0.0502574	1.67435	2.556854
31398	-3969.788	-4230.631	260.8425	0.8396062	0.514709	0.202355	0.226876	0.0560599	1.713947	2.373778
31404	-3956.803	-4218.336	261.5332	0.7814416	0.44613	0.14567	0.313374	0.0948266	1.936442	1.812781
31410	-3969.56	-4230.196	260.636	1.19271	0.566397	0.199093	0.18215	0.0523597	1.74491	2.261798
31416	-3949.209	-4210.379	261.1697	0.7483351	0.47337	0.200094	0.231889	0.0946466	1.814703	2.160647
31422	-3947.556	-4208.662	261.1056	0.666971	0.436855	0.184659	0.29114	0.0873457	1.734946	2.30877
31428	-3948.868	-4210.387	261.5191	0.8014926	0.410526	0.283763	0.269732	0.0359792	1.754411	1.932265
31434	-3953.97	-4215.762	261.7923	0.695036	0.364207	0.16277	0.397158	0.0758645	1.780655	1.804509
31440	-3965.943	-4227.839	261.8959	0.6982161	0.478753	0.213963	0.20756	0.0997245	1.746853	1.753584
31446	-3953.526	-4215.285	261.7589	0.8204512	0.478753	0.213963	0.20756	0.0997245	1.755079	1.753584
31452	-3959.074	-4220.19	261.1161	0.8663166	0.354794	0.343828	0.205636	0.0957417	1.676474	2.205031
31458	-3969.134	-4230.397	261.2627	0.693055	0.406942	0.269008	0.221106	0.102944	1.711707	2.205031
31464	-3964.658	-4226.426	261.768	0.7561685	0.444431	0.273903	0.182487	0.0991784	1.749753	1.797922
31470	-3961.994	-4224.09	262.0956	0.4808509	0.242599	0.462097	0.18491	0.110394	1.763415	1.760043
31476	-3949.367	-4210.814	261.4467	0.9117783	0.370518	0.316731	0.302626	0.0101251	1.826224	1.855045
31482	-3950.145	-4211.866	261.7203	0.8737949	0.373474	0.378697	0.23878	0.0090489	1.865576	1.663646
31488	-3951.175	-4212.826	261.6505	0.7020923	0.467067	0.158902	0.325413	0.048618	1.818303	1.870868
31494	-3952.865	-4214.561	261.6966	0.8609603	0.359951	0.356393	0.232162	0.0514933	1.87152	1.685743
31500	-3959.324	-4220.246	260.9227	0.7751936	0.34844	0.250773	0.337381	0.0634068	1.663792	2.397422
31506	-3955.582	-4216.066	260.4843	0.7700622	0.318275	0.271753	0.293687	0.116285	1.725434	2.635938
31512	-3951.132	-4211.993	260.8607	0.8564339	0.377528	0.260931	0.22636	0.135181	1.648944	2.392328
31518	-3945.389	-4206.586	261.1975	0.8536337	0.282039	0.275508	0.38506	0.0573922	1.785176	2.089659
31524	-3959.612	-4220.718	261.1064	0.9745464	0.393573	0.28391	0.204301	0.118217	1.758388	2.085875
31530	-3950.836	-4212.214	261.3788	0.8388473	0.323248	0.215889	0.341454	0.11941	1.803437	1.967397
31536	-3955.667	-4217.374	261.7069	0.7063014	0.426711	0.284989	0.197706	0.0905944	1.820375	1.827771
31542	-3959.624	-4221.349	261.7257	0.6482437	0.312296	0.194254	0.404688	0.0887616	1.774449	1.888396
31548	-3961.506	-4222.796	261.2895	0.7131589	0.412363	0.142308	0.433771	0.0115574	1.774449	2.133049
31554	-3953.59	-4214.849	261.2591	0.8238041	0.515564	0.183999	0.281106	0.0193303	1.688391	2.133049
31560	-3964.002	-4224.745	260.7423	0.8238041	0.451735	0.187472	0.290264	0.0705282	1.766458	2.414359
31566	-3949.117	-4209.926	260.809	0.7994926	0.347258	0.216902	0.381624	0.0542165	1.627887	2.475511
31572	-3952.442	-4213.15	260.7083	0.8207178	0.513021	0.164528	0.289475	0.0329769	1.706367	2.475511
31578	-3949.846	-4211.56	261.7141	0.7960521	0.443182	0.161144	0.356535	0.0391386	2.003309	1.627286
31584	-3956.702	-4218.73	262.0278	0.6228238	0.249559	0.368546	0.37167	0.010225	1.941721	1.577078
31590	-3968.722	-4230.935	262.2132	0.729306	0.342577	0.36967	0.183855	0.103898	1.942569	1.349756
31596	-3952.51	-4214.748	262.2383	0.6619925	0.283459	0.411276	0.250414	0.0548516	1.991914	1.347284
31602	-3949.283	-4211.322	262.0394	0.7950107	0.283459	0.411276	0.250414	0.0548516	2.008708	1.38009
31608	-3952.469	-4214.423	261.9539	0.750787	0.396057	0.179107	0.349887	0.0749497	2.010727	1.480086
31614	-3966.043	-4227.966	261.9231	0.7248761	0.450405	0.188257	0.337254	0.024084	1.922596	1.588632
31620	-3955.392	-4217.485	262.0927	0.7248761	0.347499	0.223506	0.400402	0.0285936	2.027838	1.381289
31626	-3960.102	-4222.23	262.1283	0.7248761	0.302389	0.194492	0.348424	0.154694	2.041717	1.342178
31632	-3968.683	-4230.876	262.1928	0.7647166	0.455097	0.129378	0.355676	0.0598488	2.163204	1.151542
31638	-3976.315	-4238.775	262.4602	0.5898009	0.369524	0.271433	0.33029	0.0287532	2.20866	1.033368
31644	-3970.598	-4232.679	262.0815	1.000611	0.29761	0.299391	0.320543	0.0824555	2.337096	0.8428257
31650	-3971.424	-4233.851	262.4267	0.680696	0.331355	0.290615	0.345804	0.0322261	2.281651	0.8922542
31656	-3975.987	-4238.346	262.3597	0.8783308	0.379399	0.274294	0.326384	0.0199227	2.124108	0.9114634
31662	-3979.67	-4240.594	260.924	2.154757	0.734506	0.0220057	0.12992	0.113568	2.007615	1.320551
31668	-3977.918	-4238.751	260.8333	2.204409	0.707125	0.0124577	0.149625	0.130793	2.062684	1.320551
31674	-3958.964	-4221.306	262.3415	0.8090098	0.512703	0.139999	0.265753	0.081545	2.15007	0.9797196
31680	-3961.892	-4223.979	262.0873	0.8090098	0.479644	0.139561	0.248617	0.132178	2.088411	1.265701
31686	-3978.509	-4240.463	261.9538	1.055424	0.346008	0.300013	0.258627	0.0953516	1.990989	1.249269
31692	-3966.667	-4228.502	261.8346	1.153501	0.509884	0.142198	0.308533	0.0393853	2.01499	1.249269
31698	-3971.56	-4233.239	261.6792	1.153501	0.530066	0.137784	0.261934	0.0702151	1.986478	1.397212
31704	-3960.94	-4222.998	262.058	0.9463903	0.4255	0.224286	0.24092	0.109294	1.986478	1.257057
31710	-3971.068	-4232.849	261.7807	1.226256	0.460539	0.129912	0.374937	0.0346117	1.986478	1.260564
31716	-3958.456	-4220.277	261.8206	1.070989	0.444856	0.111209	0.406418	0.0375178	2.033314	1.311341
31722	-3962.721	-4224.496	261.775	1.151533	0.389707	0.224586	0.356034	0.0296727	2.010824	1.303249
31728	-3965.55	-4227.667	262.1174	0.8279407	0.40879	0.235583	0.340085	0.0155425	2.064181	1.244417
31734	-3974.534	-4236.778	262.2439	0.7326975	0.448087	0.326491	0.219399	0.00602377	2.162404	1.136912
31740	-3970.979	-4232.434	261.4555	0.7985596	0.48258	0.142755	0.33361	0.0410542	1.979116	1.824592
31746	-3953.962	-4215.725	261.7637	0.7985596	0.50657	0.0817142	0.350195	0.0615212	2.022859	1.575115
31752	-3959.279	-4221.128	261.8485	0.8056283	0.475305	0.137364	0.328581	0.05875	1.919455	1.583267
31758	-3954.923	-4216.539	261.6165	0.9944013	0.414829	0.277869	0.288266	0.0190362	1.900314	1.625098
31764	-3956.25	-4217.84	261.5902	0.9523231	0.464795	0.210437	0.276859	0.047909	1.968927	1.625098
31770	-3967.831	-4230.007	262.1758	0.7972182	0.522224	0.292059	0.157924	0.0277938	2.088315	1.201734
31776	-3968.26	-4230.403	262.1431	0.8068287	0.41401	0.218425	0.28026	0.0873042	2.04101	1.260626
31782	-3951.09	-4213.065	261.9749	0.937622	0.496843	0.2093	0.281424	0.0124334	2.008088	1.314614
31788	-3975.008	-4237.367	262.3583	0.6842915	0.271588	0.429244	0.295874	0.00329377	2.100005	1.136208
31794	-3955.28	-4217.252	261.9719	0.6698316	0.273938	0.276392	0.31334	0.136329	2.048466	1.502572
31800	-3950.066	-4211.726	261.6593	0.9007962	0.324625	0.255895	0.219592	0.199888	1.902799	1.660768
31806	-3941.906	-4203.429	261.5235	1.057191	0.337472	0.190943	0.405513	0.0660715	1.895389	1.650697
31812	-3950.895	-4212.263	261.3682	0.8532026	0.188609	0.328613	0.405878	0.0768994	1.895389	1.902476
31818	-3939.815	-4201.234	261.4188	0.8532026	0.188609	0.328613	0.405878	0.0768994	1.848202	1.900174
31824	-3938.785	-4200.624	261.8389	0.6541705	0.2403	0.250409	0.390299	0.118992	1.918829	1.705586
31830	-3953.801	-4215.099	261.2979	1.12409	0.341597	0.268559	0.357219	0.0326252	2.017855	1.677771
31836	-3939.174	-4201.073	261.899	0.812158	0.35829	0.249666	0.374675	0.0173693	2.028497	1.459314
31842	-3948.34	-4209.832	261.4929	1.041435	0.500881	0.10279	0.291641	0.104688	1.964256	1.634329
31848	-3952.186	-4213.798	261.6119	1.045295	0.487113	0.0999645	0.311112	0.101811	1.841466	1.634329
31854	-3948.515	-4210.159	261.6442	0.7993794	0.292318	0.217696	0.452014	0.037972	1.861226	1.774985
31860	-3948.501	-4210.246	261.7443	0.7209597	0.302154	0.33638	0.322216	0.0392497	1.843695	1.774985
31866	-3956.451	-4218.023	261.5722	0.9370092	0.514501	0.232331	0.195401	0.0577665	1.790964	1.774985
31872	-3960.42	-4222.086	261.6657	0.6888816	0.35952	0.133985	0.431551	0.074944	1.777844	1.897591
31878	-3953.711	-4214.858	261.1467	1.199238	0.389117	0.0997514	0.467078	0.0440535	1.852189	1.848929
31884	-3956.224	-4218.021	261.7973	0.7958561	0.353094	0.36096	0.193847	0.0920992	1.907875	1.636225
31890	-3954.479	-4216.389	261.9097	0.8712359	0.337965	0.345495	0.228387	0.0881531	2.041178	1.394018
31896	-3955.75	-4217.992	262.2424	0.6977699	0.43759	0.199752	0.295711	0.0669465	2.041833	1.272909
31902	-3965.014	-4227.272	262.2589	0.8617881	0.544731	0.0768966	0.264617	0.113756	2.048807	1.103753
31908	-3976.338	-4238.448	262.1097	0.8388465	0.529932	0.0892847	0.307247	0.0735366	1.995343	1.298082
31914	-3974.339	-4236.256	261.9172	1.041515	0.394955	0.223794	0.30418	0.0770713	1.960993	1.315114
31920	-3945.762	-4207.79	262.0285	0.8407595	0.477088	0.247067	0.193047	0.0827984	1.929476	1.413038
31926	-3964.296	-4226.358	262.0622	0.9524087	0.485329	0.22833	0.230163	0.0561776	1.967289	1.264381
31932	-3969.96	-4232.047	262.087	0.8378814	0.388837	0.450421	0.1583	0.00244306	1.936813	1.363989
31938	-3959.815	-4221.929	262.1143	0.7892602	0.36843	0.304965	0.320661	0.00594324	2.009213	1.325087
31944	-3953.959	-4215.712	261.7526	1.06611	0.46097	0.146912	0.384983	0.0071354	2.00233	1.393674
31950	-3960.512	-4222.389	261.8768	1.059672	0.544141	0.127191	0.320246	0.0084228	2.030848	1.276607
31956	-3952.931	-4215	262.0692	0.7868356	0.322281	0.269588	0.397671	0.0104592	2.022081	1.352796
31962	-3941.704	-4204.044	262.3391	0.6028428	0.293868	0.356878	0.3278	0.0214548	2.136903	1.196042
31968	-3962.793	-4224.976	262.1835	0.7721709	0.230476	0.385056	0.353682	0.0307858	2.22438	1.097755
31974	-3945.529	-4207.888	262.3597	0.6493687	0.265649	0.255085	0.409417	0.0698489	2.219908	1.058727
31980	-3946.267	-4208.364	262.0967	0.8207877	0.283976	0.233842	0.411908	0.0702739	2.053199	1.276797
31986	-3956.151	-4218.302	262.1515	0.7739718	0.330124	0.269527	0.324585	0.0757647	2.043307	1.280251
31992	-3953.034	-4215.153	262.119	0.7739718	0.29803	0.243324	0.427179	0.0314662	2.075839	1.280251
31998	-3941.315	-4203.662	262.3465	0.6561236	0.139451	0.385502	0.442456	0.0325915	2.075839	1.193841
32004	-3941.875	-4204.121	262.2463	0.6561236	0.0982945	0.630576	0.235436	0.0356932	2.116943	1.244
32010	-3945.41	-4207.674	262.2639	0.6561236	0.207057	0.414828	0.355089	0.0230258	2.185057	1.170812
32016	-3944.887	-4207.186	262.2988	0.6908456	0.246392	0.530164	0.196045	0.0274	2.199056	1.094087
32022	-3950.811	-4213.267	262.4565	0.6908456	0.36304	0.318214	0.288858	0.0298891	2.199056	0.9385857
32028	-3944.856	-4207.144	262.2879	0.8316706	0.354246	0.378626	0.231238	0.0358903	2.174707	0.9851062
32034	-3947.817	-4210.231	262.414	0.629507	0.411316	0.354258	0.162933	0.0714937	2.273182	0.9735066
32040	-3951.364	-4213.859	262.4946	0.5866109	0.274685	0.42557	0.232113	0.0676319	2.192224	1.019127
32046	-3952.113	-4214.044	261.9314	0.7603756	0.339751	0.330444	0.27729	0.0525144	1.98254	1.510557
32052	-3939.053	-4201.124	262.0709	0.78725	0.42456	0.342749	0.160303	0.0723883	2.064964	1.316852
32058	-3934.446	-4196.762	262.3162	0.7216955	0.322576	0.392727	0.26952	0.015178	2.064964	1.169318
32064	-3936.603	-4198.696	262.0935	0.7118093	0.352415	0.351686	0.279242	0.0166574	2.005863	1.40851
32070	-3923.217	-4185.316	262.0983	0.6733285	0.347096	0.346378	0.275028	0.0314975	1.97269	1.461574
32076	-3927.617	-4189.648	262.0305	0.6909326	0.237721	0.276857	0.364658	0.120765	2.021872	1.461574
32082	-3936.66	-4198.847	262.1869	0.6948623	0.237721	0.276857	0.364658	0.120765	2.064871	1.301982
32088	-3952.656	-4215.051	262.395	0.6142493	0.221786	0.290419	0.355515	0.13228	2.164406	1.111863
32094	-3951.847	-4214.247	262.4	0.6110174	0.260516	0.398673	0.233359	0.107453	2.220193	1.058699
32100	-3954.95	-4217.287	262.3364	0.6086229	0.4363	0.213232	0.145863	0.204606	2.125195	1.203219
32106	-3968.259	-4230.381	262.1226	0.7986981	0.362622	0.34744	0.214771	0.0751669	2.081721	1.250901
32112	-3949.515	-4211.404	261.8889	0.783304	0.365856	0.35054	0.229033	0.0545715	1.9738	1.530704
32118	-3947.051	-4209.026	261.9751	0.6894607	0.340268	0.273247	0.310295	0.0761904	2.020502	1.505575
32124	-3944.152	-4206.44	262.2884	0.5983018	0.427426	0.306161	0.2293	0.0371123	2.063872	1.303191
32130	-3949.671	-4211.554	261.8827	0.8833027	0.394585	0.243029	0.300818	0.061567	1.989196	1.445367
32136	-3955.327	-4217.249	261.9219	0.9075418	0.542159	0.139657	0.230778	0.0874051	1.895661	1.46782
32142	-3964.172	-4226.012	261.8408	0.7491477	0.573204	0.15163	0.256897	0.0182689	1.883026	1.658135
32148	-3966.287	-4227.951	261.6631	0.8969274	0.356125	0.0819006	0.540774	0.0212006	1.844044	1.702681
32154	-3963.616	-4225.494	261.8776	0.9639564	0.619995	0.073565	0.24804	0.0583997	1.970029	1.400684
32160	-3962.273	-4223.863	261.5898	1.087138	0.591507	0.0846948	0.236643	0.0871555	1.959547	1.534159
32166	-3964.777	-4226.317	261.5403	1.125265	0.511478	0.0323092	0.351091	0.105122	1.908392	1.581111
32172	-3969.557	-4231.13	261.5739	1.125265	0.506137	0.0392758	0.35107	0.103518	1.930719	1.539925
32178	-3966.112	-4227.459	261.3472	1.24872	0.477631	0.0785429	0.38512	0.0587055	1.91868	1.628929
32184	-3956.101	-4217.863	261.7616	0.8117888	0.489135	0.173767	0.2879	0.049198	1.91868	1.642153
32190	-3943.136	-4204.99	261.8541	0.8588142	0.445539	0.169092	0.310278	0.0750913	1.902927	1.550624
32196	-3948.984	-4210.632	261.648	0.7384106	0.529207	0.158509	0.290858	0.0214267	1.829934	1.838334
32202	-3947.086	-4208.575	261.4896	0.8366814	0.40277	0.120638	0.367314	0.109279	1.796638	1.898777
32208	-3964.293	-4225.304	261.0104	1.032522	0.426327	0.334111	0.123892	0.11567	1.750176	2.116219
32214	-3950.814	-4211.435	260.621	0.9140295	0.293355	0.363483	0.319826	0.0233362	1.686927	2.481948
32220	-3962.845	-4224.526	261.6812	0.6296432	0.233796	0.38918	0.320155	0.0568691	1.862533	1.872096
32226	-3953.59	-4214.963	261.3733	0.9537801	0.403565	0.119288	0.378983	0.098164	1.897723	1.827003
32232	-3959.962	-4221.361	261.3992	0.6532543	0.316068	0.354483	0.190263	0.139186	1.71865	2.139276
32238	-3973.508	-4234.925	261.4169	0.6532543	0.315336	0.403182	0.189823	0.0916583	1.72389	2.124268
32244	-3964.537	-4226.122	261.5852	0.5874982	0.264638	0.338361	0.286795	0.110205	1.818886	1.996185
32250	-3951.666	-4213.801	262.1352	0.3833439	0.285904	0.365551	0.309842	0.0387028	1.812893	1.75915
32256	-3950.843	-4212.393	261.5503	0.7392971	0.236852	0.492706	0.226713	0.0437295	1.889008	1.864155
32262	-3954.269	-4214.755	260.4865	0.8972852	0.533144	0.0802832	0.253446	0.133127	1.596171	2.632645
32268	-3953.951	-4214.415	260.4637	0.8858526	0.426886	0.0693174	0.434781	0.069015	1.596171	2.65393
32274	-3958.52	-4220.274	261.7538	0.5674953	0.218687	0.532633	0.224437	0.0242429	1.861324	1.867843
32280	-3958.933	-4220.831	261.8982	0.6611063	0.326369	0.419481	0.202457	0.0516929	1.92149	1.656238
32286	-3947.74	-4210.051	262.3107	0.6010233	0.241815	0.392875	0.150006	0.215304	1.962757	1.364009
32292	-3954.2	-4216.549	262.3489	0.6010233	0.423335	0.218577	0.199121	0.158967	1.924493	1.364009
32298	-3940.061	-4201.772	261.711	0.7073913	0.337272	0.317572	0.287044	0.0581116	1.926165	1.750692
32304	-3952.492	-4214.173	261.6809	0.7073913	0.379771	0.28856	0.241923	0.0897459	1.891066	1.796086
32310	-3945.929	-4207.833	261.9044	0.7073913	0.292689	0.39391	0.246778	0.0666234	1.85519	1.664138
32316	-3933.846	-4195.391	261.5452	1.004592	0.426692	0.329943	0.19163	0.0517351	1.907082	1.664138
32322	-3966.694	-4228.347	261.6531	0.6710328	0.236776	0.369064	0.365451	0.0287085	1.85663	1.865412
32328	-3968.539	-4230.255	261.716	0.7751437	0.335223	0.315812	0.322772	0.026193	1.779859	1.799255
32334	-3953.285	-4214.643	261.3577	0.7375043	0.443944	0.152607	0.380628	0.0228202	1.810817	2.047346
32340	-3949.286	-4210.62	261.3336	0.8976811	0.436398	0.162215	0.260082	0.141305	1.893878	1.895859
32346	-3952.023	-4213.661	261.6379	0.8665043	0.435946	0.170405	0.186841	0.206807	1.994556	1.635607
32352	-3941.079	-4203.137	262.0575	0.610322	0.413054	0.269372	0.203062	0.114512	1.974377	1.540832
32358	-3961.638	-4223.351	261.7128	0.715895	0.393811	0.263592	0.176037	0.16656	1.832423	1.808367
32364	-3964.145	-4225.822	261.6768	0.7530692	0.348697	0.358087	0.131146	0.162071	1.993943	1.692987
32370	-3948.327	-4210.263	261.9357	0.8255362	0.321397	0.473096	0.135188	0.0703186	1.996707	1.444909
32376	-3926.046	-4187.951	261.9049	0.7109593	0.250082	0.389278	0.31901	0.0416299	1.996707	1.558447
32382	-3947.499	-4209.373	261.8742	0.7461473	0.2603	0.453317	0.161052	0.125331	1.996707	1.553608
32388	-3944.417	-4206.062	261.645	0.748677	0.384227	0.3292	0.215061	0.0715126	1.866887	1.807488
32394	-3948.725	-4210.235	261.5099	0.995865	0.419305	0.227565	0.265009	0.0881215	1.892596	1.705692
32400	-3950.063	-4211.902	261.8392	0.6731568	0.455358	0.205421	0.25457	0.0846504	1.7748	1.792086
32406	-3948.639	-4209.671	261.0317	0.9504659	0.375782	0.249185	0.351561	0.0234728	1.691947	2.193854
32412	-3948.674	-4209.484	260.8102	1.148366	0.490954	0.106864	0.37701	0.025172	1.780421	2.153498
32418	-3943.661	-4204.891	261.2296	1.049203	0.607405	0.094975	0.269403	0.0282169	1.925975	1.840771
32424	-3942.849	-4204.238	261.3889	0.896543	0.419543	0.174257	0.336223	0.0699771	1.790051	1.929512
32430	-3947.177	-4208.995	261.8171	0.7491773	0.239399	0.304939	0.420709	0.0349533	1.924839	1.64516
32436	-3935.157	-4196.956	261.7997	0.8710322	0.427874	0.194293	0.315361	0.0624715	1.977343	1.526443
32442	-3954.831	-4216.487	261.6553	0.7567404	0.419083	0.144551	0.308882	0.127483	1.849056	1.806811
32448	-3949.19	-4210.836	261.6462	0.7567404	0.402568	0.178263	0.29671	0.122459	1.874445	1.795517
32454	-3945.885	-4207.706	261.8206	0.8375804	0.410115	0.181605	0.302272	0.106008	1.886738	1.603128
32460	-3956.023	-4218	261.9768	0.5842835	0.393266	0.213625	0.355568	0.0375415	1.932656	1.649909
32466	-3945.913	-4207.74	261.8269	0.7262051	0.343713	0.312868	0.325695	0.0177232	1.900454	1.672931
32472	-3953.667	-4215.22	261.5531	0.8413956	0.37617	0.342412	0.26202	0.0193968	1.870151	1.801529
32478	-3955.141	-4216.789	261.6477	0.8413956	0.373231	0.339737	0.259973	0.0270585	1.948329	1.680319
32484	-3954.673	-4216.504	261.8311	0.8148824	0.403384	0.27278	0.280976	0.0428602	1.973591	1.54915
32490	-3953.904	-4215.298	261.3942	0.8936406	0.454859	0.307589	0.181131	0.0564213	1.797915	1.922597
32496	-3944.793	-4206.236	261.443	0.7586598	0.343305	0.270393	0.343718	0.042584	1.894637	1.919375
32502	-3957.179	-4218.882	261.7033	0.9779006	0.45857	0.137269	0.292437	0.111725	1.984586	1.51166
32508	-3970.144	-4232.067	261.9229	0.8239793	0.282465	0.349722	0.304318	0.0634942	2.112747	1.366089
32514	-3956.274	-4217.935	261.6614	0.9796068	0.46953	0.165211	0.323106	0.0421527	2.06664	1.48023
32520	-3955.76	-4216.712	260.9529	0.8899897	0.451593	0.1647	0.310398	0.0733092	1.666401	2.300692
32526	-3943.483	-4204.513	261.0295	0.7218144	0.344175	0.294415	0.307505	0.0539054	1.765595	2.300692
32532	-3952.307	-4213.66	261.3531	0.7503922	0.344175	0.294415	0.307505	0.0539054	1.744412	2.085251
32538	-3958.096	-4219.671	261.5751	0.7060421	0.338217	0.293407	0.302182	0.0661945	1.84916	1.898379
32544	-3945.923	-4207.148	261.2253	0.850784	0.335939	0.233471	0.367476	0.0631141	1.817301	2.052119
32550	-3956.823	-4218.193	261.3704	0.9395174	0.443424	0.337523	0.1964	0.0226532	1.78479	1.91588
32556	-3956.217	-4217.357	261.1392	1.020477	0.254725	0.383512	0.32574	0.0360238	1.741597	2.044979
32562	-3954.635	-4215.823	261.1881	0.9067174	0.397418	0.213203	0.344316	0.0450631	1.764211	2.073636
32568	-3943.753	-4205.005	261.252	0.9637202	0.370427	0.303802	0.260632	0.0651389	1.829066	1.94937
32574	-3947.236	-4208.776	261.5401	0.7666075	0.356358	0.343165	0.237812	0.0626648	1.810597	1.904883
32580	-3955.445	-4216.593	261.1478	0.7190469	0.365769	0.352228	0.263839	0.0181643	1.643949	2.304716
32586	-3949.683	-4211.112	261.429	0.6532177	0.321991	0.276725	0.38033	0.0209543	1.773183	2.084045
32592	-3942.358	-4203.581	261.222	0.689675	0.502596	0.239056	0.20268	0.0556671	1.853846	2.14148
32598	-3951.737	-4213.047	261.31	0.8490247	0.313498	0.356067	0.301886	0.0285492	1.825486	1.991615
32604	-3942.964	-4203.619	260.6546	0.8908338	0.365957	0.206271	0.391649	0.0361229	1.68383	2.477757
32610	-3953.076	-4214.331	261.255	1.037341	0.522943	0.259781	0.113112	0.104164	1.831334	1.896042
32616	-3949.564	-4211.26	261.696	0.6936515	0.419259	0.246324	0.265643	0.0687746	1.831334	1.836953
32622	-3958.048	-4219.719	261.6705	0.8505983	0.388771	0.220772	0.233958	0.156499	1.914651	1.681242
32628	-3952.796	-4214.271	261.4751	0.7989978	0.422607	0.239987	0.25432	0.0830861	1.920711	1.85089
32634	-3945.938	-4207.344	261.4056	1.041177	0.335948	0.235976	0.344665	0.0834112	1.946051	1.709765
32640	-3950.834	-4212.667	261.833	0.7725303	0.2742	0.337688	0.290552	0.0975591	1.998042	1.56251
32646	-3950.522	-4212.553	262.031	0.728053	0.272984	0.418395	0.267394	0.0412275	1.951146	1.485005
32652	-3954.188	-4216.103	261.9151	0.7837409	0.283685	0.209188	0.465877	0.0412493	1.959708	1.521376
32658	-3948.578	-4210.208	261.6295	0.7498789	0.363005	0.293737	0.185835	0.157423	1.866259	1.817731
32664	-3947.981	-4209.958	261.9765	0.764481	0.372829	0.291946	0.24363	0.091595	1.922899	1.518161
32670	-3955.526	-4217.331	261.8052	0.771441	0.33451	0.288175	0.339277	0.038038	1.922899	1.638175
32676	-3968.307	-4230.232	261.9247	0.6493684	0.528378	0.220554	0.205149	0.0459191	1.854873	1.693666
32682	-3960.396	-4222.217	261.8208	0.8165536	0.443797	0.189893	0.331201	0.035108	1.968774	1.559073
32688	-3944.548	-4206.468	261.9205	0.7655987	0.46105	0.152622	0.266195	0.120134	1.916583	1.563441
32694	-3948.237	-4209.902	261.6652	0.7969378	0.423961	0.184276	0.288792	0.102971	1.909717	1.728148
32700	-3959.85	-4221.441	261.591	0.856099	0.474921	0.206426	0.194119	0.124534	1.849651	1.778866
32706	-3967.691	-4229.365	261.674	0.8132026	0.429175	0.292442	0.275008	0.00337595	1.93746	1.690257
32712	-3953.792	-4215.721	261.9294	0.6834672	0.429175	0.292442	0.275008	0.00337595	1.893651	1.636828
32718	-3953.109	-4214.621	261.5113	0.9108969	0.337905	0.297204	0.248572	0.116318	1.818411	1.816614
32724	-3958.164	-4219.98	261.8155	0.7388405	0.426252	0.191932	0.342206	0.0396102	1.924475	1.654343
32730	-3965.756	-4228.058	262.3023	0.832924	0.351597	0.237589	0.30497	0.105843	2.210586	0.9311316
32736	-3954.384	-4216.891	262.5076	0.6142311	0.250052	0.457024	0.217649	0.0752743	2.259636	0.9051396
32742	-3961.959	-4224.602	262.6428	0.568756	0.266354	0.317917	0.334998	0.080731	2.172046	0.9051396
32748	-3955.713	-4218.251	262.5377	0.5378381	0.293318	0.343306	0.257432	0.105945	2.15619	1.06095
32754	-3950.22	-4211.67	261.4497	0.7053987	0.249061	0.297089	0.371545	0.0823047	1.883913	1.959988
32760	-3937.773	-4199.076	261.3027	0.9208969	0.320419	0.406805	0.216859	0.0559164	1.806048	1.959988
32766	-3942.465	-4203.551	261.0854	0.795025	0.426377	0.205565	0.288571	0.0794869	1.682242	2.268857
32772	-3941.508	-4202.521	261.0133	0.8384812	0.555064	0.173644	0.24376	0.0275322	1.668151	2.294993
32778	-3958.392	-4219.324	260.9322	1.149573	0.497746	0.0902002	0.365956	0.046098	1.735812	2.102158
32784	-3952.367	-4213.919	261.5527	0.918306	0.493963	0.0895146	0.363174	0.0533483	1.841762	1.766484
32790	-3954.659	-4216.08	261.4208	1.02573	0.539275	0.097726	0.297127	0.0658721	1.832908	1.789051
32796	-3950.333	-4212.123	261.7901	0.90491	0.528713	0.095812	0.291308	0.084167	2.025254	1.471561
32802	-3944.515	-4206.168	261.6524	0.8131341	0.34257	0.397438	0.248136	0.0118565	1.969622	1.682811
32808	-3952.824	-4214.781	261.957	0.8131341	0.389508	0.362619	0.226397	0.0214757	1.916649	1.499205
32814	-3951.099	-4213.09	261.9914	0.721053	0.365754	0.302807	0.302723	0.0287159	2.014386	1.472691
32820	-3962.393	-4224.245	261.8524	0.6590225	0.440405	0.248294	0.267385	0.0439166	1.930152	1.684317
32826	-3953.054	-4215.247	262.1926	0.6057973	0.476184	0.190288	0.266759	0.0667689	2.029282	1.400486
32832	-3947.987	-4210.235	262.2473	0.7089366	0.352253	0.245599	0.352756	0.0493917	2.068214	1.237093
32838	-3948.536	-4210.328	261.792	0.8838738	0.273951	0.35888	0.294996	0.0721732	2.097643	1.431378
32844	-3957.479	-4219.845	262.3655	0.7278148	0.314964	0.452191	0.202355	0.0304907	2.167689	1.023519
32850	-3969.491	-4231.592	262.1014	0.8753189	0.456272	0.168424	0.293141	0.0821625	2.30372	0.997386
32856	-3968.936	-4231.025	262.0896	0.8829007	0.350215	0.243653	0.373023	0.0331096	2.307735	0.997386
32862	-3962.759	-4224.645	261.8853	0.9901765	0.379407	0.234773	0.359429	0.0263915	2.087285	1.279963
32868	-3954.542	-4216.521	261.9781	0.7691936	0.424813	0.11629	0.402444	0.0564532	2.114228	1.366621
32874	-3948.603	-4210.57	261.9667	0.8003403	0.364387	0.155158	0.449092	0.0313624	2.06198	1.390953
32880	-3965.836	-4227.619	261.7831	0.9467283	0.292057	0.162356	0.492089	0.0534988	2.154295	1.343744
32886	-3957.378	-4219.045	261.6665	0.9524515	0.285292	0.241209	0.405731	0.0677683	1.99728	1.548659
32892	-3953.528	-4215.298	261.7699	0.8519942	0.270973	0.291021	0.385367	0.052638	1.99728	1.548373
32898	-3950.187	-4211.974	261.7869	0.7587923	0.270973	0.291021	0.385367	0.052638	2.065931	1.557095
32904	-3952.73	-4214.215	261.4849	0.9768037	0.492733	0.087812	0.359198	0.0602568	1.968866	1.682944
32910	-3956.319	-4217.336	261.0171	1.097872	0.471848	0.116194	0.364617	0.0473411	1.838982	2.010897
32916	-3944.79	-4205.856	261.0669	1.094174	0.480431	0.114305	0.358692	0.0465717	1.782098	2.017955
32922	-3943.545	-4205.105	261.5596	0.840951	0.41448	0.154931	0.309452	0.121137	1.938763	1.749612
32928	-3948.896	-4210.466	261.5699	0.840951	0.376126	0.163049	0.315718	0.145108	1.923391	1.753103
32934	-3947.706	-4208.688	260.9822	1.168512	0.416055	0.180358	0.276596	0.126991	1.784719	2.024942
32940	-3952.761	-4213.777	261.0163	0.9173289	0.249579	0.469997	0.150299	0.130125	1.743729	2.192098
32946	-3941.133	-4202.599	261.4664	0.7420056	0.244483	0.315391	0.312659	0.127468	1.800049	1.979028
32952	-3956.975	-4219.563	262.5873	0.5147369	0.289841	0.384088	0.249456	0.0766139	2.020038	1.161044
32958	-3951.009	-4213.22	262.2111	0.7258301	0.267781	0.381391	0.280046	0.0707826	2.046533	1.27033
32964	-3951.736	-4213.875	262.1395	0.6808498	0.247316	0.376855	0.319184	0.0566457	2.005487	1.398552
32970	-3944.28	-4206.542	262.2618	0.5669813	0.247316	0.376855	0.319184	0.0566457	1.966077	1.427186
32976	-3948.961	-4210.932	261.9716	0.6420598	0.335322	0.246991	0.378945	0.0387413	1.966077	1.585513
32982	-3941.818	-4203.693	261.8753	0.7650019	0.423899	0.233462	0.176752	0.165887	1.93222	1.585513
32988	-3945.34	-4207.445	262.1052	0.7389973	0.375548	0.300884	0.19368	0.129888	1.937927	1.429718
32994	-3962.289	-4224.057	261.7682	0.7926918	0.315076	0.336524	0.199168	0.149231	1.937927	1.637941
33000	-3949.438	-4210.76	261.3212	0.7926918	0.333869	0.338177	0.187968	0.139986	1.809508	2.033887
