Iteration	Posterior	Likelihood	Prior	beta_scale	matrix_probs[1]	matrix_probs[2]	matrix_probs[3]	matrix_probs[4]	rate_log_sd	tree_length
0	-3932.695	-4193.867	261.1719	0.9922391	0.347953	0.109832	0.462019	0.0801961	1.830985	1.982555
6	-3942.4	-4203.7	261.3008	0.7932879	0.531378	0.0974134	0.315629	0.0555797	1.761951	2.078426
12	-3945.656	-4206.679	261.0232	1.027454	0.297825	0.344412	0.294105	0.0636578	1.725097	2.127565
18	-3948.379	-4209.414	261.0345	1.147568	0.38615	0.245121	0.249124	0.119605	1.895888	1.928966
24	-3940.927	-4202.133	261.2053	1.043344	0.55484	0.0758285	0.25132	0.118012	1.730902	1.993133
30	-3947.819	-4207.941	260.1214	1.064667	0.377398	0.063384	0.409668	0.14955	1.543307	2.785756
36	-3952.57	-4212.161	259.5906	1.187686	0.509305	0.0847082	0.30257	0.103416	1.543307	3.034622
42	-3948.695	-4208.059	259.364	1.462382	0.525298	0.0819474	0.292709	0.100045	1.520295	3.034622
48	-3963.07	-4222.512	259.4423	1.585372	0.40617	0.18613	0.303422	0.104278	1.525913	2.920834
54	-3969.674	-4229.966	260.2914	1.092048	0.434569	0.31293	0.162203	0.090298	1.631418	2.610904
60	-3968.095	-4228.192	260.097	1.308593	0.508462	0.118535	0.189783	0.183219	1.621511	2.610904
66	-3968.787	-4229.293	260.5061	1.05089	0.292609	0.272034	0.323785	0.111572	1.652378	2.489403
72	-3972.209	-4233.391	261.1813	0.606906	0.34682	0.322433	0.198504	0.132243	1.678639	2.336863
78	-3940.589	-4202.023	261.434	0.771578	0.522325	0.150656	0.261773	0.0652467	1.784796	1.990049
84	-3939.863	-4200.642	260.779	1.206288	0.510959	0.109901	0.315313	0.0638269	1.731039	2.170128
90	-3945.211	-4206.299	261.0884	1.002302	0.389641	0.177852	0.315961	0.116546	1.73179	2.096887
96	-3938.105	-4199.391	261.2869	1.02521	0.441375	0.0686915	0.357913	0.13202	1.773078	1.922023
102	-3943.278	-4204.378	261.0992	0.9980298	0.363772	0.259315	0.332776	0.0441373	1.801454	2.04664
108	-3953.932	-4214.821	260.8892	0.8690065	0.463263	0.23178	0.265506	0.0394505	1.729353	2.314941
114	-3944.21	-4205.123	260.9131	0.9778572	0.547404	0.149331	0.258777	0.0444883	1.716694	2.236578
120	-3959.529	-4220.728	261.1991	0.6922093	0.277347	0.39239	0.307723	0.0225404	1.7131	2.245725
126	-3962.12	-4222.729	260.6087	0.8860871	0.434284	0.0485745	0.481847	0.0352949	1.61842	2.550249
132	-3947.407	-4208.552	261.1444	0.9368302	0.556296	0.150722	0.241579	0.0514025	1.696179	2.12675
138	-3958.296	-4219.529	261.2331	0.8025272	0.291344	0.153283	0.457935	0.097438	1.754264	2.121521
144	-3954.613	-4216.099	261.4861	0.8141449	0.482729	0.150725	0.263873	0.102673	1.77488	1.93177
150	-3949.188	-4210.633	261.4456	0.8367283	0.449363	0.268063	0.245634	0.036939	1.769033	1.947161
156	-3953.952	-4215.024	261.0725	0.8367283	0.39636	0.164674	0.398283	0.040683	1.746274	2.207934
162	-3951.179	-4212.301	261.1224	0.8948159	0.388188	0.124209	0.448162	0.0394408	1.723419	2.15137
168	-3942.407	-4203.562	261.1554	0.850985	0.4017	0.163847	0.399311	0.0351417	1.646428	2.209286
174	-3942.93	-4203.768	260.838	0.7882072	0.360226	0.327808	0.298386	0.0135801	1.617423	2.471329
180	-3941.865	-4202.82	260.9554	0.6060202	0.267934	0.376428	0.340043	0.0155943	1.516183	2.581212
186	-3947.877	-4208.325	260.4482	0.8234157	0.270402	0.386058	0.319641	0.0238992	1.532844	2.742014
192	-3958.548	-4219.178	260.6305	0.9259555	0.475359	0.097564	0.353386	0.0736916	1.70744	2.455462
198	-3963.561	-4223.313	259.752	1.118266	0.443616	0.0969487	0.38943	0.0700056	1.569109	2.962145
204	-3951.915	-4211.927	260.0122	1.073681	0.574474	0.0138832	0.320987	0.0906559	1.533248	2.852854
210	-3957.168	-4217.211	260.0427	1.075461	0.527152	0.0154271	0.356683	0.100738	1.464865	2.87475
216	-3950.808	-4210.616	259.808	1.075461	0.352386	0.324384	0.249008	0.0742216	1.485692	3.00365
222	-3949.669	-4210.503	260.8347	0.680434	0.295343	0.394869	0.2087	0.101088	1.552907	2.584506
228	-3965.338	-4226.858	261.5206	0.5726927	0.422236	0.215789	0.27998	0.0819942	1.588284	2.20017
234	-3964.522	-4224.931	260.4095	1.223444	0.522832	0.0730944	0.235153	0.16892	1.515805	2.531437
240	-3950.837	-4212.128	261.2905	0.8649996	0.457854	0.229201	0.296178	0.0167668	1.733439	2.054716
246	-3951.607	-4212.775	261.1683	0.8244394	0.298986	0.269893	0.414182	0.0169394	1.635725	2.225691
252	-3956.405	-4217.523	261.1179	0.8986554	0.425059	0.160305	0.379291	0.0353437	1.685722	2.176274
258	-3957.475	-4218.133	260.6587	0.8641844	0.233232	0.494873	0.175572	0.0963233	1.592742	2.549212
264	-3942.457	-4203.691	261.2341	0.8610033	0.470847	0.168328	0.265885	0.0949405	1.787236	2.059123
270	-3955.081	-4216.239	261.1575	1.055437	0.41436	0.148133	0.233987	0.20352	1.719293	2.024708
276	-3952.768	-4213.312	260.5443	1.449021	0.555662	0.198581	0.2074	0.0383575	1.719293	2.187015
282	-3966.493	-4227.439	260.9459	0.9060604	0.385242	0.0843083	0.371726	0.158723	1.713797	2.264228
288	-3967.696	-4228.384	260.6879	1.028513	0.417927	0.0872624	0.322621	0.17219	1.769718	2.314516
294	-3935.978	-4197.707	261.7282	0.937535	0.394258	0.205073	0.290598	0.110072	1.94053	1.556132
300	-3933.548	-4195.602	262.0548	0.7930022	0.404122	0.233921	0.249131	0.112826	2.007642	1.370506
306	-3948.892	-4210.872	261.9796	0.9001411	0.355833	0.332836	0.211987	0.099344	1.965058	1.375601
312	-3945.521	-4207.371	261.8506	0.9001411	0.357151	0.267492	0.275645	0.0997121	1.869413	1.546477
318	-3956.159	-4217.6	261.441	1.204725	0.409748	0.212434	0.252471	0.125347	1.814565	1.665894
324	-3954.623	-4215.866	261.2427	1.083316	0.273815	0.448775	0.228154	0.0492565	1.829257	1.875067
330	-3951.394	-4212.992	261.5971	0.6906856	0.346624	0.403033	0.204899	0.0454435	1.712876	1.986259
336	-3940.295	-4201.529	261.2338	1.22091	0.442627	0.191169	0.261649	0.104555	1.804456	1.807832
342	-3938.712	-4200.225	261.5136	0.771582	0.352875	0.328579	0.227598	0.0909479	1.804975	1.923037
348	-3952.118	-4213.876	261.7575	0.7754799	0.3472	0.330147	0.230533	0.0921206	1.804975	1.752669
354	-3961.248	-4222.993	261.7449	0.7259807	0.297391	0.4311	0.19039	0.0811184	1.869749	1.752669
360	-3960.51	-4222.098	261.5872	0.6678991	0.346644	0.190658	0.303745	0.158954	1.810508	1.943638
366	-3959.026	-4220.472	261.4459	0.8146563	0.230975	0.280565	0.433076	0.0553836	1.79693	1.943638
372	-3967.971	-4229.428	261.457	0.8401396	0.475803	0.223417	0.235172	0.0656082	1.767479	1.938088
378	-3965.584	-4227.148	261.5638	0.7977588	0.354414	0.347577	0.242819	0.0551899	1.717707	1.929507
384	-3961.533	-4222.424	260.8908	1.105831	0.498756	0.0597463	0.171867	0.269631	1.82604	2.097816
390	-3948.402	-4209.134	260.7321	1.865911	0.467214	0.0559679	0.38392	0.0928985	1.900202	1.706691
396	-3951.267	-4212.757	261.49	1.084097	0.55927	0.0336626	0.297116	0.109952	1.907054	1.647405
402	-3948.569	-4210.268	261.6989	1.115652	0.573503	0.0315709	0.291807	0.10312	1.955901	1.433749
408	-3942.145	-4203.885	261.7409	1.334994	0.508006	0.130749	0.151274	0.209971	2.127013	1.085314
414	-3962.001	-4223.722	261.7205	1.284551	0.54014	0.13587	0.160843	0.163147	2.264444	1.017545
420	-3945.669	-4207.861	262.1911	0.8763543	0.348112	0.357901	0.197686	0.096301	2.216622	0.993739
426	-3950.06	-4212.502	262.4416	0.6538839	0.265054	0.462392	0.21268	0.0598735	2.245738	0.9464534
432	-3951.59	-4213.817	262.2275	0.7684171	0.400074	0.26563	0.232075	0.10222	2.217804	1.066627
438	-3943.09	-4205.485	262.3953	0.7288957	0.300531	0.249167	0.362647	0.0876557	2.217804	0.9408486
444	-3942.523	-4204.662	262.1388	0.8448312	0.306188	0.253857	0.377858	0.0620965	2.176196	1.113211
450	-3954.518	-4216.802	262.2843	0.6129865	0.359403	0.260981	0.278523	0.101093	2.270743	1.117081
456	-3949.65	-4211.643	261.9932	0.8896289	0.306083	0.308839	0.310725	0.0743531	2.270743	1.117416
462	-3950.727	-4212.73	262.003	0.9326865	0.310709	0.313508	0.315422	0.0603612	2.144455	1.181581
468	-3965.742	-4228.027	262.2851	0.8005587	0.372435	0.249016	0.317132	0.0614173	2.151582	1.042782
474	-3948.14	-4210.27	262.1301	0.7837316	0.375566	0.201375	0.337722	0.0853368	2.162307	1.189611
480	-3951.153	-4213.447	262.2932	0.5926199	0.375566	0.201375	0.337722	0.0853368	2.070625	1.298701
486	-3947.087	-4209.502	262.4147	0.6155279	0.283636	0.325217	0.276498	0.114649	2.116658	1.135907
492	-3940.309	-4202.658	262.349	0.6860984	0.266214	0.30524	0.32094	0.107606	2.116658	1.12789
498	-3936.436	-4198.695	262.2595	0.7125248	0.314183	0.378233	0.252822	0.0547626	2.095032	1.200815
504	-3945.603	-4207.948	262.3452	0.6614967	0.31727	0.355675	0.313195	0.0138599	2.060657	1.203129
510	-3936.499	-4198.597	262.0985	0.6692852	0.385169	0.20233	0.327739	0.0847624	2.091302	1.373113
516	-3939.945	-4202.118	262.1723	0.794418	0.401343	0.261098	0.220304	0.117254	2.112178	1.186753
522	-3941.158	-4203.194	262.0355	0.8987713	0.386674	0.235556	0.271986	0.105784	2.197843	1.136498
528	-3949.185	-4211.571	262.3859	0.6659102	0.303965	0.426149	0.193197	0.0766883	2.149418	1.083882
534	-3944.976	-4206.911	261.9357	0.8769426	0.472143	0.178136	0.230603	0.119118	2.149418	1.28217
540	-3945.388	-4207.683	262.2952	0.6595331	0.346178	0.399262	0.16908	0.0854805	2.032496	1.270503
546	-3954.204	-4216.229	262.0244	0.9770148	0.388406	0.102987	0.497839	0.0107678	2.112779	1.151258
552	-3950.069	-4211.888	261.8188	0.6786097	0.398685	0.159359	0.432599	0.00935675	1.940518	1.686062
558	-3945.18	-4206.653	261.4733	0.8073221	0.263663	0.298843	0.426104	0.01139	1.820571	1.914385
564	-3950.498	-4212.088	261.5903	0.8708376	0.393017	0.163748	0.433746	0.00948822	1.948779	1.699112
570	-3950.546	-4212.411	261.8651	0.7485661	0.395189	0.257936	0.334044	0.0128309	1.892953	1.633994
576	-3950.838	-4212.815	261.9771	0.6488431	0.355331	0.279508	0.36198	0.0031813	1.88653	1.633994
582	-3942.605	-4204.303	261.6982	0.8217657	0.448698	0.314277	0.229751	0.00727432	1.845586	1.731731
588	-3962.068	-4224.089	262.0209	0.6837938	0.551074	0.0621276	0.337937	0.0488617	1.959492	1.521365
594	-3949.535	-4211.617	262.0822	0.8493842	0.34147	0.188616	0.428886	0.041028	2.060169	1.258452
600	-3954.067	-4216.131	262.0638	0.7295618	0.247569	0.411673	0.311012	0.0297458	1.969262	1.445123
606	-3949.757	-4211.729	261.972	0.7496233	0.282932	0.310343	0.372731	0.0339946	1.959997	1.505492
612	-3956.975	-4219.151	262.1759	0.5862647	0.251226	0.415183	0.231983	0.101608	1.908256	1.520774
618	-3939.152	-4200.996	261.8442	0.7682301	0.357792	0.234331	0.383781	0.0240956	1.99348	1.560963
624	-3939.973	-4202.11	262.1376	0.5233869	0.382961	0.244763	0.366919	0.00535775	2.035921	1.502492
630	-3952.751	-4213.224	260.4731	0.5502976	0.287588	0.360917	0.343414	0.00808012	1.520346	2.909148
636	-3981.281	-4242.517	261.2363	0.7483991	0.502968	0.250282	0.236048	0.010702	1.581443	2.2682
642	-3952.96	-4214.553	261.5932	0.7913257	0.348285	0.320693	0.292333	0.0386896	1.93223	1.766898
648	-3947.668	-4209.642	261.9739	0.7806452	0.349524	0.321834	0.270422	0.0582193	1.857788	1.555737
654	-3963.06	-4224.638	261.5773	0.8773495	0.351356	0.170109	0.385556	0.0929789	1.740963	1.84823
660	-3949.873	-4211.066	261.1932	1.123514	0.554569	0.118399	0.260817	0.0662163	1.879023	1.84823
666	-3952.384	-4214.126	261.7419	1.133988	0.44407	0.179105	0.323174	0.0536499	1.959338	1.384023
672	-3937.303	-4199.301	261.998	0.6309336	0.390645	0.207737	0.374837	0.0267812	1.891745	1.628827
678	-3937.534	-4199.302	261.7683	0.9117718	0.355299	0.355978	0.128953	0.159769	1.869501	1.59802
684	-3938.557	-4200.461	261.9035	0.8303421	0.441436	0.359981	0.130403	0.0681798	1.925035	1.519531
690	-3934.825	-4196.728	261.9025	0.8011074	0.345597	0.338162	0.207665	0.108576	1.930639	1.53881
696	-3948.01	-4209.48	261.4701	0.940581	0.432068	0.150855	0.281061	0.136016	1.825062	1.819557
702	-3947.035	-4208.645	261.61	0.7991399	0.523503	0.0969936	0.253335	0.126168	1.831289	1.819557
708	-3949.15	-4211.032	261.8818	0.8607598	0.516897	0.0957696	0.250138	0.137195	1.877376	1.547542
714	-3980.95	-4243.353	262.4032	0.4863526	0.151869	0.513203	0.26401	0.0709174	2.086114	1.284856
720	-3964.967	-4226.693	261.7266	0.6362483	0.472469	0.249812	0.241258	0.0364616	1.681211	1.95935
726	-3967.977	-4228.731	260.754	0.8014237	0.576188	0.124429	0.271541	0.0278412	1.587534	2.53383
732	-3955.531	-4216.839	261.3084	0.9625788	0.494521	0.0930295	0.383801	0.0286484	1.684522	2.009085
738	-3962.652	-4223.661	261.0095	0.9625788	0.412407	0.0554785	0.497809	0.0343054	1.683326	2.205877
744	-3946.065	-4207.7	261.6351	0.8280347	0.545377	0.0600572	0.35743	0.0371366	1.858516	1.762274
750	-3948.067	-4209.175	261.1085	0.9449427	0.575515	0.0613252	0.237051	0.126109	1.812593	2.068482
756	-3950.737	-4212.386	261.6488	0.9616363	0.519979	0.114635	0.322554	0.0428319	1.877736	1.641822
762	-3951.263	-4212.997	261.734	0.8003213	0.431156	0.0609773	0.374635	0.133231	1.897853	1.685312
768	-3942.856	-4204.439	261.5831	0.869143	0.408555	0.0724731	0.349222	0.16975	1.864564	1.764594
774	-3952.569	-4213.833	261.2641	1.145194	0.573783	0.00757946	0.382255	0.0363826	1.790421	1.846048
780	-3947.893	-4208.889	260.9962	1.065074	0.561338	0.0161757	0.386893	0.0355935	1.824162	2.055797
786	-3951.176	-4212.564	261.3882	1.109249	0.533506	0.0552452	0.36771	0.0435394	1.799377	1.778129
792	-3943.34	-4204.913	261.5725	0.9980749	0.545511	0.101367	0.327448	0.025674	1.950423	1.617974
798	-3945.302	-4207.125	261.8224	0.9125199	0.42053	0.351029	0.198695	0.0297458	1.86489	1.561242
804	-3949.192	-4210.872	261.6798	0.8337126	0.393358	0.328348	0.185857	0.0924364	1.800124	1.767758
810	-3940.894	-4202.441	261.5474	0.7597204	0.359882	0.298319	0.246952	0.0948466	1.817099	1.900395
816	-3944.638	-4206.321	261.6831	0.7714663	0.562621	0.143808	0.212107	0.0814638	1.93849	1.714082
822	-3937.098	-4198.349	261.2504	1.196475	0.575567	0.147117	0.216988	0.0603278	1.93849	1.718762
828	-3929.11	-4190.681	261.5709	0.993447	0.485061	0.209986	0.299705	0.00524743	1.965778	1.61137
834	-3930.848	-4192.622	261.774	0.8748651	0.405349	0.212621	0.357026	0.0250041	1.964117	1.552331
840	-3926.864	-4188.639	261.7749	0.8574469	0.377135	0.249263	0.349149	0.0244525	1.915931	1.600124
846	-3936.859	-4198.721	261.8614	0.7746813	0.409065	0.185704	0.378709	0.0265227	1.915931	1.600124
852	-3947.566	-4209.465	261.8989	0.9472538	0.419187	0.270068	0.17301	0.137734	1.911074	1.442778
858	-3946.455	-4208.013	261.5585	1.024955	0.427166	0.265019	0.169775	0.13804	1.841276	1.687109
864	-3932.84	-4194.321	261.4814	0.7968678	0.396345	0.245897	0.328186	0.0295726	1.83066	1.909455
870	-3955.357	-4216.691	261.3336	1.019762	0.544989	0.197671	0.219359	0.037981	1.768378	1.897272
876	-3970.932	-4232.921	261.9892	0.8657945	0.232007	0.312266	0.287059	0.168667	1.886084	1.456631
882	-3955.199	-4217.425	262.2262	0.8098717	0.328594	0.258799	0.252407	0.160201	2.04489	1.184292
888	-3957.264	-4219.175	261.9103	1.036035	0.439239	0.210207	0.214447	0.136108	2.10557	1.205472
894	-3947.604	-4209.685	262.0813	0.7106312	0.480554	0.105375	0.376222	0.0378487	2.076031	1.364143
900	-3953.367	-4215.156	261.7885	0.7706975	0.294528	0.160685	0.365554	0.179233	1.843298	1.707427
906	-3955.811	-4217.74	261.929	0.7914245	0.350062	0.249352	0.308172	0.0924149	1.810907	1.614505
912	-3962.563	-4224.693	262.1304	0.6683251	0.312357	0.330202	0.27498	0.0824611	1.889461	1.504147
918	-3941.167	-4202.659	261.4916	0.7757431	0.356208	0.241789	0.300886	0.101117	1.706024	2.001263
924	-3952.563	-4213.673	261.1098	0.7345713	0.384982	0.159847	0.354468	0.100702	1.661191	2.307452
930	-3945.723	-4206.959	261.2365	0.7734831	0.294821	0.374061	0.257862	0.0732566	1.737773	2.149989
936	-3960.721	-4222.182	261.4606	0.7116043	0.240042	0.368278	0.289737	0.101943	1.820424	1.990815
942	-3964.292	-4225.188	260.8961	0.8567517	0.243143	0.373036	0.29348	0.0903412	1.708018	2.332224
948	-3960.567	-4220.527	259.9604	1.099741	0.42656	0.1122	0.357432	0.103809	1.809462	2.700494
954	-3962.102	-4222.386	260.2845	1.058646	0.454204	0.109519	0.380596	0.0556811	1.77562	2.546044
960	-3957.823	-4218.85	261.0268	1.202819	0.531741	0.0689346	0.212815	0.18651	1.989613	1.834604
966	-3946.03	-4207.663	261.6337	0.8725262	0.356149	0.134304	0.397949	0.111598	1.861855	1.728613
972	-3964.668	-4226.764	262.0955	0.557115	0.346637	0.247728	0.320533	0.0851028	1.92617	1.589154
978	-3951.488	-4212.59	261.1016	0.9543819	0.346637	0.247728	0.320533	0.0851028	1.850979	2.04138
984	-3963.695	-4224.322	260.6267	1.032468	0.500512	0.156588	0.254107	0.0887924	1.517104	2.509967
990	-3969.116	-4230.253	261.1372	1.154421	0.51137	0.142963	0.204855	0.140812	1.862213	1.877703
996	-3955.16	-4216.406	261.2454	1.018459	0.485122	0.0862929	0.315481	0.113104	1.893845	1.872821
1002	-3953.591	-4215.114	261.523	1.018459	0.487222	0.194277	0.316847	0.00165305	1.895649	1.678273
1008	-3948.816	-4209.756	260.9401	0.9114437	0.389842	0.151079	0.332807	0.126272	1.766233	2.230716
1014	-3938.843	-4200.733	261.8907	0.7161941	0.254035	0.392287	0.216869	0.136809	1.82973	1.685396
1020	-3946.9	-4208.857	261.9563	0.7161941	0.290691	0.411619	0.154139	0.143551	1.837123	1.633146
1026	-3943.111	-4204.993	261.8822	0.7161941	0.292955	0.242255	0.346183	0.118606	2.058639	1.525276
1032	-3956.143	-4218.122	261.9795	0.7378199	0.28004	0.386278	0.220305	0.113377	1.865654	1.579005
1038	-3951.283	-4213.058	261.7741	0.7729182	0.311414	0.316558	0.245949	0.126079	1.929961	1.654355
1044	-3958.271	-4220.294	262.0231	0.7686839	0.385038	0.391398	0.165405	0.0581593	2.002212	1.419335
1050	-3961.275	-4223.362	262.0873	0.6481975	0.35576	0.182074	0.408428	0.053737	1.899575	1.544594
1056	-3967.042	-4228.927	261.8858	0.6153164	0.515173	0.156319	0.278609	0.0498993	1.815377	1.774033
1062	-3972.716	-4234.405	261.688	1.010793	0.397162	0.189957	0.338562	0.0743188	1.988416	1.495516
1068	-3956.864	-4218.427	261.5633	1.213004	0.304331	0.145558	0.40792	0.142191	2.066082	1.38145
1074	-3944.797	-4206.902	262.1049	0.7401539	0.322474	0.277696	0.249162	0.150668	1.946048	1.42277
1080	-3951.693	-4213.832	262.1394	0.8344756	0.268834	0.308626	0.288527	0.134013	1.952691	1.312266
1086	-3950.583	-4212.514	261.9303	0.8487031	0.298834	0.268852	0.382836	0.0494776	2.013837	1.417418
1092	-3964.745	-4226.857	262.1117	0.7923083	0.295503	0.284668	0.351702	0.068127	2.013837	1.320835
1098	-3971.164	-4233.487	262.3234	0.5775966	0.249285	0.404088	0.296695	0.049932	1.863897	1.449865
1104	-3959.005	-4221.243	262.2378	0.5842765	0.294319	0.280118	0.408359	0.0172032	1.925332	1.46296
1110	-3964.749	-4225.288	260.5388	0.7417794	0.419094	0.13227	0.408039	0.0405969	1.597638	2.699357
1116	-3956.242	-4216.585	260.3432	0.7420461	0.37646	0.220543	0.36653	0.036467	1.552478	2.846103
1122	-3955.812	-4215.841	260.0291	0.9633735	0.460071	0.185878	0.295129	0.058922	1.572769	2.885138
1128	-3940.062	-4200.049	259.987	1.040726	0.466558	0.167557	0.266039	0.099846	1.537621	2.885138
1134	-3937.936	-4198.678	260.742	0.8467687	0.319804	0.268825	0.299113	0.112259	1.593773	2.50791
1140	-3942.241	-4202.834	260.5936	0.7519399	0.281903	0.408592	0.235368	0.0741376	1.541228	2.693778
1146	-3934.239	-4195.189	260.9495	0.7673583	0.288014	0.336052	0.300772	0.0751623	1.691327	2.368247
1152	-3953.846	-4215.437	261.5907	0.7916883	0.391682	0.346795	0.186527	0.0749962	1.682223	1.939576
1158	-3965.256	-4227.088	261.8314	0.8897968	0.463678	0.346285	0.115151	0.074886	1.955464	1.504691
1164	-3954.178	-4216.018	261.8402	0.831782	0.480047	0.19113	0.26832	0.060502	1.921364	1.567958
1170	-3933.109	-4194.335	261.2253	1.031089	0.556562	0.1187	0.297871	0.026867	1.816517	1.930367
1176	-3944.726	-4206.335	261.6096	0.8042104	0.312885	0.153958	0.386349	0.146808	1.839358	1.810566
1182	-3945.89	-4207.691	261.8013	0.7478736	0.486469	0.207788	0.287484	0.0182599	1.911617	1.666891
1188	-3942.985	-4204.728	261.7427	0.8219839	0.447944	0.267604	0.282141	0.00231075	1.82982	1.711332
1194	-3935.463	-4196.781	261.3178	0.8086456	0.384234	0.197932	0.413023	0.00481124	1.826233	2.013953
1200	-3957.193	-4218.936	261.7433	0.8086456	0.424146	0.180502	0.376652	0.0186999	1.737576	1.785282
1206	-3941.761	-4203.675	261.914	0.6326314	0.369037	0.287423	0.327714	0.0158257	1.781028	1.765611
1212	-3936.504	-4198.144	261.6399	0.6685902	0.304209	0.395528	0.286431	0.0138321	1.798602	1.91557
1218	-3946.08	-4207.987	261.907	0.5472807	0.233151	0.359804	0.391638	0.0154067	1.637057	1.930287
1224	-3937.364	-4198.885	261.5201	0.7167861	0.276445	0.339491	0.369528	0.0145369	1.76762	1.982646
1230	-3945.444	-4206.977	261.5332	0.8656953	0.382507	0.276127	0.333945	0.00742097	1.812233	1.837845
1236	-3946.108	-4206.83	260.722	1.127164	0.326143	0.2664	0.400448	0.00700951	1.81982	2.198415
1242	-3949.285	-4210.533	261.2483	0.8684766	0.441357	0.309147	0.247892	0.00160379	1.76647	2.058412
1248	-3949.507	-4210.81	261.3025	0.7734063	0.46566	0.18665	0.342696	0.00499409	1.611421	2.18923
1254	-3957.363	-4218.43	261.067	0.7692015	0.206216	0.408695	0.371146	0.0139435	1.6182	2.338885
1260	-3950.931	-4211.616	260.6843	1.041438	0.454394	0.289671	0.226949	0.0289858	1.684047	2.363092
1266	-3958.357	-4218.977	260.62	0.9887371	0.415414	0.297537	0.214994	0.0720552	1.706521	2.422731
1272	-3947.45	-4207.893	260.4434	0.9887371	0.327807	0.262707	0.345866	0.0636203	1.604008	2.59701
1278	-3970.422	-4231.467	261.0447	0.9957452	0.539526	0.301986	0.0853551	0.0731325	1.663295	2.174432
1284	-3955.421	-4217.175	261.7542	0.6487163	0.305714	0.374428	0.22487	0.0949875	1.794507	1.854933
1290	-3962.556	-4224.051	261.4951	0.7797191	0.280139	0.343105	0.289715	0.0870411	1.751166	1.965959
1296	-3973.743	-4235.387	261.6433	0.9913972	0.446188	0.122909	0.331352	0.0995503	1.828951	1.659251
1302	-3959.791	-4221.297	261.5058	1.286853	0.444034	0.130855	0.329752	0.0953595	1.918895	1.485986
1308	-3959.298	-4220.534	261.2358	1.313025	0.650514	0.138634	0.0880869	0.122765	1.811566	1.74218
1314	-3967.309	-4228.541	261.2325	1.148838	0.522705	0.159244	0.0495888	0.268463	1.811566	1.850815
1320	-3941.828	-4203.348	261.52	0.8249192	0.439586	0.211481	0.29496	0.0539737	1.768138	1.905833
1326	-3952.774	-4214.333	261.5592	0.8249192	0.330113	0.333399	0.221504	0.114984	1.844988	1.826529
1332	-3951.983	-4213.514	261.531	0.6627384	0.419071	0.277889	0.15707	0.14597	1.785855	2.001414
1338	-3960.3	-4221.953	261.6527	0.7548736	0.505101	0.151414	0.269388	0.0740967	1.784534	1.8543
1344	-3954.333	-4215.995	261.6622	0.6303362	0.351865	0.291704	0.302295	0.0541356	1.906884	1.8543
1350	-3963.619	-4224.91	261.2912	0.9579192	0.454032	0.218163	0.313788	0.0140163	1.793097	1.951104
1356	-3961.291	-4222.705	261.4139	0.8327156	0.312666	0.213835	0.427391	0.0461089	1.706819	2.012781
1362	-3956.302	-4217.717	261.4152	0.6921757	0.210186	0.41215	0.346667	0.0309962	1.765403	2.071063
1368	-3968.99	-4230.641	261.6514	0.7512168	0.340297	0.301752	0.335236	0.0227156	1.765403	1.870955
1374	-3959.709	-4221.799	262.0902	0.6002518	0.340538	0.301966	0.335473	0.0220226	1.84146	1.621858
1380	-3964.798	-4226.686	261.8886	0.7291768	0.334515	0.296624	0.329539	0.0393218	1.906752	1.621858
1386	-3960.499	-4222.303	261.8048	0.8230436	0.310097	0.274972	0.305485	0.109446	1.867108	1.639703
1392	-3957.425	-4218.885	261.4595	0.8346856	0.364536	0.14965	0.426132	0.0596824	1.817341	1.906603
1398	-3953.951	-4215.706	261.7553	0.6982261	0.312193	0.268824	0.319094	0.0998889	1.868011	1.767203
1404	-3951.093	-4212.938	261.8447	0.8517434	0.51025	0.288774	0.179686	0.0212896	1.911555	1.556574
1410	-3961.25	-4222.81	261.5601	1.362631	0.433995	0.342675	0.152833	0.0704978	1.922171	1.389041
1416	-3941.55	-4203.341	261.7908	1.04195	0.284613	0.418421	0.186615	0.110351	2.028328	1.361935
1422	-3945.189	-4207.443	262.254	0.7982713	0.252706	0.443012	0.197583	0.106698	1.915317	1.280223
1428	-3937.882	-4200.049	262.1671	0.7627721	0.220882	0.456065	0.212018	0.111034	2.009786	1.304448
1434	-3969.539	-4231.716	262.1775	0.7627721	0.253757	0.415471	0.183173	0.147599	1.999428	1.304448
1440	-3955.834	-4217.453	261.6197	0.7627721	0.346997	0.353945	0.232631	0.0664269	1.93272	1.768997
1446	-3946.492	-4207.923	261.4304	1.007231	0.293718	0.299599	0.378985	0.0276978	1.874269	1.766451
1452	-3946.087	-4207.713	261.6258	0.8904634	0.286806	0.30021	0.304406	0.108578	1.797241	1.766451
1458	-3948.328	-4209.932	261.6044	0.8904634	0.309796	0.244114	0.328808	0.117282	1.807994	1.773877
1464	-3949.933	-4211.484	261.5517	0.9379145	0.339967	0.263152	0.270452	0.126428	1.812128	1.773877
1470	-3957.962	-4218.727	260.7651	1.591006	0.49681	0.0360997	0.36326	0.10383	1.83878	1.88047
1476	-3960.107	-4221.189	261.0819	1.445494	0.49681	0.0360997	0.36326	0.10383	1.858818	1.733933
1482	-3954.239	-4215.442	261.2025	1.254278	0.378054	0.212632	0.330304	0.0790104	1.754855	1.842097
1488	-3957.047	-4218.425	261.3771	1.059002	0.638828	0.173949	0.151083	0.0361398	1.70422	1.884927
1494	-3955.889	-4217.928	262.039	0.5489408	0.265331	0.580301	0.130488	0.0238801	1.763283	1.751782
1500	-3952.824	-4213.508	260.6834	0.8293203	0.357934	0.161408	0.402723	0.0779341	1.552703	2.581184
1506	-3959.709	-4220.117	260.4081	0.8596059	0.481929	0.145763	0.279007	0.0933017	1.621645	2.689123
1512	-3947.951	-4209.133	261.1824	1.176554	0.439642	0.12379	0.399853	0.0367156	1.677968	1.957435
1518	-3942.983	-4204.454	261.4712	0.7833084	0.38039	0.23809	0.324462	0.0570584	1.783945	1.957435
1524	-3947.622	-4208.959	261.3374	1.116755	0.319789	0.27542	0.313021	0.0917699	1.80991	1.800972
1530	-3956.823	-4218.806	261.9827	0.7602041	0.412761	0.23571	0.28591	0.0656186	1.87248	1.554276
1536	-3951.112	-4213.305	262.1927	0.6981268	0.419228	0.327543	0.201876	0.0513529	1.911707	1.415878
1542	-3952.508	-4213.761	261.2536	1.074189	0.325544	0.325352	0.323495	0.0256094	1.835573	1.869429
1548	-3960.121	-4221.273	261.1518	1.114697	0.330668	0.441153	0.148444	0.0797347	1.757322	1.964519
1554	-3956.158	-4217.937	261.7785	0.7193096	0.348495	0.276912	0.330664	0.0439284	1.937316	1.686342
1560	-3952.765	-4214.562	261.7972	0.9710138	0.416116	0.330644	0.200788	0.0524521	1.995593	1.437541
1566	-3948.807	-4210.187	261.3795	1.38028	0.516934	0.138026	0.241066	0.103973	1.997891	1.45766
1572	-3980.87	-4242.782	261.9113	0.7766131	0.279311	0.424439	0.238398	0.057852	1.911442	1.565436
1578	-3976.836	-4238.665	261.8282	0.5771859	0.218569	0.460212	0.258491	0.062728	1.888398	1.791116
1584	-3967.844	-4229.379	261.5344	0.7154279	0.225291	0.474366	0.222723	0.0776202	1.756287	1.981632
1590	-3961.291	-4222.768	261.4768	0.7154279	0.357769	0.335015	0.163727	0.143489	1.81394	1.981632
1596	-3968.156	-4229.994	261.8377	0.7141722	0.394349	0.22121	0.180467	0.203974	1.839238	1.717747
1602	-3953.714	-4215.17	261.4553	0.7289252	0.355156	0.201929	0.419609	0.0233067	1.87248	1.9472
1608	-3962.349	-4223.633	261.2842	0.9316814	0.446634	0.131873	0.311244	0.110249	1.835895	1.94492
1614	-3971.406	-4232.765	261.3589	0.7813967	0.433446	0.137278	0.34815	0.0811267	1.848454	1.990842
1620	-3977.807	-4238.931	261.124	1.298281	0.346167	0.326123	0.2876	0.0401105	1.851738	1.801492
1626	-3964.251	-4225.647	261.3962	0.6404655	0.272065	0.392396	0.286611	0.0489272	1.851233	2.063112
1632	-3968.026	-4229.726	261.6991	0.527625	0.341591	0.39212	0.167953	0.0983366	1.827296	1.955706
1638	-3969.987	-4231.799	261.8124	0.7595096	0.15129	0.56361	0.193127	0.0919729	1.958851	1.616107
1644	-3966.544	-4227.935	261.3908	1.535021	0.552996	0.087434	0.224254	0.135316	1.960681	1.373191
1650	-3940.01	-4201.84	261.8299	1.074536	0.368985	0.175167	0.392187	0.0636618	1.988873	1.336722
1656	-3950.592	-4212.618	262.0262	0.8176715	0.340216	0.366082	0.207795	0.0859064	2.009878	1.370944
1662	-3964.463	-4226.315	261.8523	0.9640449	0.319793	0.348486	0.294478	0.0372434	1.995527	1.400477
1668	-3970.443	-4232.573	262.1296	0.9751389	0.331987	0.259928	0.329606	0.0784794	2.092686	1.075776
1674	-3954.256	-4216.704	262.448	0.5658602	0.311513	0.343993	0.269327	0.0751675	1.986052	1.263994
1680	-3960.435	-4221.463	261.028	1.87304	0.555911	0.123337	0.130856	0.189896	2.004439	1.407476
1686	-3947.329	-4208.737	261.4073	1.54873	0.51819	0.118668	0.180436	0.182707	2.023997	1.300131
1692	-3960.027	-4221.51	261.4839	1.576825	0.516277	0.11823	0.310012	0.0554812	2.063129	1.183272
1698	-3951.055	-4212.739	261.6844	1.43585	0.553291	0.0563961	0.332238	0.0580749	2.185784	0.9964069
1704	-3960.149	-4222.147	261.9976	1.075047	0.541231	0.0769628	0.324997	0.0568091	2.361529	0.8250596
1710	-3962.448	-4224.197	261.7488	1.05515	0.338326	0.326821	0.270656	0.0641964	2.004166	1.403596
1716	-3955.063	-4216.538	261.4751	1.313342	0.398757	0.0985974	0.319001	0.183645	1.893603	1.509761
1722	-3946.62	-4208.054	261.4339	1.012021	0.676978	0.0350613	0.197941	0.0900196	1.847368	1.77944
1728	-3950.922	-4212.838	261.9162	0.9292637	0.453334	0.0606341	0.399081	0.0869507	1.98264	1.388178
1734	-3956.25	-4218.253	262.003	0.9058518	0.356119	0.240436	0.325603	0.0778409	1.98264	1.338539
1740	-3953.608	-4215.695	262.086	0.730565	0.370813	0.250357	0.28067	0.0981602	1.994167	1.407997
1746	-3940.939	-4203.122	262.1824	0.7311876	0.493008	0.20747	0.269223	0.0302994	2.014259	1.315445
1752	-3945.655	-4207.74	262.0853	0.8027652	0.391215	0.380203	0.173056	0.0555257	2.00614	1.339373
1758	-3952.099	-4214.203	262.1045	0.8464771	0.367474	0.310987	0.277118	0.0444206	1.96376	1.321405
1764	-3941.289	-4203.096	261.8062	0.910386	0.577146	0.140597	0.217261	0.0649955	1.893845	1.553488
1770	-3949.696	-4211.432	261.7361	0.9607901	0.268755	0.2404	0.447572	0.0432734	1.912688	1.553488
1776	-3960.646	-4221.899	261.2532	1.049049	0.509799	0.103984	0.333488	0.0527278	1.785072	1.920801
1782	-3954.155	-4215.847	261.6924	0.8921777	0.482958	0.172128	0.31593	0.0289846	1.834753	1.691923
1788	-3958.738	-4220.363	261.6248	1.175247	0.411146	0.296829	0.225286	0.0667382	1.958059	1.445064
1794	-3962.629	-4224.719	262.0902	0.8449841	0.435022	0.218152	0.218163	0.128662	1.922051	1.367231
1800	-3953.825	-4215.787	261.9618	0.7958691	0.447756	0.19381	0.292909	0.0655251	1.816654	1.583087
1806	-3957.419	-4219.264	261.845	0.8090495	0.330931	0.192706	0.407309	0.0690537	1.948627	1.561814
1812	-3954.167	-4215.802	261.635	0.8090495	0.387545	0.225674	0.24085	0.145931	1.926224	1.728845
1818	-3956.378	-4218.283	261.9052	0.7481089	0.375031	0.218386	0.265365	0.141218	1.989051	1.534846
1824	-3970.152	-4231.645	261.493	1.039221	0.302274	0.237355	0.330716	0.129655	1.9384	1.654428
1830	-3963.275	-4224.373	261.098	1.430602	0.451418	0.252412	0.248526	0.0476447	1.881817	1.715597
1836	-3961.506	-4223.424	261.9186	0.8072009	0.505013	0.0881911	0.365264	0.0415324	1.923846	1.5272
1842	-3953.084	-4215.225	262.1407	0.7599502	0.176872	0.457268	0.334572	0.0312881	1.925544	1.39474
1848	-3965.488	-4227.547	262.0596	0.7389818	0.411785	0.355828	0.223479	0.0089087	1.96053	1.44741
1854	-3957.322	-4219.197	261.8757	0.8664722	0.411785	0.355828	0.223479	0.0089087	2.001935	1.454289
1860	-3962.34	-4224.578	262.2383	0.4429667	0.311614	0.420196	0.246036	0.0221535	1.864049	1.612751
1866	-3959.227	-4221.307	262.0795	0.5859168	0.283982	0.38557	0.319469	0.0109792	1.904518	1.594818
1872	-3957.439	-4219.423	261.9836	0.8150155	0.300704	0.358674	0.292643	0.0479784	1.911162	1.481875
1878	-3950.681	-4212.724	262.0427	0.7616194	0.468818	0.127442	0.35874	0.0450005	1.97878	1.428041
1884	-3946.566	-4208.192	261.6256	0.9466122	0.487654	0.129121	0.336417	0.0468085	1.888877	1.661354
1890	-3946.499	-4208.196	261.6968	0.706466	0.333973	0.206177	0.420576	0.0392739	1.899635	1.779816
1896	-3947.398	-4209.128	261.7297	0.7797601	0.403018	0.221063	0.348052	0.0278671	1.946159	1.669381
1902	-3953.076	-4214.624	261.5482	1.081986	0.526953	0.0766367	0.362562	0.0338478	1.949261	1.576127
1908	-3957.458	-4219.059	261.6004	1.363082	0.495116	0.132424	0.340657	0.0318028	2.195278	1.128098
1914	-3956.306	-4218.431	262.1246	0.9611219	0.4958	0.124992	0.349191	0.030018	2.158258	1.031501
1920	-3956.824	-4218.616	261.7919	1.376233	0.480863	0.188881	0.272039	0.0582166	2.230271	0.8909381
1926	-3949.257	-4211.478	262.2208	0.898925	0.552744	0.154207	0.140307	0.152742	2.073211	1.081159
1932	-3953.279	-4214.948	261.6686	1.271256	0.526491	0.259164	0.101908	0.112438	2.01377	1.295847
1938	-3939.804	-4201.416	261.6119	1.451713	0.600307	0.188981	0.134874	0.0758378	2.01377	1.208062
1944	-3942.474	-4203.534	261.0596	1.363975	0.452565	0.140514	0.316721	0.0901993	1.893631	1.775742
1950	-3947.496	-4208.76	261.2637	1.231363	0.376907	0.173631	0.374342	0.0751201	1.905869	1.709255
1956	-3943.652	-4205.17	261.5179	0.9249209	0.377514	0.272359	0.214919	0.135208	1.767932	1.836954
1962	-3940.515	-4202.345	261.8306	0.9249209	0.396019	0.267562	0.211133	0.125286	1.984089	1.456509
1968	-3954.705	-4216.635	261.9298	0.9249209	0.330416	0.327791	0.315095	0.0266987	2.061884	1.318027
1974	-3954.823	-4216.71	261.8873	0.8908896	0.401862	0.118655	0.37747	0.102013	2.076462	1.368058
1980	-3959.639	-4221.531	261.8924	0.8710823	0.266834	0.339536	0.317431	0.0761992	2.133893	1.334663
1986	-3947.754	-4209.824	262.0704	0.8796662	0.353737	0.29929	0.279806	0.0671672	1.947001	1.334663
1992	-3941.576	-4203.438	261.8614	0.9434348	0.515076	0.093166	0.234089	0.157669	1.947001	1.446894
1998	-3951.894	-4214.015	262.1207	0.6841052	0.546203	0.0936417	0.343482	0.0166732	1.958178	1.446894
2004	-3960.334	-4222.503	262.1684	0.6825064	0.475281	0.193363	0.287905	0.0434517	1.949706	1.418088
2010	-3950.293	-4212.086	261.7929	0.6581217	0.304535	0.263939	0.392988	0.0385385	1.902987	1.746152
2016	-3959.235	-4221.161	261.9261	0.4250033	0.382081	0.371018	0.190695	0.0562064	1.732711	1.933319
2022	-3959.818	-4221.652	261.8344	0.5913711	0.381961	0.371216	0.190635	0.0561887	1.705322	1.902207
2028	-3957.521	-4218.825	261.3038	0.910088	0.536453	0.178991	0.258432	0.0261233	1.761126	1.996696
2034	-3964.752	-4226.167	261.4141	0.8086262	0.52775	0.176088	0.193255	0.102907	1.760774	1.993418
2040	-3951.588	-4212.857	261.2683	0.9852853	0.520283	0.232274	0.145993	0.101451	1.729946	1.990273
2046	-3952.447	-4213.571	261.1241	1.106028	0.437349	0.180095	0.259292	0.123264	1.75493	1.990273
2052	-3944.878	-4205.967	261.0885	0.8521725	0.432231	0.0547104	0.449003	0.0640554	1.711401	2.209734
2058	-3951.891	-4212.72	260.8289	0.9240247	0.378163	0.189776	0.376018	0.0560428	1.732062	2.315663
2064	-3952.785	-4213.629	260.8441	0.9240247	0.424753	0.278373	0.150646	0.146227	1.616992	2.37909
2070	-3957.457	-4218.326	260.8687	0.9201365	0.516131	0.123128	0.183055	0.177686	1.596414	2.37909
2076	-3963.078	-4223.817	260.7388	0.9202024	0.246421	0.330845	0.246895	0.175838	1.609246	2.45281
2082	-3946.323	-4205.527	259.2035	1.238703	0.549233	0.184338	0.155607	0.110823	1.477704	3.275167
2088	-3941.203	-4201.091	259.8872	0.8664571	0.239016	0.342535	0.374569	0.0438791	1.517569	3.063212
2094	-3942.435	-4202.827	260.3919	0.8146947	0.310147	0.313982	0.360175	0.0156962	1.55516	2.768335
2100	-3954.624	-4215.226	260.6018	0.625778	0.238918	0.270483	0.478508	0.0120913	1.544705	2.768335
2106	-3951.748	-4212.705	260.9561	0.625778	0.47852	0.124786	0.386917	0.00977694	1.605816	2.512081
2112	-3944.985	-4206.4	261.4149	0.625778	0.341722	0.373764	0.276306	0.00820861	1.625225	2.208613
2118	-3946.643	-4207.871	261.2277	0.7345132	0.311787	0.35424	0.318361	0.015612	1.697256	2.208613
2124	-3959.773	-4220.802	261.0285	0.9087811	0.491366	0.115171	0.366654	0.0268086	1.801337	2.152481
2130	-3957.28	-4218.501	261.2208	0.8436371	0.450487	0.126294	0.402064	0.021155	1.798053	2.072698
2136	-3968.436	-4229.861	261.4252	1.137672	0.449389	0.155882	0.374372	0.0203573	1.877055	1.678113
2142	-3966.226	-4227.322	261.0954	1.555345	0.433662	0.0577662	0.310644	0.197928	1.780358	1.712911
2148	-3960.18	-4221.633	261.4538	1.054493	0.433662	0.0577662	0.310644	0.197928	1.8935	1.703561
2154	-3977.286	-4239.192	261.9059	0.958656	0.512938	0.0980512	0.253116	0.135895	1.986368	1.369976
2160	-3969.642	-4231.713	262.0713	1.032463	0.340152	0.258531	0.24009	0.161227	2.255575	0.9125046
2166	-3964.569	-4226.371	261.8018	1.212184	0.445347	0.182291	0.306109	0.0662532	2.167274	1.096474
2172	-3960.384	-4222.17	261.7857	1.323243	0.514538	0.0552473	0.353668	0.0765466	2.078866	1.098242
2178	-3957.936	-4219.725	261.7898	1.323243	0.576021	0.0876895	0.267452	0.0688366	2.136926	1.039845
2184	-3971.918	-4233.834	261.9152	0.8251127	0.581067	0.0877348	0.291571	0.0396275	2.009849	1.450858
2190	-3966.682	-4228.272	261.5905	1.083939	0.5087	0.0943203	0.362288	0.0346922	2.022918	1.488633
2196	-3943.531	-4205.483	261.9518	0.8453431	0.441783	0.206881	0.320633	0.0307034	1.901836	1.489076
2202	-3938.601	-4200.81	262.2092	0.5629365	0.282156	0.308972	0.389263	0.0196095	1.9398	1.490388
2208	-3945.322	-4207.081	261.7595	0.9184309	0.421812	0.254499	0.320634	0.00305617	1.898265	1.578517
2214	-3942.768	-4204.807	262.0383	0.6762785	0.512384	0.0978086	0.389481	0.000326207	1.869419	1.580922
2220	-3942.703	-4204.638	261.935	0.6762785	0.337981	0.355397	0.305758	0.000863823	1.920268	1.61906
2226	-3953.643	-4215.824	262.1806	0.7452337	0.290957	0.305949	0.402351	0.000743636	1.920268	1.3798
2232	-3966.018	-4228.19	262.1725	0.7223742	0.221978	0.332996	0.437922	0.00710396	1.945398	1.385432
2238	-3950.122	-4212.225	262.1026	0.7356654	0.351448	0.222258	0.33478	0.0915142	1.948082	1.426609
2244	-3946.097	-4207.628	261.5308	1.047379	0.406559	0.179832	0.387278	0.0263313	1.877047	1.665526
2250	-3952.095	-4213.258	261.1622	1.177553	0.471357	0.310374	0.192563	0.025706	1.826571	1.86987
2256	-3940.371	-4201.918	261.5469	1.324848	0.455507	0.13662	0.271909	0.135964	1.895417	1.446253
2262	-3963.738	-4224.619	260.8808	1.8539	0.565224	0.141009	0.156122	0.137645	1.723401	1.733114
2268	-3952.278	-4213.769	261.4906	0.9572738	0.480388	0.0579195	0.394145	0.0675469	1.85055	1.775961
2274	-3955.229	-4217.281	262.0519	0.624683	0.394122	0.212252	0.323366	0.0702604	1.827845	1.640783
2280	-3961.642	-4221.555	259.9127	0.7630173	0.297197	0.308471	0.394134	0.000197579	1.537954	3.100308
2286	-3969.636	-4229.294	259.6583	1.243571	0.373119	0.442752	0.183951	0.000178064	1.584715	2.937583
2292	-3953.756	-4214.168	260.4123	0.8517807	0.416006	0.277849	0.305855	0.000290093	1.578173	2.718206
2298	-3967.607	-4227.833	260.2259	1.166005	0.355712	0.282863	0.361058	0.00036738	1.541266	2.662963
2304	-3955.363	-4216.356	260.9931	0.9438844	0.515104	0.192476	0.291888	0.000532	1.642566	2.254888
2310	-3973.226	-4235.049	261.8229	0.8419706	0.367092	0.497523	0.113565	0.0218198	1.893991	1.592866
2316	-3956.32	-4217.768	261.4478	0.8389311	0.310172	0.127581	0.548946	0.0133005	1.862895	1.880601
2322	-3932.504	-4194.034	261.5298	0.6862893	0.382111	0.234158	0.381832	0.00189841	1.715189	2.032631
2328	-3947.413	-4208.974	261.5603	0.753915	0.55293	0.194879	0.213091	0.0390999	1.802684	1.905558
2334	-3945.562	-4206.892	261.3305	1.128716	0.495732	0.204547	0.223663	0.0760583	1.887277	1.743879
2340	-3956.616	-4217.954	261.3375	0.9969447	0.506937	0.173036	0.291744	0.0282832	1.86161	1.846498
2346	-3962.404	-4224.047	261.6425	0.6226122	0.443808	0.180586	0.339098	0.0365076	1.821713	1.931071
2352	-3958.923	-4220.46	261.5362	0.8067115	0.338004	0.254534	0.271015	0.136448	1.821713	1.871281
2358	-3951.026	-4212.493	261.4665	0.8801687	0.299546	0.339352	0.240179	0.120923	1.913967	1.803343
2364	-3945.951	-4207.945	261.9939	0.5223428	0.165613	0.536043	0.243709	0.0546351	1.824173	1.759754
2370	-3963.197	-4225.202	262.0056	0.5332966	0.196702	0.398316	0.340091	0.0648914	1.824173	1.743791
2376	-3965.297	-4227.431	262.1335	0.6007173	0.268069	0.355982	0.293012	0.0829382	1.856216	1.579333
2382	-3958.45	-4220.234	261.7844	0.687494	0.281767	0.317253	0.294242	0.106738	1.997889	1.662992
2388	-3953.668	-4215.455	261.787	0.8179542	0.315757	0.377394	0.23661	0.0702382	1.843784	1.67296
2394	-3953.154	-4215.182	262.0284	0.5683754	0.344663	0.368725	0.25827	0.0283416	1.865411	1.67296
2400	-3960.153	-4221.823	261.6702	0.7793431	0.311992	0.358477	0.233789	0.0957424	1.80176	1.812723
2406	-3962.813	-4224.135	261.322	0.8034349	0.401554	0.256782	0.285613	0.0560509	1.77565	2.048355
2412	-3949.168	-4210.585	261.4174	0.9286153	0.469038	0.15124	0.294328	0.0853942	1.941211	1.784077
2418	-3950.951	-4212.876	261.9249	0.6400583	0.38595	0.269839	0.286254	0.0579577	1.735689	1.784077
2424	-3944.271	-4206.041	261.7704	0.5534796	0.247427	0.368722	0.303643	0.0802073	1.815402	1.897728
2430	-3952.879	-4214.141	261.2621	0.703155	0.218873	0.37745	0.342844	0.0608334	1.81609	2.130667
2436	-3942.877	-4204.517	261.6398	0.5494784	0.358091	0.383647	0.219343	0.0389196	1.707443	2.060076
2442	-3937.876	-4199.185	261.3085	0.8054499	0.389463	0.417258	0.131495	0.0617847	1.769275	2.060076
2448	-3940.864	-4201.34	260.4763	0.8909872	0.361	0.217225	0.365327	0.0564479	1.58504	2.649742
2454	-3952.406	-4213.339	260.9323	0.9763501	0.391729	0.161625	0.385393	0.0612529	1.680549	2.248487
2460	-3953.501	-4214.584	261.0827	0.9763501	0.39474	0.156189	0.372432	0.076639	1.67545	2.154433
2466	-3969.128	-4230.191	261.0628	0.9910016	0.39474	0.156189	0.372432	0.076639	1.68072	2.154433
2472	-3971.937	-4234.081	262.144	0.7781738	0.150802	0.47004	0.219972	0.159186	1.985921	1.329296
2478	-3944.404	-4206.595	262.1911	0.7714066	0.164958	0.514165	0.240622	0.0802546	2.068895	1.228315
2484	-3934.673	-4196.995	262.322	0.7137426	0.261569	0.507108	0.15952	0.0718034	2.11774	1.124931
2490	-3938.543	-4200.757	262.2133	0.7137426	0.360456	0.33319	0.2649	0.0414542	2.071684	1.258272
2496	-3949.748	-4211.641	261.8926	0.7137426	0.287616	0.36665	0.291501	0.0542335	1.929558	1.614285
2502	-3956.168	-4218.224	262.056	0.6720336	0.363429	0.377442	0.208849	0.0502801	1.890028	1.556079
2508	-3952.748	-4214.39	261.6426	0.9221962	0.315208	0.243251	0.355867	0.0856745	1.89555	1.662185
2514	-3944.816	-4206.273	261.4566	0.9219818	0.356309	0.27497	0.257034	0.111688	1.783904	1.870054
2520	-3947.227	-4209.373	262.1463	0.5663771	0.43021	0.279289	0.177059	0.113442	1.827715	1.616831
2526	-3945.823	-4207.365	261.5413	0.8005124	0.234524	0.410001	0.276632	0.0788431	1.754863	1.917681
2532	-3934.855	-4196.595	261.7407	0.6224409	0.310975	0.229379	0.355102	0.104545	1.743556	1.917681
2538	-3943.544	-4205.039	261.4942	0.8208699	0.264352	0.329376	0.322761	0.0835108	1.809071	1.898443
2544	-3945.226	-4206.846	261.62	0.8208699	0.219004	0.494666	0.227474	0.0588563	1.753649	1.850393
2550	-3956.05	-4217.988	261.9386	0.7942528	0.228733	0.368464	0.237579	0.165224	1.920589	1.524801
2556	-3959.431	-4221.6	262.1688	0.7746761	0.326455	0.27204	0.151103	0.250403	1.993789	1.305887
2562	-3968.83	-4230.284	261.454	1.216033	0.519626	0.0887692	0.288922	0.102683	1.989758	1.521002
2568	-3955.821	-4217.747	261.9261	0.8399702	0.363555	0.0790522	0.44347	0.113922	2.009073	1.431253
2574	-3953.809	-4215.737	261.9279	0.7463956	0.372597	0.324711	0.243873	0.0588185	1.85972	1.614318
2580	-3942.829	-4204.63	261.801	0.8247784	0.290348	0.33977	0.214213	0.15567	1.880069	1.631797
2586	-3952.364	-4214.562	262.1975	0.7126127	0.473056	0.203188	0.19361	0.130147	2.040167	1.298148
2592	-3945.324	-4207.642	262.3179	0.5492581	0.311005	0.225943	0.319183	0.14387	2.055574	1.327329
2598	-3954.013	-4216.221	262.2078	0.6023545	0.34096	0.282359	0.349926	0.0267558	1.920399	1.475084
2604	-3945.472	-4207.658	262.1861	0.631054	0.382472	0.272148	0.337272	0.0081081	1.994504	1.41185
2610	-3950.675	-4212.624	261.9491	0.917849	0.429503	0.31425	0.206738	0.0495086	1.8813	1.450001
2616	-3971.821	-4233.964	262.1423	0.7313564	0.313711	0.307867	0.305308	0.0731138	2.033132	1.332322
2622	-3965.742	-4227.487	261.7449	0.8110327	0.502789	0.128238	0.278807	0.0901656	2.118699	1.508377
2628	-3951.939	-4213.549	261.6104	0.9457811	0.373434	0.224769	0.292842	0.108955	2.029144	1.571466
2634	-3948.859	-4211.206	262.3468	0.5702098	0.332742	0.397703	0.248623	0.0209319	2.043563	1.296147
2640	-3943.088	-4205.231	262.1429	0.6777358	0.314269	0.38053	0.281501	0.0236999	2.029472	1.379755
2646	-3938.312	-4200.806	262.4942	0.4934529	0.317112	0.453064	0.202497	0.0273279	1.986319	1.286364
2652	-3953.082	-4215.549	262.4671	0.4867313	0.270368	0.282984	0.407747	0.0389009	2.004775	1.29876
2658	-3960.342	-4222.575	262.2335	0.7380154	0.181253	0.371143	0.400297	0.0473071	2.004775	1.275663
2664	-3954.951	-4217.277	262.3262	0.6277186	0.295666	0.279581	0.379861	0.044892	2.028866	1.275663
2670	-3963.774	-4225.888	262.1139	0.7104215	0.295666	0.279581	0.379861	0.044892	2.026708	1.377522
2676	-3947.449	-4209.798	262.3485	0.6178847	0.368158	0.215095	0.360432	0.056315	2.068126	1.233104
2682	-3949.58	-4211.679	262.0986	0.833235	0.44694	0.286259	0.211192	0.055609	1.99793	1.309716
2688	-3954.422	-4216.189	261.767	0.9550382	0.483769	0.14317	0.320522	0.0525393	1.965507	1.495525
2694	-3958.857	-4220.275	261.4181	0.8728073	0.376946	0.325482	0.205267	0.0923045	1.900741	1.85101
2700	-3947.934	-4208.858	260.9234	0.9225422	0.507987	0.14252	0.276315	0.0731779	1.754571	2.24164
2706	-3947.364	-4207.943	260.5795	0.9313239	0.339451	0.195652	0.293039	0.171858	1.734062	2.467361
2712	-3945.258	-4204.881	259.6227	0.9496577	0.454049	0.154285	0.318214	0.0734516	1.666121	3.081559
2718	-3950.177	-4210.113	259.9354	0.7527967	0.356032	0.238997	0.372139	0.032832	1.533767	3.095725
2724	-3938.629	-4199.236	260.6066	0.8671315	0.447834	0.1719	0.372242	0.00802382	1.539501	2.612641
2730	-3963	-4223.324	260.3232	1.174101	0.301336	0.124686	0.565772	0.00820631	1.64097	2.536264
2736	-3949.353	-4210.062	260.7092	0.8205986	0.472539	0.184838	0.32661	0.0160135	1.65197	2.509048
2742	-3957.596	-4218.563	260.9669	0.8556074	0.530376	0.187067	0.233133	0.0494237	1.683525	2.303469
2748	-3947.97	-4209.386	261.4158	0.7778334	0.449036	0.225428	0.210018	0.115517	1.922771	1.905032
2754	-3944.346	-4205.63	261.2833	0.9543178	0.449036	0.225428	0.210018	0.115517	1.735394	1.997452
2760	-3939.031	-4200.148	261.1166	0.8016239	0.394913	0.219601	0.308566	0.0769198	1.751669	2.199641
2766	-3935.004	-4196.526	261.5212	0.8353376	0.425314	0.236506	0.255338	0.0828412	1.776271	1.892107
2772	-3951.273	-4212.621	261.3486	0.7956554	0.266763	0.438186	0.222775	0.0722763	1.776055	2.035857
2778	-3947.274	-4208.633	261.3588	0.9271936	0.34849	0.233955	0.323136	0.0944192	1.865915	1.87718
2784	-3946.191	-4207.999	261.8082	0.6153143	0.388482	0.188529	0.366436	0.0565531	1.862663	1.795092
2790	-3948.542	-4209.833	261.2909	0.8024524	0.445809	0.21635	0.29735	0.0404902	1.748806	2.087233
2796	-3935.231	-4196.245	261.0143	0.8007019	0.383288	0.318711	0.235514	0.0624876	1.694475	2.302751
2802	-3943.26	-4204.15	260.8899	0.8007019	0.405078	0.22293	0.280911	0.0910815	1.671895	2.396116
2808	-3943.545	-4204.539	260.9941	0.7762411	0.303514	0.417717	0.209776	0.0689928	1.736871	2.30497
2814	-3942.603	-4203.896	261.2922	0.7762411	0.318648	0.209463	0.399455	0.0724331	1.733788	2.114287
2820	-3934.375	-4195.491	261.1161	0.9838231	0.511364	0.0710806	0.366049	0.0515065	1.779097	2.059705
2826	-3945.853	-4206.33	260.4769	1.605758	0.221609	0.164963	0.412929	0.200499	1.819988	2.07762
2832	-3938.249	-4198.869	260.6202	1.628579	0.463937	0.128032	0.328147	0.0798839	1.748885	2.017275
2838	-3935.241	-4196.357	261.1156	0.8668715	0.432984	0.199473	0.306254	0.0612898	1.79312	2.129125
2844	-3948.084	-4209.183	261.0985	0.964883	0.375383	0.248477	0.323004	0.0531363	1.721578	2.121608
2850	-3946.004	-4207.093	261.0885	0.964883	0.417033	0.170708	0.307308	0.10495	1.731508	2.121608
2856	-3944.189	-4205.738	261.5496	0.6673871	0.358074	0.379137	0.172676	0.0901127	1.767455	1.998052
2862	-3941.581	-4202.903	261.3227	0.8940563	0.46158	0.178851	0.309905	0.0496632	1.808888	1.963122
2868	-3946.838	-4208.038	261.1999	0.8368225	0.426957	0.227278	0.246221	0.0995438	1.744917	2.125921
2874	-3944.495	-4205.927	261.4326	0.6071569	0.199959	0.368834	0.315556	0.115651	1.700117	2.16128
2880	-3956.844	-4217.75	260.9063	0.8056725	0.435584	0.311862	0.154767	0.0977869	1.713195	2.356299
2886	-3950.821	-4211.913	261.0915	0.7873915	0.447227	0.320198	0.158904	0.073671	1.781354	2.206303
2892	-3951.62	-4212.58	260.9591	0.8935148	0.359298	0.371132	0.18418	0.0853898	1.803428	2.206303
2898	-3947.961	-4209.179	261.2178	0.5935568	0.326043	0.277582	0.369935	0.0264395	1.715304	2.299125
2904	-3949.226	-4209.888	260.6618	0.7607091	0.350902	0.238672	0.381971	0.0284554	1.605538	2.60644
2910	-3963.36	-4224.127	260.767	0.8151156	0.432312	0.169396	0.363235	0.0350571	1.621408	2.495597
2916	-3962.31	-4223.708	261.3977	0.6354883	0.335821	0.337331	0.303525	0.0233239	1.663079	2.188596
2922	-3966.715	-4228.196	261.4809	0.5581953	0.232258	0.423926	0.300685	0.0431309	1.660914	2.188596
2928	-3958.017	-4219.573	261.5566	0.5854947	0.312792	0.4343	0.208722	0.0441863	1.738323	2.06996
2934	-3948.611	-4209.891	261.2802	0.8355166	0.471746	0.199285	0.271494	0.0574749	1.724928	2.087244
2940	-3948.015	-4209.83	261.8155	0.5873869	0.372372	0.151004	0.371376	0.105248	1.81407	1.843791
2946	-3946.433	-4208.092	261.6591	0.69776	0.471076	0.224981	0.178602	0.125341	1.853918	1.843791
2952	-3973.76	-4235.101	261.3407	0.8768789	0.317351	0.144761	0.363776	0.174112	1.857492	1.930171
2958	-3965.54	-4227.322	261.7822	0.7413344	0.377585	0.121678	0.432822	0.0679149	1.895619	1.696771
2964	-3952.999	-4214.515	261.5155	0.8116423	0.367013	0.304084	0.287441	0.0414616	1.877015	1.844081
2970	-3948.184	-4209.844	261.6596	0.6327214	0.333134	0.253827	0.353382	0.0596575	1.898869	1.85984
2976	-3951.471	-4213.073	261.6024	0.7484527	0.375013	0.272863	0.307353	0.0447717	1.88915	1.82165
2982	-3957.409	-4218.935	261.5255	0.8024451	0.484453	0.238927	0.262328	0.014292	1.922205	1.812756
2988	-3958.392	-4219.713	261.3207	0.8400595	0.470534	0.232063	0.254791	0.0426117	1.942568	1.911972
2994	-3953.485	-4215.185	261.7003	0.8237588	0.470534	0.232063	0.254791	0.0426117	1.912579	1.681408
3000	-3954.733	-4216.352	261.6196	0.7246911	0.375005	0.231113	0.359922	0.0339606	1.896957	1.821744
3006	-3966.223	-4227.591	261.3678	0.9719984	0.405979	0.189068	0.294445	0.110508	1.892435	1.821744
3012	-3965.972	-4227.902	261.9301	0.787916	0.467641	0.216416	0.217352	0.0985903	1.892435	1.556843
3018	-3952.927	-4214.526	261.5992	0.9135645	0.346245	0.160236	0.420521	0.0729971	1.958658	1.654427
3024	-3959.102	-4220.755	261.6527	0.8509843	0.481746	0.127025	0.333362	0.0578673	1.910648	1.696497
3030	-3957.142	-4218.997	261.8555	0.9048635	0.481746	0.127025	0.333362	0.0578673	1.910648	1.508572
3036	-3958.698	-4220.134	261.436	0.9166873	0.510433	0.134589	0.311444	0.0435336	1.903725	1.805632
3042	-3963.099	-4224.647	261.5482	0.9754905	0.449274	0.26397	0.223229	0.063528	1.867464	1.710833
3048	-3960.129	-4221.952	261.8223	0.7736162	0.443029	0.358588	0.135738	0.0626449	1.781561	1.724994
3054	-3959.259	-4221.693	262.434	0.6864757	0.357945	0.347426	0.210996	0.0836329	2.214295	0.9512163
3060	-3967.233	-4228.13	260.8963	0.8277185	0.324926	0.248407	0.305287	0.12138	1.698098	2.35756
3066	-3959.62	-4220.559	260.9389	0.7221593	0.413046	0.315775	0.16326	0.107919	1.621684	2.449041
3072	-3975.788	-4238.17	262.3819	0.6522735	0.309498	0.272031	0.371615	0.0468557	2.134798	1.114174
3078	-3964.308	-4226.799	262.4916	0.5859958	0.239718	0.473781	0.222825	0.0636761	2.216984	0.9981667
3084	-3962.976	-4225.483	262.507	0.5564084	0.271806	0.474469	0.198139	0.0555861	2.262898	0.9671005
3090	-3960.035	-4221.477	261.4417	0.9894126	0.385359	0.291421	0.228308	0.0949115	1.766774	1.845297
3096	-3950.271	-4211.706	261.4352	0.8279438	0.379006	0.294433	0.230668	0.0958925	1.83732	1.914228
3102	-3955.532	-4217.139	261.6073	0.7463923	0.464259	0.195927	0.282554	0.0572604	1.798262	1.882057
3108	-3950.484	-4212.108	261.6237	0.9528162	0.546528	0.103488	0.282576	0.0674074	1.901973	1.648883
3114	-3949.93	-4211.665	261.7348	1.178685	0.505413	0.095703	0.261318	0.137566	1.966717	1.35012
3120	-3941.149	-4203.145	261.9956	0.7909155	0.497449	0.121075	0.218394	0.163082	1.961546	1.453689
3126	-3945.745	-4207.408	261.6627	0.981064	0.37723	0.333486	0.165614	0.12367	1.891972	1.607324
3132	-3939.137	-4200.392	261.2549	0.8976417	0.498363	0.148842	0.253146	0.0996488	1.891972	1.95032
3138	-3941.583	-4203.293	261.7096	0.6979666	0.327639	0.365739	0.276887	0.0297338	1.851921	1.810247
3144	-3944.96	-4206.694	261.7343	0.6745595	0.180622	0.463578	0.321297	0.0345027	1.82629	1.827968
3150	-3943.54	-4205.235	261.6954	0.7421346	0.261322	0.480817	0.23539	0.0224713	1.883666	1.765633
3156	-3942.9	-4204.832	261.9318	0.6857556	0.30363	0.236985	0.419352	0.0400332	2.023042	1.538805
3162	-3952.505	-4214.307	261.8019	0.8322747	0.493078	0.175909	0.288642	0.0423708	1.963628	1.564629
3168	-3967.046	-4228.623	261.5766	1.05439	0.545222	0.103951	0.313355	0.0374729	1.963628	1.564629
3174	-3961.341	-4223.001	261.6601	0.7969372	0.473336	0.222092	0.27204	0.0325322	1.904333	1.735487
3180	-3968.928	-4230.672	261.7443	0.8081839	0.450034	0.230166	0.283016	0.0367845	1.886544	1.680191
3186	-3974.75	-4236.478	261.7276	0.8526614	0.541983	0.144144	0.309328	0.00454553	1.924948	1.631454
3192	-3967.6	-4229.313	261.7133	0.829601	0.489499	0.149097	0.319956	0.0414481	1.914058	1.666773
3198	-3966.928	-4228.811	261.8825	0.7913976	0.443287	0.180133	0.322312	0.0542685	1.934166	1.558506
3204	-3960.706	-4222.273	261.5669	0.7773802	0.38424	0.429033	0.136763	0.049964	1.817318	1.874369
3210	-3948.496	-4209.33	260.8339	0.9266654	0.313567	0.371069	0.29608	0.0192846	1.630859	2.37506
3216	-3945.429	-4206.178	260.7488	0.7837933	0.275053	0.349804	0.346206	0.0289373	1.720465	2.465547
3222	-3949.331	-4209.411	260.0804	0.7978899	0.505838	0.046411	0.393724	0.0540274	1.594071	2.944278
3228	-3946.545	-4206.677	260.1325	1.217499	0.527784	0.0697406	0.38297	0.0195057	1.547732	2.686516
3234	-3964.281	-4225.033	260.7522	0.8358915	0.418486	0.15513	0.303661	0.122723	1.671825	2.459695
3240	-3966.183	-4227.197	261.014	0.7844022	0.548014	0.158	0.262177	0.03181	1.631187	2.354142
3246	-3966.828	-4227.686	260.8579	0.9887372	0.485921	0.0819427	0.391293	0.0408429	1.683534	2.286262
3252	-3957.877	-4218.789	260.9122	1.002409	0.441738	0.156885	0.364247	0.0371292	1.671502	2.250427
3258	-3961.068	-4222.366	261.2981	0.7653363	0.446742	0.26111	0.254598	0.0375498	1.744368	2.11102
3264	-3956.624	-4217.613	260.9886	0.902236	0.413028	0.20914	0.343116	0.034716	1.6459	2.282906
3270	-3955.687	-4216.519	260.8317	0.8992525	0.391677	0.170357	0.409687	0.0282783	1.751532	2.317598
3276	-3952.053	-4213.307	261.2537	0.9305009	0.295661	0.197246	0.474351	0.0327416	1.751532	2.022523
3282	-3952.888	-4213.832	260.9443	0.9220283	0.560133	0.229637	0.0982206	0.112009	1.673724	2.280476
3288	-3952.961	-4213.58	260.6193	0.8959463	0.386129	0.158301	0.378356	0.0772139	1.743548	2.459139
3294	-3945.061	-4206.323	261.2619	0.9551219	0.289587	0.318313	0.323828	0.0682717	1.683768	2.045463
3300	-3952.879	-4214.105	261.2258	0.9676274	0.357931	0.136262	0.288435	0.217371	1.741008	2.023074
3306	-3937.892	-4198.721	260.8295	0.8367411	0.269499	0.248783	0.225755	0.255962	1.725326	2.376718
3312	-3934.509	-4195.614	261.1047	1.13571	0.373083	0.28258	0.197999	0.146339	1.776261	1.969858
3318	-3940.295	-4201.116	260.8212	0.8761693	0.38384	0.0684388	0.448036	0.0996857	1.765158	2.330768
3324	-3954.504	-4215.683	261.1796	0.9998987	0.579736	0.0627004	0.221082	0.136482	1.768524	2.013944
3330	-3946.226	-4207.043	260.8174	1.377589	0.548166	0.139242	0.243672	0.0689198	1.881096	1.941685
3336	-3956.052	-4216.904	260.8515	1.473839	0.589106	0.0449307	0.261871	0.104093	1.800233	1.915927
3342	-3967.93	-4229.604	261.6737	1.17816	0.579588	0.0388525	0.275815	0.105744	1.871114	1.471909
3348	-3974.317	-4235.786	261.4695	1.506685	0.406898	0.239544	0.188455	0.165103	2.088748	1.22475
3354	-3984.236	-4246.429	262.1938	0.5890998	0.227963	0.398341	0.327596	0.0460995	1.916342	1.49917
3360	-3974.366	-4236.828	262.4618	0.5391188	0.143879	0.269974	0.55562	0.030527	2.088748	1.188889
3366	-3966.109	-4228.382	262.2723	0.6360497	0.343602	0.287752	0.349693	0.0189538	2.146539	1.215024
3372	-3942.993	-4204.899	261.9058	0.8471553	0.385858	0.20016	0.392697	0.0212847	1.954687	1.48245
3378	-3950.4	-4212.25	261.85	0.6940454	0.385858	0.20016	0.392697	0.0212847	1.925694	1.662703
3384	-3954.769	-4216.103	261.3339	1.204391	0.370471	0.146298	0.438792	0.0444395	1.926472	1.662703
3390	-3959.523	-4221.321	261.7984	0.8678176	0.54926	0.216902	0.194883	0.0389548	1.937806	1.559134
3396	-3957.669	-4219.799	262.13	0.6454525	0.396314	0.153327	0.422251	0.0281075	1.977417	1.456325
3402	-3968.732	-4230.728	261.9963	0.8093391	0.440772	0.296643	0.233819	0.0287655	2.057262	1.363967
3408	-3968.609	-4230.504	261.8952	0.9858588	0.383393	0.222485	0.218276	0.175846	2.034251	1.318534
3414	-3959.184	-4220.768	261.5845	1.032163	0.360634	0.363156	0.221784	0.0544261	1.921915	1.605333
3420	-3953.763	-4215.624	261.8614	0.8643175	0.51926	0.198137	0.237249	0.0453544	1.93868	1.514477
3426	-3966.568	-4228.42	261.8522	1.07202	0.307146	0.270952	0.347041	0.0748611	1.966901	1.338454
3432	-3945.661	-4207.931	262.2701	0.6953446	0.309445	0.255338	0.359795	0.0754215	1.991934	1.29324
3438	-3944.192	-4206.225	262.0331	0.8079412	0.286175	0.374287	0.288801	0.0507372	2.145498	1.264267
3444	-3962.536	-4224.784	262.2481	0.6019072	0.317403	0.347274	0.299378	0.0359449	2.147963	1.264267
3450	-3947.966	-4209.781	261.8147	1.069692	0.409562	0.284617	0.243737	0.0620835	2.098084	1.264267
3456	-3944.526	-4206.828	262.302	0.710145	0.303085	0.296163	0.272282	0.12847	2.081795	1.177674
3462	-3951.793	-4214.073	262.2798	0.6726107	0.315824	0.174215	0.400502	0.109459	2.143823	1.177674
3468	-3938.558	-4200.353	261.7942	1.267288	0.492851	0.135242	0.250594	0.121313	2.142398	1.078992
3474	-3951.119	-4212.953	261.8338	1.036481	0.550134	0.155284	0.159169	0.135412	2.072402	1.296443
3480	-3938.308	-4200.167	261.8583	0.9189394	0.409032	0.143204	0.375374	0.0723891	1.892611	1.509249
3486	-3941.5	-4203.297	261.7973	1.025526	0.521689	0.0360017	0.412749	0.0295603	1.989287	1.400165
3492	-3942.963	-4204.468	261.5052	1.004408	0.428287	0.227411	0.127325	0.216977	1.776215	1.784574
3498	-3947.765	-4209.259	261.4933	0.8116346	0.428781	0.110038	0.22986	0.23132	1.718231	1.966784
3504	-3931.771	-4193.068	261.2964	0.9962185	0.371557	0.18436	0.335485	0.108598	1.758611	1.944893
3510	-3953.822	-4215.391	261.5699	0.8146512	0.426583	0.184948	0.346079	0.04239	1.755387	1.887881
3516	-3953.866	-4215.706	261.8403	0.5705238	0.36554	0.393396	0.147621	0.0934438	1.742253	1.887881
3522	-3951.797	-4213.894	262.0966	0.5521898	0.260089	0.35726	0.277542	0.105109	1.812474	1.674046
3528	-3954.594	-4216.753	262.1589	0.4534997	0.358586	0.371257	0.260986	0.00917128	1.809841	1.701345
3534	-3944.89	-4206.325	261.4348	0.9818996	0.405934	0.3524	0.23331	0.00835634	1.791468	1.838234
3540	-3946.928	-4208.202	261.2743	1.056692	0.362789	0.286674	0.347479	0.00305727	1.829868	1.870877
3546	-3943.749	-4205.558	261.8085	0.6712012	0.387107	0.274729	0.335215	0.00294935	1.876073	1.744371
3552	-3962.521	-4224.418	261.8966	0.6918295	0.347427	0.246906	0.402828	0.00283992	1.929928	1.627918
3558	-3943.377	-4205.297	261.9196	0.7031114	0.317207	0.22543	0.367789	0.0895746	1.89499	1.627918
3564	-3937.627	-4199.403	261.776	0.8160461	0.293975	0.307251	0.268467	0.130307	1.84496	1.681394
3570	-3957.948	-4220.334	262.3855	0.5981682	0.344543	0.263513	0.339527	0.0524167	2.13786	1.159177
3576	-3951.04	-4213.006	261.966	0.9516604	0.436137	0.244588	0.274907	0.0443675	2.18104	1.165089
3582	-3944.659	-4206.484	261.8255	1.172874	0.432293	0.175759	0.272484	0.119464	2.18104	1.096282
3588	-3960.216	-4221.766	261.5504	1.27805	0.496887	0.133812	0.231986	0.137315	2.134179	1.288997
3594	-3946.653	-4208.587	261.9343	0.6238677	0.312281	0.321828	0.249648	0.116242	1.902521	1.672151
3600	-3943.27	-4205.196	261.9256	0.7947664	0.278458	0.305213	0.23676	0.179569	1.967549	1.499008
3606	-3944.212	-4205.961	261.7493	0.7896188	0.253517	0.414224	0.188951	0.143308	1.85207	1.714902
3612	-3943.108	-4204.865	261.757	0.747354	0.325752	0.304211	0.2931	0.0769377	1.888829	1.714902
3618	-3950.786	-4212.222	261.436	0.899243	0.328694	0.283127	0.347735	0.0404441	1.845677	1.857825
3624	-3938.941	-4200.223	261.2819	0.8334356	0.478075	0.262272	0.200828	0.0588247	1.793981	2.041988
3630	-3950	-4211.686	261.6864	0.8699814	0.344579	0.393788	0.202756	0.0588772	1.848043	1.702977
3636	-3939.306	-4201.357	262.0513	0.8145123	0.353072	0.378846	0.207754	0.0603284	2.012445	1.351682
3642	-3941.548	-4203.466	261.9175	0.8584819	0.362895	0.288998	0.264266	0.0838419	1.951978	1.466778
3648	-3942.446	-4203.882	261.4362	1.080591	0.359992	0.371595	0.199861	0.0685523	1.892415	1.698663
3654	-3945.398	-4206.81	261.4118	1.080591	0.540714	0.225608	0.192058	0.0416205	1.851759	1.744503
3660	-3941.267	-4202.831	261.5639	0.9074555	0.529137	0.220778	0.209356	0.0407294	1.890445	1.732305
3666	-3943.018	-4204.206	261.1889	0.8580622	0.435504	0.189274	0.314112	0.0611092	1.764339	2.105965
3672	-3938.732	-4199.888	261.1565	1.511314	0.481999	0.158793	0.300706	0.0585011	1.951756	1.572854
3678	-3953.141	-4215.036	261.8947	0.8680457	0.455984	0.253273	0.243392	0.0473508	1.822543	1.572854
3684	-3952.78	-4214.28	261.5003	0.7460933	0.391488	0.21745	0.350409	0.0406534	1.749092	1.987603
3690	-3947.117	-4208.871	261.7539	0.8493816	0.33246	0.164277	0.374693	0.12857	1.876511	1.649822
3696	-3954.845	-4216.473	261.6278	0.8449082	0.355193	0.211235	0.323135	0.110438	1.799314	1.796338
3702	-3942.167	-4204.166	261.9988	0.6796616	0.193281	0.577157	0.171089	0.058473	1.820499	1.642391
3708	-3938.674	-4200.619	261.9458	0.7501028	0.365278	0.207776	0.367908	0.0590386	1.814008	1.631588
3714	-3944.998	-4206.658	261.6606	0.8945116	0.368756	0.304571	0.303367	0.0233059	1.803271	1.734924
3720	-3948.039	-4210.051	262.0124	0.6948694	0.335436	0.213077	0.426711	0.0247772	1.81028	1.628332
3726	-3941.391	-4203.032	261.6414	0.6948694	0.407592	0.360116	0.206254	0.0260378	1.712738	1.953704
3732	-3946.879	-4208.432	261.5532	0.6103504	0.241188	0.332817	0.386569	0.0394271	1.68733	2.088576
3738	-3939.339	-4200.44	261.1011	0.9354112	0.375484	0.300107	0.288856	0.0355522	1.655349	2.182462
3744	-3952.198	-4213.18	260.982	0.6299258	0.486636	0.249809	0.229148	0.0344075	1.630862	2.47747
3750	-3941.461	-4202.683	261.222	0.9253456	0.360322	0.219221	0.357339	0.0631182	1.813231	2.006063
3756	-3940.653	-4201.453	260.7998	0.824618	0.487181	0.180147	0.293647	0.0390245	1.69532	2.422428
3762	-3955.231	-4215.922	260.6907	1.012361	0.552439	0.0524147	0.350894	0.0442518	1.737995	2.343127
3768	-3954.005	-4214.485	260.4797	1.150232	0.503665	0.129154	0.326062	0.0411201	1.67012	2.434285
3774	-3953.659	-4214.727	261.0671	0.6757371	0.41017	0.204967	0.34131	0.0435532	1.655026	2.378132
3780	-3958.901	-4220.576	261.6742	0.6577423	0.221806	0.341888	0.375919	0.0603877	1.765877	1.922295
3786	-3950.274	-4211.839	261.5654	0.7003023	0.35339	0.26822	0.296896	0.0814931	1.829598	1.922295
3792	-3943.345	-4204.932	261.5867	0.7358224	0.397321	0.239543	0.271513	0.0916236	1.770728	1.922295
3798	-3928.124	-4189.586	261.4619	0.8266905	0.411741	0.233812	0.265016	0.0894314	1.824703	1.905574
3804	-3940.265	-4201.636	261.371	0.6986612	0.374503	0.208315	0.378704	0.0384778	1.853195	2.03775
3810	-3947.045	-4208.812	261.7671	0.7238658	0.290786	0.325691	0.353647	0.0298764	1.825198	1.769895
3816	-3943.975	-4205.583	261.6078	0.7232421	0.435534	0.293436	0.217887	0.0531423	1.811755	1.889157
3822	-3942.526	-4204.34	261.8143	0.6477906	0.287596	0.25513	0.370569	0.0867056	1.959806	1.698754
3828	-3957.47	-4218.9	261.4301	0.7759592	0.445195	0.205443	0.215142	0.134219	1.81556	1.969035
3834	-3945.806	-4207.306	261.5004	0.704825	0.408663	0.188585	0.342437	0.0603158	1.820339	1.969035
3840	-3971.239	-4232.763	261.5236	0.8517012	0.496629	0.118594	0.294831	0.0899458	1.880084	1.80765
3846	-3949.804	-4211.125	261.3205	0.8002032	0.455816	0.161525	0.300104	0.0825542	1.920884	1.954828
3852	-3940.055	-4201.747	261.6921	0.7002279	0.440899	0.173317	0.369173	0.0166106	1.907032	1.782523
3858	-3944.167	-4205.884	261.7171	0.8179241	0.375198	0.294632	0.316034	0.0141354	1.899114	1.683377
3864	-3945.018	-4206.683	261.665	0.816131	0.463006	0.188654	0.331583	0.0167576	1.893626	1.725462
3870	-3945.76	-4207.747	261.9865	0.6243935	0.376794	0.309707	0.288325	0.0251748	1.955439	1.596015
3876	-3937.512	-4199.685	262.173	0.5525959	0.269214	0.384122	0.293923	0.0527416	2.033321	1.455109
3882	-3946.751	-4208.847	262.0955	0.6835946	0.266974	0.380926	0.291478	0.0606223	2.015362	1.422719
3888	-3949.699	-4211.309	261.6107	0.7556636	0.300789	0.363354	0.278032	0.0578257	2.021164	1.718614
3894	-3954.76	-4216.322	261.5618	0.8788655	0.346833	0.339426	0.259723	0.0540178	1.926529	1.729047
3900	-3942.219	-4203.925	261.7053	0.841533	0.258665	0.274004	0.447093	0.0202385	2.005968	1.597283
3906	-3942.122	-4203.942	261.8205	0.7193106	0.340569	0.369017	0.251617	0.0387965	1.852889	1.716373
3912	-3939.845	-4201.549	261.7039	0.5260234	0.260225	0.297114	0.413017	0.0296439	1.836352	1.947492
3918	-3937.135	-4198.912	261.7771	0.6452722	0.267527	0.277391	0.424606	0.0304758	1.825745	1.820239
3924	-3958.277	-4219.814	261.5368	0.6951869	0.281728	0.504609	0.120698	0.092965	1.824453	1.948676
3930	-3944.94	-4206.726	261.7864	0.690189	0.413203	0.342584	0.211358	0.0328553	1.823784	1.782224
3936	-3953.936	-4215.616	261.6795	0.6050612	0.369202	0.310918	0.292806	0.0270738	1.826368	1.915397
3942	-3968.485	-4230.357	261.8724	0.846777	0.431922	0.15545	0.351234	0.0613939	1.960427	1.503578
3948	-3971.519	-4232.998	261.4789	0.9162921	0.508522	0.137168	0.297703	0.0566074	1.784723	1.858241
3954	-3945.217	-4206.673	261.456	1.002567	0.560531	0.127572	0.291746	0.020151	1.841425	1.774697
3960	-3951.309	-4212.605	261.2961	0.8842669	0.408211	0.171788	0.392866	0.0271354	1.771904	2.012302
3966	-3956.861	-4218.381	261.5203	0.6451686	0.307529	0.168203	0.466536	0.0577319	1.798803	2.012302
3972	-3936.993	-4198.69	261.6967	0.7372052	0.503498	0.164104	0.309759	0.0226384	1.897358	1.758778
3978	-3938.255	-4200.167	261.912	0.6169243	0.11268	0.3956	0.458231	0.0334893	1.921643	1.679634
3984	-3932.4	-4194.236	261.8365	0.7140745	0.261528	0.3841	0.330237	0.024135	1.894327	1.679634
3990	-3930.583	-4192.122	261.5392	0.7584594	0.248474	0.423804	0.313754	0.0139693	1.830449	1.897851
3996	-3943.006	-4204.652	261.6462	0.632115	0.231561	0.49264	0.270578	0.00522071	1.786942	1.945291
4002	-3943.66	-4204.907	261.2473	0.9343394	0.338725	0.253257	0.395798	0.01222	1.810122	1.985196
4008	-3945.649	-4206.974	261.3249	0.864403	0.397313	0.218057	0.340786	0.043844	1.649093	2.087997
4014	-3958.672	-4219.882	261.2098	0.864403	0.391674	0.207491	0.310009	0.0908264	1.668936	2.150383
4020	-3955.697	-4217.059	261.3623	0.5780946	0.219186	0.458069	0.253528	0.0692161	1.687091	2.234907
4026	-3946.064	-4207.273	261.2089	0.8869832	0.378402	0.345788	0.225153	0.0506566	1.718449	2.103381
4032	-3955.979	-4216.896	260.9175	0.9428473	0.53087	0.0815385	0.373429	0.0141633	1.697009	2.269171
4038	-3951.063	-4212.754	261.6903	0.8737887	0.538242	0.157462	0.285257	0.0190397	1.737198	1.775277
4044	-3954.452	-4216.257	261.8054	0.6762315	0.298021	0.482597	0.176121	0.0432621	1.829616	1.775277
4050	-3948.593	-4210.611	262.0175	0.7147003	0.3501	0.320764	0.246196	0.0829397	1.881929	1.557085
4056	-3944.56	-4206.919	262.3589	0.5841503	0.302718	0.32713	0.285224	0.0849278	1.957896	1.343637
4062	-3947.542	-4208.812	261.2695	0.9540516	0.372289	0.229693	0.333981	0.0640372	1.834788	1.940296
4068	-3961.833	-4222.974	261.1405	0.9305453	0.467627	0.111813	0.319263	0.101298	1.648312	2.164685
4074	-3962.833	-4223.986	261.1532	0.9322466	0.500622	0.113741	0.324767	0.06087	1.701352	2.120692
4080	-3953.106	-4214.19	261.0843	1.033428	0.353521	0.18686	0.383963	0.0756557	1.703174	2.098049
4086	-3958.072	-4219.632	261.5606	0.6917993	0.552717	0.270055	0.126435	0.0507923	1.759688	1.978593
4092	-3961.978	-4223.149	261.1705	0.9580222	0.414248	0.166619	0.373059	0.0460743	1.799258	2.02754
4098	-3965.415	-4226.598	261.1832	0.9678046	0.503495	0.0393345	0.406915	0.0502557	1.776723	2.02754
4104	-3960.521	-4222.04	261.5195	1.275681	0.486273	0.0314511	0.283979	0.198298	1.95217	1.45821
4110	-3967.346	-4228.148	260.8019	2.105855	0.575225	0.0238225	0.396039	0.00491323	1.989038	1.45821
4116	-3952.974	-4214.853	261.879	0.8632366	0.530915	0.126102	0.331282	0.0117016	1.996856	1.45821
4122	-3947.191	-4209.233	262.0422	0.8051501	0.322466	0.257595	0.403056	0.0168831	2.072079	1.319078
4128	-3956.19	-4218.251	262.0607	0.6862481	0.360412	0.287907	0.339245	0.0124358	2.033019	1.433788
4134	-3951.136	-4213.165	262.0294	0.7577314	0.299513	0.220719	0.425036	0.0547319	2.049254	1.386834
4140	-3948.721	-4211.12	262.3982	0.5513134	0.379158	0.332442	0.287123	0.00127702	2.067802	1.249982
4146	-3956.101	-4218.54	262.4385	0.4084087	0.285012	0.483446	0.231258	0.000284378	2.070501	1.327531
4152	-3939.623	-4202.025	262.4019	0.4084087	0.25597	0.434185	0.308432	0.00141281	1.992835	1.41742
4158	-3942.512	-4204.64	262.1279	0.6458561	0.253849	0.430586	0.314164	0.0014011	1.946888	1.480747
4164	-3949.832	-4211.817	261.9851	0.5170663	0.254856	0.325829	0.416792	0.00252351	1.923624	1.699806
4170	-3953.562	-4215.492	261.9298	0.4695668	0.265793	0.33446	0.39153	0.00821758	1.855626	1.818706
4176	-3959.198	-4220.991	261.7939	0.5037522	0.14808	0.53401	0.310905	0.00700422	1.72282	1.978323
4182	-3956.923	-4218.867	261.9437	0.5012954	0.231058	0.276308	0.485123	0.00751051	1.903021	1.754554
4188	-3954.224	-4216.301	262.0771	0.4335349	0.186147	0.426509	0.381438	0.0059053	1.90448	1.705339
4194	-3966.642	-4228.682	262.0395	0.4926414	0.40425	0.233443	0.355087	0.00722056	1.885765	1.705339
4200	-3956.17	-4218.189	262.0186	0.5232942	0.339555	0.387939	0.265253	0.00725268	1.875935	1.705339
4206	-3960.211	-4222.336	262.1256	0.5785311	0.335414	0.383208	0.262019	0.0193596	1.861983	1.597792
4212	-3954.377	-4214.559	260.1823	0.756082	0.396664	0.291556	0.249472	0.0623085	1.464975	2.987052
4218	-3943.978	-4203.545	259.567	0.77038	0.367129	0.280288	0.293553	0.0590301	1.464975	3.343556
4224	-3953.814	-4214.287	260.4731	0.6719519	0.335597	0.373554	0.245861	0.0449885	1.447303	2.876048
4230	-3947.842	-4208.332	260.4894	0.7792217	0.418769	0.302158	0.18425	0.0948235	1.583662	2.714032
4236	-3957.934	-4218.57	260.6364	0.7854418	0.447986	0.268679	0.143968	0.139367	1.723115	2.533069
4242	-3946.99	-4208.05	261.0596	0.7862777	0.400317	0.209521	0.262343	0.127819	1.704399	2.277088
4248	-3967.245	-4227.926	260.6804	0.6738164	0.418947	0.190478	0.226262	0.164313	1.665993	2.614391
4254	-3969.908	-4230.569	260.6612	1.621193	0.666972	0.053355	0.121744	0.157929	1.739068	2.00065
4260	-3961.116	-4222.398	261.2818	0.6262605	0.399395	0.314032	0.273204	0.0133692	1.767885	2.202072
4266	-3970.734	-4232.209	261.4754	0.5494457	0.310223	0.198515	0.410717	0.0805456	1.728496	2.154135
4272	-3954.584	-4216.246	261.6625	1.133212	0.414211	0.174643	0.405323	0.0058235	1.94764	1.454925
4278	-3963.414	-4225.262	261.8482	1.079904	0.349792	0.147482	0.466302	0.0364231	1.912084	1.378904
4284	-3946.364	-4207.982	261.6186	1.221921	0.600719	0.164686	0.153824	0.0807714	1.911659	1.451619
4290	-3959.048	-4220.586	261.5382	1.215058	0.420323	0.0330448	0.499578	0.0470538	1.878484	1.541749
4296	-3955.116	-4216.459	261.3427	1.530279	0.486711	0.0743638	0.390031	0.0488944	1.878484	1.476691
4302	-3957.094	-4218.344	261.2494	0.8161836	0.374519	0.295994	0.25629	0.0731975	1.724938	2.120692
4308	-3950.362	-4212.172	261.8095	0.6840558	0.297006	0.223461	0.378281	0.101253	1.872335	1.736737
4314	-3978.919	-4240.621	261.702	0.7732012	0.281666	0.218996	0.386783	0.112555	1.990256	1.662611
4320	-3963.187	-4225.298	262.1103	0.5468389	0.301136	0.422997	0.155531	0.120335	1.88699	1.614599
4326	-3958.314	-4220.524	262.2094	0.4340925	0.34205	0.267634	0.291158	0.0991573	1.898493	1.614599
4332	-3957.969	-4220.014	262.0443	0.4340925	0.254302	0.337791	0.377078	0.0308281	2.026809	1.641136
4338	-3964.9	-4226.907	262.0068	0.463537	0.308305	0.409523	0.244543	0.0376292	1.861482	1.765297
4344	-3949.379	-4211.35	261.9712	1.04613	0.456687	0.0788433	0.451304	0.0131657	2.236171	1.022348
4350	-3956.198	-4218.329	262.1307	0.9253037	0.459049	0.0792511	0.448466	0.0132338	2.315418	0.8997302
4356	-3954.372	-4216.672	262.2995	0.7957711	0.548236	0.109114	0.326845	0.0158049	2.335841	0.8346573
4362	-3952.472	-4214.877	262.4047	0.6879519	0.238816	0.443501	0.245797	0.0718863	2.309822	0.8762333
4368	-3949.207	-4211.829	262.6221	0.5238319	0.28229	0.40039	0.25627	0.0610502	2.273389	0.8654697
4374	-3962.646	-4225.347	262.7004	0.3977	0.305936	0.433928	0.218459	0.0416775	2.273389	0.9120047
4380	-3973.717	-4236.329	262.6127	0.3977	0.50028	0.248518	0.224105	0.0270971	2.295344	0.9816496
4386	-3972.116	-4234.634	262.5175	0.6033657	0.221952	0.475966	0.264484	0.0375972	2.304268	0.8551206
4392	-3945.823	-4208.316	262.4933	0.6442122	0.464891	0.235269	0.251055	0.0487847	2.271154	0.8720461
4398	-3949.5	-4211.805	262.3051	0.780651	0.231929	0.33827	0.383318	0.0464829	2.315148	0.8720461
4404	-3963.986	-4226.089	262.1027	0.6808814	0.467362	0.121306	0.408384	0.00294888	1.921036	1.491238
4410	-3975.317	-4237.184	261.8675	0.8798284	0.583749	0.151515	0.252485	0.0122507	2.037432	1.422798
4416	-3962.848	-4224.554	261.7057	1.090887	0.486993	0.130702	0.370195	0.0121096	1.988598	1.421886
4422	-3953.799	-4215.892	262.0924	0.6462068	0.416384	0.166308	0.320157	0.097151	1.906966	1.536844
4428	-3951.786	-4213.292	261.5065	0.9226375	0.547997	0.079223	0.279585	0.0931944	1.858276	1.784027
4434	-3948.52	-4210.107	261.5873	0.9061736	0.33395	0.234844	0.352107	0.079099	1.79429	1.784027
4440	-3947.56	-4208.789	261.2291	0.8115575	0.337177	0.301467	0.232918	0.128439	1.79429	2.091707
4446	-3955.752	-4217.023	261.2703	0.9708654	0.412492	0.284101	0.182641	0.120766	1.79429	1.955561
4452	-3947.21	-4209.04	261.8301	0.8328956	0.320819	0.385845	0.270625	0.0227105	1.903672	1.587421
4458	-3957.612	-4219.58	261.9672	0.619796	0.134771	0.643008	0.173182	0.0490389	1.863959	1.679208
4464	-3945.337	-4206.873	261.5368	0.654318	0.477816	0.247254	0.220529	0.054402	1.781197	2.006648
4470	-3954.935	-4215.958	261.0231	0.7068961	0.328725	0.318483	0.279323	0.0734696	1.720481	2.343605
4476	-3968.703	-4230.081	261.378	0.6559669	0.305023	0.348399	0.265084	0.0814937	1.795513	2.100953
4482	-3960.347	-4221.684	261.3377	0.6441725	0.324185	0.370286	0.281736	0.0237925	1.771959	2.150874
4488	-3965.219	-4226.139	260.9205	0.8811545	0.326032	0.364403	0.283342	0.0262232	1.787297	2.249806
4494	-3957.636	-4219.991	262.3544	0.6346747	0.226866	0.373944	0.258459	0.140731	1.990401	1.27806
4500	-3957.896	-4219.624	261.7279	0.7216617	0.264464	0.231418	0.392708	0.11141	1.841325	1.787513
4506	-3961.681	-4223.132	261.4502	0.7094217	0.316389	0.219516	0.372512	0.0915833	1.841325	1.985332
4512	-3957.497	-4219.224	261.7267	0.5337783	0.162587	0.450882	0.282284	0.104247	1.674243	2.035267
4518	-3943.503	-4204.638	261.135	0.8271496	0.346322	0.399639	0.210792	0.0432468	1.729746	2.184609
4524	-3946.699	-4207.351	260.6521	0.796539	0.330162	0.30827	0.300016	0.0615523	1.683545	2.540628
4530	-3975.251	-4236.104	260.8524	1.604412	0.527364	0.086061	0.358815	0.0277601	1.753896	1.871173
4536	-3962.137	-4223.561	261.424	0.7546044	0.361396	0.23959	0.375239	0.0237756	1.743422	2.036116
4542	-3950.472	-4212.289	261.8172	0.7133019	0.213685	0.375633	0.373407	0.0372758	1.764475	1.785056
4548	-3951.126	-4213.353	262.227	0.6639825	0.29664	0.267075	0.385711	0.0505738	1.86199	1.455421
4554	-3967.063	-4229.157	262.0938	0.57864	0.467923	0.165345	0.321048	0.0456847	1.79413	1.669505
4560	-3973.779	-4234.711	260.9318	0.9830787	0.334668	0.430795	0.233776	0.000760154	1.557965	2.322918
4566	-3962.816	-4223.788	260.9723	0.9775639	0.421547	0.283764	0.294464	0.000224488	1.591728	2.278995
4572	-3955.59	-4216.415	260.8252	0.7836116	0.497673	0.282569	0.213523	0.00623516	1.642855	2.466412
4578	-3943.881	-4205.014	261.1332	0.9096806	0.456533	0.297981	0.242393	0.00309389	1.718225	2.137802
4584	-3943.141	-4204.639	261.4984	0.7627306	0.476531	0.114012	0.407859	0.00159758	1.745191	1.979697
4590	-3945.777	-4207.151	261.3736	0.8778135	0.507446	0.107422	0.384283	0.000848066	1.778636	1.960441
4596	-3938.197	-4199.319	261.1223	1.015342	0.341023	0.300767	0.357196	0.00101377	1.707457	2.082053
4602	-3961.091	-4222.323	261.2315	1.011683	0.522656	0.185211	0.229982	0.0621509	1.844569	1.920249
4608	-3957.129	-4218.748	261.6181	0.941389	0.422354	0.262782	0.226683	0.0881812	1.944638	1.630527
4614	-3952.264	-4214.227	261.9628	0.5404537	0.375412	0.243979	0.379456	0.00115294	1.831139	1.763735
4620	-3955.35	-4216.63	261.2799	0.7793117	0.334395	0.20838	0.456782	0.000442132	1.698178	2.143483
4626	-3958.789	-4220.729	261.9401	0.7833356	0.496526	0.307782	0.194921	0.000770807	1.787546	1.629529
4632	-3947.395	-4209.102	261.7073	0.8560372	0.601065	0.0957983	0.300546	0.00259047	1.864674	1.68663
4638	-3948.814	-4210.666	261.8527	0.597239	0.40977	0.224499	0.360682	0.00504907	1.879732	1.765521
4644	-3952.752	-4214.398	261.6458	0.8554847	0.440453	0.304494	0.230761	0.0242923	1.854662	1.73751
4650	-3960.248	-4222.083	261.8351	0.6978937	0.42847	0.29621	0.241683	0.0336368	1.830967	1.73751
4656	-3947.548	-4209.273	261.7251	0.7008495	0.344265	0.332795	0.295913	0.0270263	1.798141	1.8345
4662	-3937.237	-4199.056	261.8194	0.7670075	0.360765	0.300817	0.310096	0.0283216	1.862942	1.674353
4668	-3936.364	-4198.046	261.6821	0.6431559	0.36509	0.282274	0.323975	0.0286611	1.804214	1.901475
4674	-3936.442	-4198.097	261.6545	0.8934039	0.420715	0.330083	0.134666	0.114536	1.935103	1.646446
4680	-3945.524	-4207.151	261.6274	0.9858674	0.390156	0.372638	0.125268	0.111937	1.958628	1.581002
4686	-3954.166	-4215.861	261.6956	0.8888582	0.400233	0.382263	0.162915	0.05459	1.967975	1.596401
4692	-3949.82	-4211.952	262.1321	0.719256	0.393794	0.385309	0.10909	0.111807	2.040329	1.344974
4698	-3951.922	-4213.975	262.0532	0.6769196	0.354374	0.178246	0.365532	0.101848	1.992243	1.478059
4704	-3939.867	-4201.915	262.048	0.7276245	0.329195	0.327493	0.290246	0.0530652	2.035577	1.407826
4710	-3952.875	-4214.523	261.6485	0.7904328	0.383807	0.252781	0.312512	0.0508995	2.030289	1.659258
4716	-3956.718	-4218.624	261.9052	0.887079	0.403998	0.266079	0.197665	0.132258	2.021004	1.400542
4722	-3957.527	-4219.486	261.9588	0.8864822	0.453288	0.202478	0.243589	0.100644	2.070906	1.319192
4728	-3954.339	-4216.177	261.8385	0.8302095	0.37715	0.230677	0.277513	0.114661	1.976333	1.529858
4734	-3953.076	-4214.56	261.4842	0.9529178	0.356134	0.259833	0.262049	0.121983	1.990214	1.685362
4740	-3960.287	-4221.992	261.7044	0.7878013	0.318754	0.337523	0.234544	0.10918	1.851843	1.747961
4746	-3947.551	-4209.531	261.9803	0.7240209	0.407798	0.257967	0.314522	0.0197135	1.965442	1.515463
4752	-3939.442	-4201.465	262.0237	0.7640849	0.269687	0.472302	0.191244	0.0667665	1.971809	1.445987
4758	-3948.471	-4210.42	261.9492	0.7622318	0.190687	0.388233	0.278446	0.142634	2.04821	1.445987
4764	-3929.886	-4191.235	261.3488	0.8929448	0.368731	0.189241	0.331216	0.110812	1.837608	1.926956
4770	-3943.675	-4204.871	261.1961	0.9759332	0.497843	0.154679	0.280967	0.0665114	1.811828	1.990082
4776	-3955.866	-4217.069	261.2038	0.8882762	0.501813	0.196888	0.196369	0.10493	1.871494	2.00469
4782	-3944.927	-4206.072	261.1455	0.7764675	0.536217	0.286139	0.119258	0.0583856	1.811619	2.159061
4788	-3948.644	-4209.939	261.2943	0.8390473	0.311599	0.565887	0.0822477	0.0402663	1.754137	2.056331
4794	-3942.871	-4204.307	261.4367	0.7605534	0.259366	0.471028	0.250561	0.0190452	1.768317	2.006969
4800	-3941.738	-4203.53	261.7919	0.5965881	0.453235	0.211688	0.317968	0.0171094	1.862958	1.819776
4806	-3958.337	-4219.662	261.3252	0.9222515	0.517424	0.100043	0.363001	0.0195325	1.846795	1.916398
4812	-3950.32	-4212.054	261.7334	0.8916711	0.523697	0.0891331	0.367401	0.0197693	1.961379	1.571478
4818	-3946.629	-4208.05	261.4207	0.9995315	0.490243	0.190812	0.26962	0.0493257	1.910669	1.753144
4824	-3939.302	-4201.254	261.9518	0.8005359	0.39175	0.221581	0.344575	0.0420939	1.906452	1.520565
4830	-3945.405	-4207.386	261.981	0.609246	0.269445	0.433015	0.236999	0.0605411	1.952854	1.613459
4836	-3950.869	-4212.513	261.644	0.8391949	0.494124	0.202382	0.195201	0.108293	1.835155	1.764304
4842	-3947.572	-4208.65	261.0775	0.9899479	0.531997	0.135401	0.210163	0.12244	1.79919	2.067812
4848	-3951.049	-4212.672	261.6227	0.788498	0.403207	0.245908	0.258549	0.0923362	1.878623	1.785777
4854	-3947.422	-4209.117	261.6953	0.8546871	0.420923	0.255057	0.269908	0.0541119	1.776899	1.757933
4860	-3948.414	-4210.157	261.7431	0.8349901	0.365208	0.225665	0.371383	0.0377439	1.844692	1.690943
4866	-3946.73	-4208.383	261.6531	0.8684411	0.306495	0.21636	0.433126	0.0440189	1.982205	1.632138
4872	-3946.235	-4208.334	262.0987	0.8006564	0.400774	0.278899	0.284086	0.0362406	1.969451	1.359622
4878	-3951.345	-4213.36	262.0148	0.7734696	0.383593	0.309813	0.271907	0.034687	1.983922	1.435957
4884	-3952.249	-4214.139	261.8899	0.8851033	0.289991	0.237481	0.396553	0.0759753	1.980036	1.445508
4890	-3963.093	-4225.16	262.0669	0.6816114	0.322028	0.312935	0.306345	0.0586924	2.042584	1.425431
4896	-3971.478	-4233.593	262.1142	0.6519624	0.442757	0.170343	0.306203	0.0806964	1.976416	1.463873
4902	-3968.123	-4230.286	262.1625	0.774784	0.413712	0.171275	0.334106	0.0809077	2.049371	1.265461
4908	-3946.092	-4208.127	262.0347	0.7820856	0.383831	0.238275	0.291073	0.0868201	1.978361	1.417907
4914	-3943.203	-4205.175	261.9717	0.7746608	0.283395	0.370385	0.295454	0.0507658	1.849368	1.568152
4920	-3965.552	-4227.162	261.6104	0.9744301	0.381855	0.145148	0.370866	0.102131	2.025579	1.552738
4926	-3953.735	-4215.437	261.7014	0.9044691	0.520926	0.159661	0.26672	0.052693	1.942981	1.598655
4932	-3962.56	-4224.192	261.6322	0.6919724	0.47534	0.198625	0.322721	0.00331387	1.707366	1.965537
4938	-3954.094	-4215.668	261.5733	0.7578655	0.450485	0.152031	0.396731	0.000753043	1.709509	1.956888
4944	-3962.673	-4224.31	261.6372	0.9175991	0.369571	0.173071	0.451635	0.00572361	1.862901	1.692686
4950	-3962.545	-4223.956	261.4108	0.8663553	0.536497	0.210663	0.248796	0.0040441	1.862901	1.886403
4956	-3965.993	-4227.557	261.5636	0.7548354	0.271133	0.474785	0.243402	0.0106787	1.792414	1.909631
4962	-3963.615	-4225.827	262.2125	0.729869	0.376563	0.120041	0.445306	0.05809	1.992797	1.309562
4968	-3971.336	-4233.483	262.1471	0.7560581	0.389045	0.215198	0.338817	0.0569403	1.992797	1.33987
4974	-3974.272	-4235.792	261.5193	0.821723	0.45117	0.178875	0.164391	0.205564	1.809322	1.880544
4980	-3952.842	-4214.859	262.017	0.9154671	0.348839	0.358435	0.188786	0.10394	2.067424	1.250036
4986	-3951.237	-4213.47	262.2325	0.7915264	0.408252	0.255131	0.214975	0.121642	2.067424	1.175968
4992	-3949.315	-4211.752	262.4361	0.5102375	0.281857	0.293124	0.323694	0.101325	2.067424	1.253539
4998	-3946.392	-4208.873	262.481	0.5658159	0.263711	0.483643	0.192415	0.0602309	2.053492	1.178946
5004	-3952.246	-4214.17	261.9235	0.8126039	0.262099	0.480688	0.165233	0.0919805	2.072356	1.40647
5010	-3941.958	-4204.184	262.2255	0.7600773	0.448366	0.165563	0.282659	0.103413	2.04701	1.227777
5016	-3942.731	-4204.752	262.0207	0.7600773	0.392463	0.269601	0.247416	0.0905193	1.969861	1.45294
5022	-3950.026	-4211.944	261.9173	0.7769491	0.429688	0.281335	0.258732	0.0302459	1.939659	1.539937
5028	-3947.734	-4209.381	261.6468	0.8932593	0.390002	0.246631	0.319503	0.0438637	1.980082	1.619713
5034	-3966.832	-4228.547	261.7153	1.028784	0.323014	0.204269	0.436388	0.0363295	1.961113	1.4821
5040	-3953.026	-4214.956	261.9302	0.6892453	0.292641	0.293926	0.395354	0.0180794	2.003812	1.551487
5046	-3961.102	-4223.258	262.1566	0.6432314	0.284527	0.247773	0.452459	0.0152405	1.931206	1.473006
5052	-3963.279	-4225.69	262.4106	0.417405	0.235479	0.357859	0.394049	0.0126133	1.904412	1.472399
5058	-3951.464	-4213.749	262.2853	0.5618575	0.275483	0.418652	0.29606	0.00980536	1.93541	1.436846
5064	-3949.388	-4210.521	261.1325	0.911275	0.312241	0.398651	0.232561	0.0565467	1.845561	2.053532
5070	-3943.599	-4205.119	261.5203	0.93633	0.310431	0.179668	0.363859	0.146043	1.862512	1.76178
5076	-3941.102	-4202.301	261.199	0.8409972	0.566278	0.173418	0.119342	0.140962	1.761481	2.112825
5082	-3948.637	-4209.704	261.0671	1.115647	0.423693	0.106938	0.3639	0.105469	1.810957	1.984713
5088	-3948.966	-4210.584	261.6172	0.7933163	0.354911	0.242816	0.321145	0.0811291	1.842006	1.811397
5094	-3946.217	-4207.764	261.5471	0.7606059	0.509937	0.236457	0.20246	0.0511465	1.851367	1.876702
5100	-3948.421	-4209.976	261.5553	0.7580428	0.370129	0.171628	0.41574	0.0425034	1.867921	1.861592
5106	-3951.269	-4212.844	261.5757	0.7672918	0.271856	0.310847	0.362178	0.0551192	1.828086	1.86822
5112	-3960.421	-4222.248	261.8271	0.8643995	0.249793	0.202478	0.51653	0.0311986	1.868242	1.591594
5118	-3965.987	-4227.869	261.882	0.7910422	0.333891	0.181508	0.463034	0.0215669	1.870548	1.60565
5124	-3982.811	-4244.357	261.5462	0.8175781	0.410506	0.314633	0.22585	0.0490113	1.833653	1.848554
5130	-3957.651	-4219.24	261.5892	0.7505958	0.29885	0.42761	0.206931	0.0666101	1.86097	1.848554
5136	-3982.207	-4243.867	261.6601	0.5345239	0.350154	0.42299	0.204695	0.0221602	1.798978	1.996059
5142	-3954.445	-4215.972	261.5268	0.6597905	0.45512	0.250021	0.266056	0.0288032	1.742541	2.035073
5148	-3966.462	-4228.47	262.0083	0.5094033	0.384505	0.320414	0.266256	0.0288248	1.992881	1.639282
5154	-3963.084	-4224.973	261.8884	0.645277	0.453068	0.288532	0.233158	0.0252416	1.880115	1.704573
5160	-3940.493	-4202.09	261.5964	0.7194102	0.515579	0.202973	0.271144	0.0103037	1.896047	1.842185
5166	-3937.865	-4199.224	261.3581	0.902408	0.553601	0.14014	0.299789	0.00647087	1.842439	1.910814
5172	-3935.918	-4197.021	261.1031	0.8540292	0.301394	0.40615	0.290033	0.00242383	1.767433	2.162724
5178	-3940.108	-4201.86	261.7521	0.5575194	0.205377	0.359322	0.434606	0.000694952	1.777552	1.932907
5184	-3942.096	-4203.759	261.6622	0.7173376	0.408858	0.0979788	0.492532	0.000630958	1.893371	1.800188
5190	-3954.801	-4215.884	261.0831	0.7414663	0.478798	0.137047	0.383664	0.000491493	1.734844	2.272802
5196	-3953.902	-4215.309	261.4066	0.7527202	0.305609	0.0845748	0.609179	0.000637276	1.677081	2.092734
5202	-3957.194	-4218.866	261.6723	1.033764	0.388771	0.253454	0.26404	0.093735	1.853157	1.590379
5208	-3940.775	-4202.308	261.5329	0.8791564	0.470176	0.244364	0.195087	0.090373	1.903684	1.76513
5214	-3943.82	-4205.065	261.2449	1.031061	0.424922	0.0927037	0.428554	0.0538203	1.89865	1.861293
5220	-3954.056	-4215.854	261.7974	0.7978776	0.41798	0.117779	0.421553	0.0426883	1.877443	1.656513
5226	-3966.448	-4228.645	262.1973	0.6158531	0.331792	0.0934929	0.54083	0.0338859	1.742112	1.604363
5232	-3939.803	-4201.599	261.7962	0.6861314	0.561014	0.158084	0.224265	0.0566378	1.873056	1.74401
5238	-3940.236	-4201.786	261.5494	0.851403	0.391303	0.356438	0.156423	0.0958369	1.881026	1.789364
5244	-3944.459	-4206.186	261.7271	0.7804161	0.375232	0.382869	0.149999	0.0919009	2.011833	1.623562
5250	-3932.388	-4194.151	261.763	0.8046074	0.289537	0.415061	0.229896	0.0655062	1.950595	1.623562
5256	-3921.033	-4183.018	261.9859	0.7037402	0.283712	0.383484	0.278706	0.0540978	1.958374	1.532561
5262	-3920.303	-4182.028	261.7255	0.7980724	0.321208	0.309962	0.324253	0.0445777	1.938555	1.664071
5268	-3930.955	-4192.733	261.7784	0.8148798	0.321041	0.309801	0.233404	0.135755	1.848863	1.677743
5274	-3948.904	-4210.424	261.5198	1.047341	0.185959	0.468696	0.234582	0.110762	1.839749	1.699895
5280	-3946.251	-4208.146	261.8956	0.8838731	0.243878	0.210231	0.533937	0.0119543	1.873201	1.522694
5286	-3946.727	-4208.597	261.8698	0.9133269	0.34997	0.0955984	0.553872	0.000559931	1.957039	1.456237
5292	-3968.664	-4230.55	261.8855	0.6986275	0.341137	0.0836162	0.574805	0.000441869	1.867856	1.675251
5298	-3947.806	-4209.982	262.1762	0.6665036	0.353657	0.188209	0.457063	0.00107116	1.923013	1.445593
5304	-3966.31	-4228.532	262.2228	0.7650132	0.351591	0.1937	0.454393	0.00031565	1.914192	1.334727
5310	-3962.638	-4224.591	261.9533	0.8500812	0.393856	0.131037	0.474937	0.000170658	2.063895	1.359203
5316	-3952.946	-4214.712	261.7655	0.7354328	0.260876	0.238732	0.500213	0.000179741	1.956607	1.669701
5322	-3961.197	-4222.744	261.5468	0.7663739	0.292061	0.146823	0.56001	0.00110614	1.909535	1.832902
5328	-3960.704	-4222.604	261.9003	0.714353	0.511043	0.273196	0.213825	0.0019355	1.902496	1.627837
5334	-3952.033	-4214.101	262.0676	0.729487	0.485196	0.293371	0.214032	0.00740077	1.926564	1.474786
5340	-3957.543	-4219.045	261.5021	0.8139343	0.374228	0.319349	0.232985	0.0734389	1.79454	1.907823
5346	-3935.787	-4197.498	261.7109	0.8167485	0.394586	0.282321	0.245659	0.0774341	1.82193	1.743107
5352	-3933.48	-4195.266	261.7854	0.6936031	0.471032	0.222718	0.288488	0.0177629	1.963389	1.682294
5358	-3946.641	-4208.194	261.5526	0.6748431	0.306738	0.403854	0.27168	0.0177291	1.816493	1.957913
5364	-3941.926	-4203.617	261.6911	0.8190272	0.367505	0.285751	0.325502	0.0212414	1.830618	1.749235
5370	-3934.294	-4196.117	261.8232	0.667348	0.30372	0.392055	0.269007	0.0352174	1.858462	1.749235
5376	-3936.426	-4197.681	261.2548	0.8141153	0.327778	0.351527	0.290315	0.0303798	1.749681	2.102333
5382	-3950.74	-4211.831	261.0911	0.9778702	0.43118	0.180944	0.297325	0.0905513	1.770516	2.085789
5388	-3953.366	-4214.523	261.1566	0.9817309	0.372957	0.0530202	0.422223	0.1518	1.774027	2.03764
5394	-3947.201	-4209.468	262.2678	0.721569	0.371389	0.240703	0.343513	0.0443948	2.030221	1.240575
5400	-3949.723	-4211.617	261.8935	0.8398554	0.456904	0.270207	0.244427	0.0284621	1.953879	1.498033
5406	-3941.523	-4203.626	262.1036	0.6428377	0.316283	0.279024	0.362483	0.0422091	1.98725	1.471059
5412	-3958.09	-4220.647	262.5568	0.4484262	0.383922	0.283835	0.297591	0.0346528	2.129184	1.148708
5418	-3958.636	-4221.078	262.442	0.6142359	0.40836	0.238341	0.301042	0.052257	2.146854	1.084858
5424	-3962.286	-4223.706	261.4196	0.9526439	0.435291	0.245644	0.274976	0.0440897	1.726449	1.913028
5430	-3972.268	-4233.391	261.1239	0.5440433	0.381705	0.323259	0.283635	0.0114006	1.644831	2.435975
5436	-3968.165	-4229.196	261.0302	0.8499735	0.357093	0.163846	0.468396	0.0106655	1.672392	2.273805
5442	-3954.265	-4215.258	260.9935	0.8594782	0.465824	0.189539	0.334272	0.0103644	1.641517	2.310721
5448	-3950.627	-4212.323	261.6967	0.572912	0.236766	0.383374	0.36207	0.0177891	1.727362	1.992978
5454	-3960.063	-4221.351	261.2883	0.6961309	0.283969	0.459805	0.169955	0.0862703	1.727362	2.176213
5460	-3964.729	-4225.294	260.5649	0.7451258	0.30951	0.529524	0.144929	0.0160376	1.704845	2.615122
5466	-3966.576	-4226.598	260.0222	1.15839	0.355625	0.0470606	0.463052	0.134262	1.554988	2.783808
5472	-3948.716	-4209.078	260.362	1.065446	0.543806	0.0956023	0.334874	0.0257172	1.569237	2.621775
5478	-3960.447	-4220.728	260.2812	0.940999	0.397608	0.175231	0.374774	0.0523872	1.560708	2.753025
5484	-3960.486	-4220.489	260.0025	1.213193	0.457047	0.18643	0.278467	0.0780566	1.618682	2.725168
5490	-3947.833	-4208.997	261.164	0.7361843	0.444601	0.255915	0.187563	0.111921	1.640268	2.285111
5496	-3952.31	-4213.051	260.7404	0.7143839	0.305741	0.395336	0.254497	0.0444265	1.580331	2.603694
5502	-3950.294	-4211.339	261.0443	0.8186802	0.414907	0.348977	0.18484	0.0512755	1.668333	2.288241
5508	-3946.148	-4207.234	261.0853	0.7991838	0.398293	0.323668	0.234638	0.0434014	1.647739	2.288241
5514	-3953.745	-4214.921	261.1762	0.5956639	0.409369	0.258775	0.216115	0.115741	1.771734	2.288241
5520	-3951.491	-4212.416	260.9243	1.082394	0.526822	0.204656	0.170918	0.0976043	1.729072	2.154189
5526	-3947.315	-4208.547	261.2323	0.7768527	0.552402	0.122851	0.210638	0.114109	1.731942	2.154189
5532	-3945.556	-4207.302	261.7466	0.7015532	0.342243	0.213775	0.411399	0.0325838	1.900683	1.747969
5538	-3950.188	-4212.335	262.1466	0.5831498	0.322494	0.226343	0.435586	0.0155771	1.923496	1.533646
5544	-3956.251	-4217.789	261.5382	0.7010776	0.366658	0.25734	0.358292	0.0177103	1.859974	1.919606
5550	-3950.545	-4211.94	261.395	0.8737801	0.482459	0.21602	0.189608	0.111913	1.740852	1.974204
5556	-3937.393	-4198.535	261.142	1.023418	0.409192	0.233086	0.259133	0.0985889	1.842172	1.974204
5562	-3937.691	-4199.438	261.7468	1.023418	0.431442	0.24576	0.273223	0.0495746	1.910431	1.500492
5568	-3953.864	-4215.687	261.8231	1.010799	0.422369	0.222557	0.286902	0.0681722	1.956394	1.417083
5574	-3946.555	-4208.259	261.7039	1.07264	0.358783	0.322744	0.186116	0.132357	1.956394	1.461517
5580	-3946.039	-4207.752	261.7134	1.044191	0.577587	0.0674072	0.28038	0.0746262	1.974913	1.461517
5586	-3932.321	-4193.975	261.6536	1.08714	0.460154	0.0342942	0.441229	0.0643231	2.021506	1.439429
5592	-3935.123	-4196.837	261.7142	0.9301675	0.439546	0.0385077	0.465539	0.0564068	1.939723	1.572551
5598	-3945.042	-4206.35	261.3083	1.299871	0.558375	0.0641965	0.310609	0.0668197	1.905212	1.632627
5604	-3945.921	-4207.321	261.4007	1.046178	0.569276	0.0433536	0.316673	0.0706975	1.833747	1.788368
5610	-3942.375	-4203.94	261.5646	0.9076721	0.595629	0.0625534	0.306601	0.0352172	1.918513	1.711844
5616	-3959.416	-4221.419	262.0028	0.7493697	0.445483	0.344824	0.142936	0.066757	1.918513	1.51372
5622	-3964.211	-4226.315	262.1043	0.7740872	0.218905	0.457521	0.255488	0.0680862	1.901833	1.429714
5628	-3947.936	-4209.965	262.0297	0.6635609	0.448095	0.101948	0.376136	0.0738217	1.870913	1.595948
5634	-3950.086	-4211.653	261.5675	0.906991	0.394295	0.15243	0.432857	0.0204181	1.827309	1.774314
5640	-3960.31	-4221.452	261.1418	1.037186	0.517781	0.168491	0.291989	0.0217393	1.7831	2.004705
5646	-3955.467	-4216.981	261.5142	0.673097	0.439736	0.200742	0.34788	0.0116418	1.7831	2.007186
5652	-3957.538	-4219.004	261.4653	0.852104	0.252499	0.336239	0.397945	0.0133172	1.794345	1.905936
5658	-3951.843	-4213.2	261.3567	0.8291428	0.416828	0.0977099	0.402273	0.083189	1.850414	1.957535
5664	-3943.52	-4205.512	261.9916	0.6793464	0.249836	0.195775	0.442095	0.112294	1.856974	1.621529
5670	-3947.188	-4208.887	261.6983	0.738772	0.314619	0.446778	0.0673482	0.171254	1.866723	1.777891
5676	-3946.216	-4207.885	261.669	0.8454327	0.349608	0.351297	0.12721	0.171885	1.932992	1.673095
5682	-3944.53	-4206.158	261.6285	0.7787655	0.429676	0.206425	0.219417	0.144482	1.867515	1.796523
5688	-3966.358	-4228.065	261.7065	0.8097064	0.3667	0.321685	0.241968	0.0696472	1.871211	1.716695
5694	-3945.104	-4207.289	262.1851	0.6750842	0.401188	0.2733	0.293607	0.0319057	2.186583	1.219991
5700	-3947.239	-4209.32	262.0813	0.831417	0.435265	0.316622	0.21115	0.0369632	2.130807	1.215633
5706	-3950.961	-4212.907	261.9467	0.9023263	0.324781	0.40761	0.205873	0.0617356	2.17897	1.226682
5712	-3950.448	-4212.064	261.616	1.020772	0.293517	0.116188	0.542416	0.0478784	2.093234	1.463272
5718	-3939.66	-4201.858	262.1983	0.5607542	0.239266	0.332441	0.291302	0.136991	1.86419	1.556515
5724	-3943.865	-4205.652	261.7877	0.714688	0.405274	0.295698	0.177177	0.121851	1.863886	1.735195
5730	-3950.862	-4212.883	262.021	0.6288441	0.269144	0.397765	0.169181	0.16391	1.76631	1.703553
5736	-3952.666	-4214.637	261.9709	0.7519019	0.324698	0.410324	0.153423	0.111555	1.930773	1.526356
5742	-3950.864	-4212.814	261.9499	0.7519019	0.291884	0.273532	0.37731	0.0572736	1.952646	1.525724
5748	-3953.588	-4215.514	261.9261	0.8065656	0.3362	0.306581	0.324594	0.0326244	1.966553	1.490103
5754	-3950.773	-4212.343	261.5697	0.9684972	0.354777	0.268267	0.342529	0.034427	1.919905	1.663307
5760	-3949.818	-4211.576	261.7582	0.7730005	0.356309	0.263828	0.294948	0.0849149	1.918518	1.673841
5766	-3948.116	-4210.089	261.973	0.7695795	0.326673	0.441341	0.154133	0.0778522	2.05926	1.413263
5772	-3945.119	-4206.43	261.3114	0.8466787	0.435343	0.0861987	0.417199	0.0612597	1.667914	2.096583
5778	-3951.957	-4213.679	261.7223	0.7372447	0.385289	0.181575	0.357674	0.0754622	1.827393	1.789681
5784	-3947.863	-4209.522	261.6584	0.7372447	0.225044	0.293926	0.436662	0.0443681	1.785842	1.862278
5790	-3956.15	-4217.609	261.4587	0.5815602	0.136209	0.613019	0.226617	0.0241554	1.658002	2.189093
5796	-3942.001	-4203.787	261.7858	0.5177726	0.245984	0.394082	0.327057	0.0328771	1.836068	1.89798
5802	-3940.603	-4202.674	262.0713	0.7869023	0.313022	0.295635	0.360128	0.0312146	1.953599	1.404854
5808	-3944.498	-4206.781	262.2832	0.6769537	0.509661	0.271134	0.175839	0.0433652	2.035803	1.262395
5814	-3943.046	-4205.044	261.9977	0.6769537	0.265507	0.393999	0.278796	0.0616983	2.066866	1.46354
5820	-3939.983	-4202.237	262.2536	0.5685651	0.354079	0.307461	0.277244	0.0612161	1.949702	1.4448
5826	-3945.874	-4207.868	261.9931	0.6017935	0.328117	0.319748	0.247609	0.104526	2.007501	1.570511
5832	-3938.498	-4200.601	262.103	0.6214341	0.322813	0.31458	0.339865	0.0227417	1.921026	1.537977
5838	-3952.241	-4213.631	261.3899	0.7353936	0.415958	0.35551	0.179974	0.0485571	1.796219	2.037215
5844	-3954.292	-4216.116	261.8248	0.5779198	0.428706	0.362652	0.150908	0.0577338	1.781837	1.866217
5850	-3949.003	-4210.629	261.6251	0.6411757	0.40064	0.338911	0.188987	0.0714625	1.763657	1.968652
5856	-3963.443	-4225.281	261.8387	0.773991	0.31343	0.296014	0.305211	0.0853442	1.861399	1.65638
5862	-3950.666	-4212.545	261.8787	0.773991	0.49416	0.230731	0.194106	0.0810033	1.898215	1.600941
5868	-3962.768	-4224.601	261.8332	0.8301084	0.472507	0.260792	0.175145	0.091557	1.884934	1.600941
5874	-3957.908	-4219.905	261.9972	0.8763444	0.329666	0.358229	0.246882	0.0652231	1.919189	1.416729
5880	-3962.036	-4224.23	262.1943	0.7313591	0.504639	0.205261	0.173442	0.116658	2.004106	1.313854
5886	-3983.099	-4245.274	262.1757	0.7659786	0.34862	0.259324	0.234398	0.157657	2.006739	1.297193
5892	-3959.529	-4221.795	262.2657	0.7197269	0.331359	0.295997	0.222793	0.149851	2.035532	1.239456
5898	-3943.892	-4206.337	262.445	0.5953937	0.358822	0.420487	0.0994085	0.121282	2.150263	1.097235
5904	-3949.783	-4211.942	262.159	0.8270541	0.219487	0.522852	0.118242	0.139418	1.994112	1.268766
5910	-3946.881	-4209.183	262.3016	0.625494	0.212163	0.373628	0.307961	0.106248	2.043046	1.28614
5916	-3949.803	-4212.337	262.5334	0.5749368	0.480394	0.108278	0.375923	0.0354053	2.108408	1.073877
5922	-3962.223	-4224.388	262.1652	0.7377701	0.358959	0.333689	0.280896	0.0264555	2.091133	1.260973
5928	-3961.855	-4223.835	261.9798	0.8404741	0.429433	0.176988	0.361929	0.0316495	2.049862	1.357238
5934	-3966.713	-4228.809	262.0965	0.6079789	0.35491	0.281424	0.340589	0.023077	2.088755	1.427031
5940	-3958.883	-4221.153	262.27	0.6540414	0.31768	0.314759	0.304862	0.0626995	2.147202	1.200188
5946	-3949.42	-4211.609	262.1888	0.7436226	0.438479	0.268837	0.220512	0.0721717	2.132952	1.200713
5952	-3957.583	-4219.592	262.0095	0.8348074	0.491977	0.161454	0.326266	0.0203025	2.161524	1.247207
5958	-3953.183	-4215.125	261.942	0.8876544	0.354748	0.310807	0.295089	0.039356	2.149923	1.267452
5964	-3955.304	-4217.533	262.2286	0.5531041	0.399338	0.224179	0.33218	0.0443029	2.086051	1.370894
5970	-3956.424	-4218.276	261.8521	0.8050734	0.250191	0.18529	0.516317	0.0482026	2.079045	1.462157
5976	-3959.483	-4221.63	262.1477	0.7352905	0.447475	0.0620119	0.451347	0.0391662	2.042523	1.317121
5982	-3963.307	-4224.807	261.4994	0.8360259	0.159113	0.410143	0.400075	0.0306685	1.860234	1.849205
5988	-3950.068	-4211.562	261.4938	0.6679487	0.326264	0.520037	0.118184	0.035515	1.690017	2.085888
5994	-3946.356	-4207.628	261.2723	0.4920019	0.290486	0.372889	0.236126	0.100498	1.716974	2.32965
6000	-3958.657	-4220.677	262.0193	0.472216	0.269854	0.436245	0.25986	0.0340412	1.850712	1.758201
6006	-3950.916	-4213.203	262.2869	0.3985358	0.277675	0.44434	0.228147	0.0498375	1.969027	1.528916
6012	-3937.309	-4198.104	260.7949	1.445114	0.535643	0.166866	0.203044	0.0944478	1.880502	1.916884
6018	-3945.12	-4206.908	261.7885	0.8335763	0.475031	0.147984	0.254792	0.122193	1.913987	1.609689
6024	-3954.808	-4215.978	261.1707	0.9359036	0.392939	0.151389	0.354596	0.101077	1.860437	2.001637
6030	-3937.641	-4199.254	261.6125	1.000541	0.341857	0.2262	0.280917	0.151025	1.860437	1.652255
6036	-3935.127	-4196.654	261.5272	1.130888	0.360093	0.226514	0.273942	0.139451	1.922904	1.576088
6042	-3955.767	-4217.436	261.6694	1.116417	0.328393	0.219109	0.334779	0.117719	1.893137	1.503136
6048	-3959.198	-4220.863	261.6646	1.118389	0.470679	0.104936	0.309021	0.115364	2.03692	1.39558
6054	-3950.584	-4212.273	261.6894	1.114141	0.416362	0.175338	0.281022	0.127277	1.994715	1.412265
6060	-3959.748	-4221.861	262.1138	0.9109827	0.41452	0.248353	0.300572	0.0365549	2.005923	1.22423
6066	-3954.722	-4216.608	261.8866	0.8839702	0.44409	0.184702	0.322013	0.0491948	2.060691	1.386573
6072	-3958.386	-4220.213	261.8269	1.174642	0.471086	0.141203	0.331285	0.056426	2.076459	1.186595
6078	-3957.591	-4219.336	261.7455	1.096696	0.482052	0.14449	0.338997	0.034461	2.115573	1.285044
6084	-3969.826	-4231.865	262.0393	0.596863	0.302585	0.254596	0.434498	0.00832038	2.056736	1.503599
6090	-3958.068	-4220.33	262.2622	0.6665412	0.404795	0.217907	0.366167	0.0111309	2.019961	1.301686
6096	-3950.802	-4213.148	262.346	0.7326049	0.472774	0.226618	0.271054	0.0295536	2.180718	1.024871
6102	-3958.708	-4221.014	262.3063	0.9114946	0.416071	0.198598	0.312368	0.0729625	2.146723	0.9077762
6108	-3972.733	-4234.822	262.0887	0.917867	0.404662	0.311903	0.275087	0.00834774	2.267277	1.002828
6114	-3989.702	-4251.365	261.6621	0.6503493	0.386391	0.228039	0.353868	0.0317022	1.908371	1.838797
6120	-3968.56	-4230.953	262.3926	0.5981539	0.33031	0.297379	0.368045	0.00426544	2.199416	1.097504
6126	-3961.729	-4223.983	262.2539	0.6835376	0.278386	0.282033	0.432711	0.00687004	2.123009	1.20791
6132	-3964.312	-4226.254	261.9416	0.6522628	0.310315	0.369426	0.311443	0.00881499	1.948439	1.612326
6138	-3968.127	-4230.219	262.0925	0.6095825	0.396136	0.266803	0.326757	0.0103036	1.883485	1.582501
6144	-3969.117	-4230.925	261.808	0.8365937	0.377147	0.246328	0.344889	0.0316364	1.928664	1.582501
6150	-3965.27	-4227.111	261.8411	0.8739898	0.383977	0.250789	0.311502	0.0537316	1.964006	1.503191
6156	-3950.749	-4212.667	261.9183	0.8685436	0.368669	0.240791	0.351509	0.0390313	1.959041	1.45286
6162	-3941.148	-4203.193	262.045	0.7823765	0.30281	0.392434	0.274078	0.0306778	2.024814	1.373493
6168	-3937.711	-4199.801	262.09	0.747755	0.383189	0.34389	0.245487	0.0274337	2.016233	1.373493
6174	-3944.494	-4206.369	261.8743	0.879539	0.418468	0.277844	0.268088	0.0355997	1.964513	1.473493
6180	-3948.53	-4210.286	261.7559	0.7285367	0.393276	0.163961	0.387715	0.0550479	1.844225	1.760973
6186	-3950.924	-4212.442	261.5179	0.9033077	0.398338	0.196428	0.346002	0.0592322	1.798331	1.831247
6192	-3946.447	-4208.203	261.7563	0.7696937	0.428516	0.159163	0.397152	0.0151696	1.941022	1.661596
6198	-3952.048	-4213.958	261.9102	0.647702	0.492778	0.168807	0.329508	0.0089071	1.92439	1.655709
6204	-3941.841	-4203.766	261.9257	0.6650086	0.402344	0.220085	0.365958	0.0116128	1.950532	1.612533
6210	-3942.072	-4204.395	262.3225	0.582147	0.340348	0.280645	0.322657	0.0563507	2.122654	1.24065
6216	-3932.934	-4195.109	262.1741	0.6962932	0.240056	0.337383	0.388431	0.0341298	2.100004	1.282524
6222	-3939.005	-4201.157	262.1523	0.7394214	0.402888	0.325858	0.223883	0.047372	2.076191	1.282524
6228	-3951.137	-4213.251	262.1138	0.6998872	0.203458	0.403733	0.329674	0.0631344	2.156462	1.282524
6234	-3942.81	-4205.042	262.2322	0.6691595	0.276639	0.333357	0.262888	0.127116	2.070697	1.282524
6240	-3938.86	-4201.065	262.2047	0.6741527	0.301537	0.382009	0.261483	0.0549705	2.092872	1.282524
6246	-3932.915	-4195.147	262.2316	0.6924264	0.170799	0.297078	0.427847	0.104277	2.200394	1.151951
6252	-3927.788	-4189.956	262.1685	0.6549017	0.332703	0.234977	0.356045	0.0762756	2.119108	1.307206
6258	-3930.072	-4192.35	262.2775	0.6549017	0.362798	0.23901	0.281713	0.116479	2.193349	1.152701
6264	-3947.59	-4209.845	262.2548	0.7875613	0.42951	0.236163	0.247752	0.0865751	2.193349	1.04486
6270	-3955.661	-4217.835	262.1749	0.6926765	0.383669	0.210957	0.363709	0.0416652	2.074154	1.306089
6276	-3944.047	-4206.177	262.1301	0.7869354	0.446757	0.25871	0.246017	0.0485164	2.011325	1.312638
6282	-3943.138	-4205.053	261.9151	0.774355	0.387013	0.13562	0.40414	0.0732279	2.024712	1.480079
6288	-3948.149	-4210.017	261.8679	0.774355	0.330052	0.22864	0.344658	0.0966498	1.931055	1.58461
6294	-3943.523	-4205.474	261.9505	0.7439241	0.319755	0.277617	0.333906	0.0687228	2.058423	1.45197
6300	-3938.28	-4200.004	261.7245	0.9649453	0.353013	0.196621	0.32756	0.122805	2.010004	1.486458
6306	-3940.144	-4201.876	261.7323	0.8815363	0.339661	0.267937	0.179231	0.213171	2.05992	1.507006
6312	-3964.681	-4226.781	262.0999	0.660779	0.136087	0.478643	0.299861	0.0854083	2.113388	1.361698
6318	-3957.337	-4219.319	261.9821	0.6787746	0.24717	0.509249	0.189336	0.0542452	1.982842	1.53682
6324	-3947.892	-4209.373	261.4809	0.8964605	0.388827	0.211248	0.271506	0.12842	1.795209	1.863591
6330	-3952.944	-4214.79	261.8466	1.032495	0.552442	0.051255	0.255477	0.140826	1.853337	1.461509
6336	-3954.205	-4215.969	261.7641	1.057127	0.612377	0.107332	0.175645	0.104646	1.843557	1.512706
6342	-3954.846	-4216.028	261.1813	1.207234	0.470263	0.141933	0.290962	0.0968419	1.816459	1.844557
6348	-3959.352	-4220.456	261.1046	0.9999343	0.490808	0.175574	0.234661	0.0989559	1.840392	2.016
6354	-3958.184	-4218.922	260.7376	1.141644	0.434098	0.205025	0.205701	0.155176	1.801426	2.191186
6360	-3958.353	-4219.674	261.3211	1.033372	0.458372	0.188247	0.195608	0.157773	1.927855	1.787121
6366	-3958.477	-4220.013	261.5355	1.033372	0.364711	0.251995	0.298629	0.0846658	1.849652	1.691505
6372	-3954.036	-4215.868	261.8318	0.8041658	0.418319	0.299236	0.235142	0.047303	1.787345	1.691505
6378	-3965.375	-4227.161	261.7864	0.8383977	0.360017	0.159099	0.401557	0.0793269	1.810698	1.681796
6384	-3958.917	-4220.543	261.6261	0.8864207	0.392206	0.151097	0.38136	0.0753371	1.810698	1.759746
6390	-3948.598	-4210.109	261.5116	0.8864207	0.26217	0.464829	0.221758	0.0512425	1.847326	1.81378
6396	-3959.351	-4221.101	261.7503	0.8326031	0.302038	0.440869	0.198058	0.0590349	1.826364	1.7006
6402	-3973.218	-4234.799	261.5812	0.7064876	0.320032	0.472218	0.160862	0.0468879	1.753075	1.958808
6408	-3968.956	-4230.322	261.3653	0.932012	0.458463	0.243923	0.230444	0.0671695	1.806663	1.909698
6414	-3957.699	-4219.597	261.8983	0.7034847	0.450568	0.168401	0.296156	0.0848756	1.823356	1.694102
6420	-3963.946	-4225.761	261.8144	0.927203	0.554181	0.191795	0.172039	0.0819849	1.831891	1.580343
6426	-3958.66	-4220.559	261.8997	0.8996969	0.493342	0.174488	0.19528	0.13689	1.84107	1.531469
6432	-3948.518	-4210.186	261.6687	0.9214981	0.496284	0.209957	0.165375	0.128384	1.888382	1.64913
6438	-3940.081	-4201.653	261.5721	1.058992	0.496284	0.209957	0.165375	0.128384	1.871366	1.631715
6444	-3947.066	-4208.288	261.222	1.05308	0.533206	0.225577	0.177679	0.0635381	1.777615	1.94417
6450	-3948.176	-4209.442	261.2669	0.8474214	0.470184	0.328992	0.146853	0.0539721	1.811522	2.030714
6456	-3958.817	-4220.438	261.6206	0.7118773	0.358938	0.294378	0.253512	0.093172	1.786515	1.90579
6462	-3950.527	-4212.392	261.865	0.7859784	0.423287	0.234918	0.159153	0.182643	1.830111	1.65093
6468	-3954.09	-4215.381	261.2912	1.086824	0.420475	0.190554	0.299376	0.0895944	1.685707	1.937164
6474	-3957.42	-4218.604	261.1835	1.010405	0.543135	0.120171	0.18337	0.153324	1.777585	1.998335
6480	-3946.686	-4208.188	261.5023	0.7442457	0.402653	0.299762	0.147406	0.150179	1.819596	1.940255
6486	-3948.597	-4210.086	261.4892	0.8465158	0.473112	0.263261	0.214636	0.0489915	1.782892	1.901419
6492	-3957.638	-4218.974	261.3361	0.9145824	0.507226	0.271745	0.168505	0.0525241	1.760482	1.972438
6498	-3956.913	-4218.044	261.1305	1.154319	0.5586	0.172256	0.185572	0.0835718	1.728704	1.972438
6504	-3954.814	-4215.96	261.1464	0.9742536	0.215961	0.365356	0.142133	0.27655	1.754269	2.062444
6510	-3942.592	-4203.995	261.4035	0.9629795	0.435838	0.362247	0.136608	0.0653074	1.748492	1.901924
6516	-3965.414	-4227.049	261.6343	0.7850921	0.316927	0.263414	0.366481	0.0531774	1.701263	1.901924
6522	-3948.19	-4209.356	261.1664	0.8540008	0.450877	0.246912	0.25799	0.0442214	1.735622	2.142207
6528	-3944.281	-4205.4	261.1188	0.9116262	0.456144	0.249797	0.261004	0.0330544	1.78475	2.102395
6534	-3943.395	-4205.121	261.726	0.6282426	0.408144	0.277816	0.29028	0.02376	1.810497	1.878016
6540	-3962.154	-4223.616	261.4621	0.8347591	0.439982	0.269199	0.144458	0.146361	1.813623	1.907299
6546	-3966.494	-4227.936	261.4423	0.7666416	0.349986	0.203858	0.327235	0.11892	1.777924	1.992556
6552	-3959.528	-4221.397	261.8696	0.8437864	0.440738	0.265613	0.226378	0.0672712	1.94682	1.518172
6558	-3965.783	-4227.881	262.0975	0.6690682	0.34494	0.235027	0.410471	0.00956277	1.917493	1.507186
6564	-3963.868	-4224.99	261.1215	0.9268321	0.493942	0.179908	0.224128	0.102023	1.751993	2.111875
6570	-3944.061	-4205.438	261.3772	0.9193226	0.395818	0.200306	0.346301	0.0575741	1.755364	1.945067
6576	-3953.356	-4214.551	261.1943	0.7370604	0.401246	0.259936	0.290518	0.0482999	1.567341	2.311773
6582	-3946.794	-4207.455	260.6605	1.177794	0.445882	0.18406	0.354692	0.015366	1.667871	2.304446
6588	-3955.399	-4216.64	261.2403	0.7972785	0.423803	0.174945	0.38896	0.0122916	1.83347	2.068382
6594	-3955.037	-4215.505	260.4681	1.14685	0.567076	0.201908	0.222294	0.00872164	1.676518	2.439592
6600	-3936.995	-4198.633	261.6378	0.7805553	0.482845	0.127868	0.381862	0.00742616	1.846749	1.803171
6606	-3936.929	-4198.667	261.7378	0.7842596	0.4589	0.128081	0.382498	0.0305216	1.813658	1.753914
6612	-3943.88	-4205.443	261.5626	0.923094	0.449658	0.125501	0.374795	0.0500462	1.844959	1.753914
6618	-3948.488	-4210.283	261.7947	0.8199105	0.455635	0.169931	0.30667	0.0677637	1.884287	1.637003
6624	-3944.266	-4205.388	261.1224	0.8309287	0.495301	0.170989	0.273316	0.0603937	1.707355	2.204728
6630	-3943.954	-4204.955	261.0013	0.8850761	0.40614	0.205513	0.303774	0.0845723	1.71814	2.239663
6636	-3971.256	-4233.019	261.763	0.6845363	0.318564	0.331844	0.285152	0.06444	1.818112	1.806533
6642	-3948.485	-4210.424	261.9392	0.5582158	0.291093	0.345222	0.296648	0.0670377	1.832572	1.766437
6648	-3947.984	-4209.709	261.7244	0.655972	0.211339	0.420385	0.325566	0.0427097	1.832572	1.84398
6654	-3943.394	-4205.353	261.9593	0.4515969	0.183824	0.522881	0.256146	0.0371491	1.80654	1.84398
6660	-3951.805	-4212.93	261.1246	1.19301	0.408279	0.180549	0.400316	0.0108554	1.769455	1.924274
6666	-3939.813	-4201.412	261.5992	0.7100157	0.361676	0.24966	0.383102	0.00556158	1.746598	1.948536
6672	-3931.379	-4193.021	261.6419	0.6988892	0.420564	0.29031	0.28661	0.00251639	1.849883	1.857492
6678	-3943.997	-4205.598	261.6016	0.8774321	0.401542	0.135107	0.392598	0.0707529	1.843109	1.760711
6684	-3933.415	-4194.942	261.5267	0.9426513	0.370309	0.166279	0.279907	0.183505	1.851235	1.760711
6690	-3939.384	-4200.833	261.4494	0.8672156	0.505256	0.230181	0.169497	0.0950658	1.899752	1.834154
6696	-3948.459	-4209.666	261.2068	1.027051	0.453114	0.28752	0.142417	0.116948	1.831232	1.935604
6702	-3946.337	-4207.597	261.2608	0.9245666	0.317882	0.360091	0.169046	0.152981	1.805726	1.985741
6708	-3941.682	-4203.053	261.3702	1.072493	0.364407	0.267327	0.254696	0.113571	1.726057	1.86569
6714	-3960.99	-4221.702	260.712	1.303426	0.374558	0.18499	0.40121	0.039241	1.564376	2.262821
6720	-3945.28	-4206.118	260.8383	0.9189495	0.425885	0.21034	0.326949	0.0368259	1.648624	2.366028
6726	-3953.732	-4214.472	260.74	1.054514	0.569641	0.0888471	0.315981	0.0255307	1.741671	2.282686
6732	-3944.902	-4206.352	261.4502	0.7336755	0.512393	0.15835	0.319234	0.0100229	1.793972	1.999829
6738	-3959.908	-4221.501	261.593	0.7336755	0.429944	0.245938	0.312422	0.0116947	1.848441	1.866729
6744	-3956.093	-4217.486	261.3931	0.793731	0.285883	0.309624	0.393324	0.0111689	1.793707	1.995878
6750	-3936.078	-4197.836	261.7587	0.7313878	0.396661	0.352059	0.243895	0.0073852	1.821156	1.772981
6756	-3944.249	-4205.804	261.5552	0.8832451	0.307243	0.397003	0.295295	0.00045863	1.865904	1.772981
6762	-3946.182	-4207.681	261.4988	0.9760044	0.376185	0.11612	0.378849	0.128847	1.908784	1.716189
6768	-3949.517	-4211.737	262.2206	0.6430596	0.429038	0.203435	0.285181	0.0823469	1.864745	1.474988
6774	-3945.356	-4206.916	261.5591	0.8733695	0.431402	0.197679	0.343972	0.0269483	1.892396	1.758859
6780	-3949.241	-4210.994	261.7538	0.7086027	0.392512	0.0875983	0.4169	0.102989	1.875516	1.755333
6786	-3945.498	-4207.339	261.8414	0.8340403	0.411122	0.0674903	0.497685	0.0237033	2.038032	1.478485
6792	-3946.252	-4208.227	261.9751	0.8340403	0.459311	0.283091	0.197229	0.0603687	1.985125	1.41677
6798	-3952.222	-4214.114	261.8922	0.6994826	0.230877	0.399906	0.31973	0.0494871	1.985125	1.585135
6804	-3933.791	-4195.819	262.0281	0.7609741	0.434531	0.294016	0.235069	0.0363836	1.995872	1.426612
6810	-3933.15	-4195.239	262.089	0.6981253	0.434988	0.294325	0.235316	0.0353704	2.01139	1.418992
6816	-3934.051	-4195.955	261.9041	0.7382955	0.40228	0.22416	0.362324	0.0112352	2.022225	1.518688
6822	-3940.394	-4202.485	262.0907	0.7382955	0.353771	0.229339	0.370695	0.0461948	2.044248	1.358714
6828	-3940.52	-4202.59	262.0696	0.7382955	0.192179	0.602673	0.173394	0.0317533	2.012281	1.400375
6834	-3944.465	-4206.289	261.824	0.7574836	0.377832	0.256315	0.282523	0.0833304	1.920103	1.637264
6840	-3949.518	-4210.795	261.2772	0.8966435	0.30304	0.226482	0.369657	0.100821	1.757198	2.026144
6846	-3943.268	-4204.789	261.5214	0.8101714	0.449294	0.181968	0.273676	0.0950617	1.809515	1.887207
6852	-3948.332	-4209.636	261.3041	0.7833272	0.310168	0.315534	0.367615	0.0066832	1.775682	2.074089
6858	-3938.221	-4199.876	261.6554	0.7530343	0.339089	0.212341	0.444235	0.00433497	1.74552	1.880422
6864	-3948.116	-4209.967	261.8503	0.7614404	0.330577	0.232113	0.433084	0.00422615	1.81195	1.692809
6870	-3941.382	-4202.98	261.5974	0.7766152	0.383995	0.26962	0.341476	0.00490905	1.983612	1.738804
6876	-3940.72	-4202.41	261.6903	0.7370572	0.463539	0.26316	0.272218	0.00108361	1.932467	1.738804
6882	-3957.953	-4219.726	261.7729	0.8067887	0.470262	0.135889	0.392629	0.00121983	1.90474	1.647782
6888	-3964.65	-4226.606	261.9567	0.6877295	0.303937	0.395998	0.298801	0.0012639	1.891716	1.615239
6894	-3957.573	-4219.116	261.5433	0.9554333	0.445153	0.12066	0.432336	0.00185113	1.838779	1.74874
6900	-3944.912	-4206.585	261.6738	0.843367	0.47738	0.168756	0.346784	0.00708025	1.840117	1.73693
6906	-3943.82	-4205.505	261.685	0.930714	0.487117	0.126427	0.362347	0.024109	2.042173	1.517956
6912	-3940.018	-4201.788	261.7701	0.953425	0.349347	0.360274	0.271877	0.0185024	1.951464	1.504924
6918	-3948.669	-4210.686	262.0167	0.7170887	0.360338	0.339023	0.227766	0.0728722	1.931731	1.51897
6924	-3960.594	-4222.705	262.1102	0.8105713	0.205297	0.576535	0.155484	0.0626833	1.938402	1.366873
6930	-3939.171	-4201.208	262.0378	0.7341343	0.342289	0.483958	0.123831	0.0499222	2.077102	1.378021
6936	-3937.484	-4199.533	262.0491	0.6895124	0.300297	0.424586	0.231319	0.0437977	1.994509	1.469345
6942	-3938.875	-4200.94	262.0654	0.7387313	0.326546	0.414224	0.202292	0.0569378	2.043718	1.378719
6948	-3950.982	-4212.774	261.7922	0.7833362	0.338615	0.438912	0.164428	0.0580455	2.043718	1.550508
6954	-3948.312	-4210.197	261.8847	0.536176	0.286987	0.371992	0.330887	0.0101336	1.87634	1.789643
6960	-3946.027	-4207.902	261.8749	0.622524	0.463109	0.307084	0.220164	0.00964274	1.960544	1.674125
6966	-3941.927	-4204.116	262.1891	0.6075372	0.448643	0.307861	0.220721	0.0227748	2.081189	1.361076
6972	-3948.096	-4210.292	262.1959	0.6923333	0.424932	0.312433	0.223999	0.038635	1.980301	1.36461
6978	-3953.164	-4215.267	262.1028	0.7500648	0.513256	0.117231	0.32267	0.0468434	2.017511	1.360475
6984	-3957.486	-4218.558	261.0713	1.523289	0.456334	0.295704	0.1294	0.118562	1.94715	1.63063
6990	-3960.939	-4222.936	261.9973	0.7627637	0.527534	0.0968473	0.33513	0.040489	1.930019	1.498656
6996	-3948.226	-4210.351	262.1247	0.6041461	0.485787	0.0656864	0.436686	0.0118405	1.905421	1.546933
7002	-3944.337	-4206.229	261.8923	0.8090565	0.517822	0.0615942	0.409481	0.0111028	1.922042	1.546561
7008	-3967.169	-4228.563	261.3936	0.8090565	0.509812	0.0761106	0.403147	0.0109311	1.892307	1.918536
7014	-3958.271	-4219.936	261.6653	0.9828584	0.481158	0.188798	0.305636	0.0244077	1.941576	1.567906
7020	-3943.619	-4205.702	262.0831	0.6921829	0.30744	0.344423	0.299103	0.0490328	1.915706	1.501031
7026	-3952.874	-4214.218	261.3443	0.7786165	0.304875	0.317873	0.350492	0.0267607	1.65325	2.131262
7032	-3947.836	-4208.734	260.8982	0.8493423	0.382882	0.222867	0.391431	0.00281872	1.67733	2.355314
7038	-3940.057	-4201.104	261.0467	0.8493423	0.343822	0.193872	0.351499	0.110806	1.669277	2.265654
7044	-3945.271	-4206.31	261.0391	0.9551438	0.30987	0.235215	0.410621	0.0442937	1.671543	2.199191
7050	-3955.632	-4216.623	260.9907	0.7472153	0.409147	0.17817	0.377429	0.0352541	1.708422	2.344741
7056	-3948.063	-4208.881	260.8176	0.767461	0.409147	0.17817	0.377429	0.0352541	1.600168	2.50848
7062	-3965.42	-4226.713	261.2931	1.027298	0.426392	0.129804	0.380362	0.0634421	1.753335	1.929784
7068	-3966.033	-4227.3	261.2669	0.985717	0.494159	0.143283	0.295995	0.0665637	1.819519	1.930807
7074	-3966.255	-4227.569	261.3146	0.8118533	0.408409	0.121641	0.383669	0.0862801	1.678235	2.111536
7080	-3976.588	-4237.704	261.1155	1.177455	0.422047	0.113741	0.321427	0.142784	1.786107	1.92912
7086	-3964.685	-4226.203	261.518	0.9156827	0.397325	0.0884446	0.459435	0.0547948	1.714447	1.87996
7092	-3956.601	-4217.654	261.053	0.9156827	0.372457	0.249434	0.28625	0.091859	1.832553	2.111471
7098	-3965.073	-4226.671	261.5978	0.8004701	0.419189	0.10439	0.307796	0.168625	1.91334	1.770164
7104	-3971.426	-4232.962	261.5367	0.8473976	0.404484	0.256321	0.287639	0.0515561	1.872965	1.806656
7110	-3961.082	-4222.729	261.6469	0.9726866	0.434242	0.201609	0.3088	0.055349	1.913083	1.609625
7116	-3956.788	-4218.627	261.8389	0.8921523	0.272377	0.277881	0.292781	0.15696	1.94027	1.508626
7122	-3943.784	-4205.703	261.9193	0.8364599	0.353583	0.217632	0.207477	0.221307	1.934482	1.495862
7128	-3950.62	-4212.591	261.9706	0.8364599	0.479436	0.147603	0.227831	0.14513	1.943541	1.450219
7134	-3961.406	-4223.252	261.8458	0.8364599	0.464802	0.166021	0.265604	0.103573	1.968792	1.525139
7140	-3965.037	-4227.137	262.1006	0.7611873	0.518885	0.160985	0.230317	0.0898131	1.986745	1.377188
7146	-3960.582	-4222.236	261.6539	1.153202	0.292348	0.167928	0.46412	0.0756043	2.022117	1.389386
7152	-3966.756	-4228.725	261.9691	0.7974247	0.64403	0.140296	0.15251	0.0631637	2.022966	1.421714
7158	-3955.823	-4217.943	262.1197	0.8742146	0.374345	0.170611	0.393148	0.0618962	2.043438	1.219451
7164	-3949.633	-4211.803	262.1696	0.7009864	0.373589	0.281906	0.297644	0.0468603	2.064228	1.311237
7170	-3949.801	-4211.758	261.9576	0.9206919	0.489943	0.150003	0.273292	0.0867622	2.028954	1.325671
7176	-3962.014	-4223.824	261.8106	0.9206919	0.507356	0.155334	0.265412	0.0718973	2.039765	1.432537
7182	-3957.422	-4219.717	262.2954	0.6659086	0.355731	0.35318	0.178187	0.112902	2.109701	1.199808
7188	-3963.93	-4225.954	262.024	0.8267535	0.36313	0.255807	0.331723	0.0493399	2.109701	1.284984
7194	-3959.155	-4221.232	262.0767	0.7627955	0.536471	0.118165	0.300646	0.0447176	2.042535	1.350675
7200	-3957.095	-4219.33	262.2352	0.6572731	0.505392	0.12834	0.283229	0.0830395	1.995694	1.350675
7206	-3958.86	-4221.081	262.2204	0.6698963	0.261028	0.602538	0.113422	0.0230124	1.997167	1.350675
7212	-3949.838	-4212.013	262.1752	0.7302032	0.353143	0.504391	0.0949469	0.0475191	1.997167	1.335785
7218	-3958.305	-4220.304	261.9994	0.7332733	0.365534	0.392908	0.188436	0.0531215	2.037637	1.439067
7224	-3960.596	-4222.926	262.3297	0.7332733	0.398535	0.254489	0.28143	0.0655466	2.168834	1.051363
7230	-3948.343	-4210.88	262.537	0.6654196	0.358909	0.3306	0.244536	0.0659549	2.125124	0.9600638
7236	-3943.408	-4205.889	262.4816	0.6203414	0.332749	0.338761	0.297729	0.0307605	2.228196	0.9600638
7242	-3942.313	-4204.659	262.3466	0.7313654	0.278018	0.318916	0.340435	0.0626313	2.193224	1.013321
7248	-3948.093	-4210.463	262.3703	0.6645516	0.302321	0.346795	0.300629	0.0502549	2.240255	1.013321
7254	-3951.692	-4214.026	262.3335	0.7456294	0.309887	0.243563	0.410566	0.0359834	2.123237	1.078497
7260	-3942.125	-4204.363	262.2377	0.7456294	0.474056	0.285601	0.225539	0.014804	2.194791	1.100856
7266	-3942.974	-4205.331	262.3572	0.6099697	0.432585	0.292917	0.260927	0.0135705	2.201976	1.116166
7272	-3946.324	-4208.75	262.4268	0.6095877	0.415448	0.328766	0.253172	0.00261374	2.172342	1.07986
7278	-3952.233	-4214.538	262.3052	0.6457151	0.397716	0.284733	0.314306	0.0032449	2.255851	1.07986
7284	-3949.167	-4211.603	262.4363	0.4125655	0.209009	0.497119	0.288572	0.00530002	2.130442	1.277823
7290	-3954.538	-4216.972	262.4337	0.538601	0.32633	0.302979	0.36359	0.00710179	2.252956	1.067039
7296	-3950.111	-4212.393	262.2822	0.6432758	0.216388	0.385572	0.377136	0.0209037	2.183209	1.168272
7302	-3948.191	-4210.648	262.4573	0.5760223	0.245953	0.400831	0.316662	0.0365533	2.112022	1.139038
7308	-3954.186	-4216.692	262.5058	0.5326423	0.355773	0.275152	0.307957	0.0611186	2.109879	1.137613
7314	-3953.577	-4215.918	262.3411	0.6605794	0.275165	0.307205	0.343832	0.0737977	2.167956	1.113185
7320	-3961.453	-4223.685	262.2318	0.6836649	0.288708	0.322324	0.360754	0.0282153	2.238341	1.126248
7326	-3936.248	-4198.51	262.2615	0.6531224	0.24054	0.466256	0.271718	0.0214855	2.119125	1.232024
7332	-3946.515	-4208.805	262.2897	0.6156113	0.4032	0.346953	0.157366	0.0924807	2.130622	1.232024
7338	-3950.968	-4213.126	262.1579	0.6215632	0.386325	0.200467	0.323483	0.089726	1.889113	1.520815
7344	-3960.223	-4222.128	261.9048	0.6215632	0.41126	0.213406	0.344361	0.0309734	1.877055	1.712879
7350	-3948.462	-4210.315	261.8523	0.7146247	0.39413	0.283036	0.271026	0.0518083	1.895471	1.667141
7356	-3945.46	-4207.386	261.9255	0.7765445	0.35992	0.40806	0.10443	0.12759	1.935256	1.53745
7362	-3955.881	-4217.557	261.6758	0.8524369	0.499087	0.120658	0.233453	0.146802	1.907735	1.681088
7368	-3966.15	-4227.458	261.3079	1.414501	0.453715	0.214628	0.255778	0.075878	1.950398	1.524337
7374	-3948.304	-4210.158	261.8536	0.7339464	0.326061	0.18712	0.418825	0.0679929	1.953303	1.609859
7380	-3954.487	-4215.742	261.2556	1.244752	0.472085	0.141806	0.287666	0.0984429	1.900126	1.710156
7386	-3961.159	-4222.845	261.6863	0.9239479	0.463519	0.139233	0.255206	0.142041	1.908275	1.620388
7392	-3974.233	-4235.704	261.4705	1.012325	0.373347	0.306684	0.205559	0.114409	1.884536	1.727591
7398	-3969.16	-4230.359	261.199	1.014864	0.498211	0.166021	0.241588	0.0941802	1.804678	1.966842
7404	-3961.052	-4222.064	261.0117	0.9310067	0.48608	0.125342	0.269315	0.119262	1.711212	2.207131
7410	-3955.315	-4216.515	261.2005	0.8565887	0.299429	0.324944	0.263109	0.112518	1.755682	2.105032
7416	-3948.003	-4209.242	261.2391	0.9371438	0.421487	0.284584	0.169322	0.124607	1.71625	2.051131
7422	-3955.238	-4216.361	261.1238	0.8616817	0.418772	0.228907	0.232929	0.119391	1.732207	2.167003
7428	-3945.467	-4206.62	261.1533	0.8877171	0.489513	0.181345	0.284154	0.0449875	1.675781	2.167003
7434	-3940.256	-4201.305	261.0485	1.012156	0.319938	0.184136	0.389513	0.106413	1.785578	2.081258
7440	-3954.401	-4215.475	261.0739	0.9219672	0.389447	0.182125	0.323177	0.105251	1.851184	2.081258
7446	-3969.122	-4230.675	261.5532	0.9220624	0.518231	0.146683	0.212698	0.122389	1.743137	1.831772
7452	-3965.727	-4226.616	260.8885	0.9828428	0.497413	0.23188	0.153234	0.117472	1.733194	2.238565
7458	-3954.141	-4215.409	261.2684	0.7817365	0.410125	0.0987516	0.425036	0.0660872	1.733194	2.126462
7464	-3947.701	-4208.544	260.8433	1.067409	0.484146	0.11556	0.290587	0.109707	1.704806	2.231857
7470	-3956.71	-4217.497	260.7862	0.9931912	0.526993	0.180885	0.241933	0.05019	1.728948	2.300265
7476	-3965.917	-4227.273	261.3561	0.8232897	0.396545	0.419082	0.096211	0.0881622	1.729917	2.042342
7482	-3960.618	-4222.211	261.5931	0.8242895	0.563049	0.25542	0.135392	0.0461389	1.767546	1.856899
7488	-3958.52	-4220.301	261.7806	0.8582379	0.324657	0.394772	0.20926	0.0713115	1.841871	1.648928
7494	-3946.032	-4207.44	261.4077	0.8643257	0.509167	0.161994	0.270344	0.0584945	1.849867	1.898753
7500	-3939.825	-4201.31	261.4845	0.8270392	0.367767	0.222042	0.370555	0.0396363	1.811866	1.898753
7506	-3951.033	-4212.508	261.4755	0.8120752	0.406162	0.408459	0.153929	0.0314502	1.913081	1.846455
7512	-3939.182	-4200.642	261.4592	0.8817424	0.439006	0.22831	0.311835	0.0208485	1.759989	1.912578
7518	-3944.062	-4205.219	261.1579	0.8487272	0.434795	0.149225	0.288625	0.127354	1.676052	2.190002
7524	-3944.032	-4205.024	260.9914	0.8487272	0.545746	0.0507716	0.279954	0.123529	1.765622	2.239698
7530	-3941.897	-4203.349	261.4517	1.050903	0.383892	0.0471482	0.517208	0.0517519	1.85112	1.737438
7536	-3953.84	-4215.468	261.6281	0.9128053	0.424556	0.14571	0.390646	0.0390881	1.946072	1.643243
7542	-3952.303	-4214.201	261.8976	0.7361763	0.34557	0.229798	0.296118	0.128514	2.009456	1.534686
7548	-3948.455	-4210.429	261.9742	0.7995556	0.443196	0.294718	0.185569	0.0765174	2.072448	1.377499
7554	-3939.393	-4201.41	262.0161	0.7995556	0.355245	0.285028	0.299565	0.0601618	2.071437	1.345187
7560	-3947.695	-4209.559	261.8643	0.781464	0.357247	0.286635	0.301253	0.0548654	2.071437	1.477453
7566	-3943.313	-4204.925	261.612	1.033936	0.349231	0.30264	0.294494	0.0536344	1.981665	1.540113
7572	-3933.813	-4195.456	261.6426	0.8488396	0.482989	0.111259	0.381679	0.0240729	1.954352	1.674135
7578	-3941.807	-4203.326	261.5194	0.9463394	0.367514	0.0846588	0.522208	0.0256198	1.92993	1.707865
7584	-3939.424	-4200.769	261.3444	1.136728	0.481	0.115252	0.331423	0.0723255	1.940627	1.691003
7590	-3937.156	-4198.135	260.9792	0.864031	0.471318	0.13306	0.324752	0.0708697	1.846006	2.185427
7596	-3937.175	-4198.367	261.1922	0.8199027	0.383605	0.207811	0.383029	0.0255553	1.791029	2.112318
7602	-3945.246	-4206.73	261.4834	1.019022	0.473344	0.070994	0.424128	0.0315336	1.867276	1.725947
7608	-3951.585	-4212.981	261.3966	0.9591186	0.487276	0.0429505	0.443119	0.0266547	1.867276	1.828164
7614	-3958.784	-4219.777	260.9932	1.311874	0.582112	0.0139056	0.393444	0.0105387	1.851899	1.882576
7620	-3942.14	-4203.452	261.3123	1.364444	0.482608	0.0144576	0.409062	0.0938727	1.876503	1.608172
7626	-3956.097	-4217.734	261.6365	0.9436862	0.311739	0.185245	0.370858	0.132158	1.902301	1.646068
7632	-3944.203	-4205.56	261.3573	0.9200942	0.542846	0.0942097	0.309704	0.0532409	1.757085	1.9567
7638	-3938.931	-4200.007	261.0752	1.030413	0.373329	0.148398	0.408114	0.0701586	1.769511	2.062328
7644	-3954.708	-4215.753	261.045	1.059441	0.375258	0.143997	0.410223	0.0705212	1.813109	2.034464
7650	-3947.038	-4208.25	261.2121	1.043348	0.411996	0.15461	0.357675	0.0757188	1.822028	1.927345
7656	-3946.049	-4207.331	261.2823	1.043348	0.419848	0.163883	0.339107	0.0771619	1.833785	1.871784
7662	-3949.644	-4211.149	261.5051	0.813888	0.471806	0.184164	0.334326	0.00970439	1.753609	1.933524
7668	-3953.905	-4215.163	261.2578	0.7976979	0.481401	0.230812	0.275624	0.0121625	1.777987	2.093105
7674	-3955.952	-4217.427	261.475	0.6619627	0.338086	0.162099	0.497376	0.00243949	1.788285	2.037587
7680	-3950.803	-4212.077	261.2736	0.8702378	0.42906	0.190874	0.378033	0.00203318	1.781649	2.030407
7686	-3949.397	-4210.91	261.5136	0.8263927	0.411845	0.220278	0.366052	0.00182439	1.79652	1.889837
7692	-3940.371	-4202.363	261.9916	0.7023798	0.326866	0.252048	0.418845	0.00224103	2.012679	1.488745
7698	-3942.762	-4204.754	261.9918	0.7023798	0.326866	0.252048	0.418845	0.00224103	1.974103	1.51751
7704	-3952.424	-4213.839	261.4147	0.7023798	0.349525	0.26952	0.378703	0.00225133	1.795251	2.044579
7710	-3959.814	-4221.345	261.5314	0.7192496	0.523049	0.16234	0.312752	0.00185926	1.826415	1.933826
7716	-3956.697	-4218.105	261.4078	0.8641724	0.378657	0.407584	0.21105	0.00271027	1.778377	1.947102
7722	-3955.77	-4217.243	261.4728	0.7761758	0.347461	0.402535	0.247312	0.00269196	1.805241	1.947102
7728	-3942.669	-4204.461	261.7912	0.6729583	0.226208	0.458314	0.30122	0.0142569	1.758443	1.836663
7734	-3945.292	-4207.277	261.9849	0.564574	0.226675	0.571095	0.160154	0.0420765	1.877484	1.69812
7740	-3953.494	-4214.934	261.4397	0.5268458	0.229557	0.532224	0.195608	0.0426115	1.662901	2.23466
7746	-3956.586	-4218.191	261.605	0.4611284	0.270428	0.300736	0.352128	0.0767082	1.760719	2.105948
7752	-3949.413	-4211.422	262.0091	0.4611284	0.233064	0.359057	0.303476	0.104403	1.894409	1.742234
7758	-3960.619	-4222.533	261.9133	0.6215331	0.328475	0.380922	0.264313	0.0262906	1.795198	1.764334
7764	-3939.036	-4200.794	261.7582	0.7535187	0.415391	0.300374	0.259142	0.0250921	1.810721	1.764334
7770	-3954.931	-4216.561	261.6298	0.7762886	0.383682	0.277445	0.286937	0.0519362	1.909688	1.768103
7776	-3953.743	-4215.466	261.7227	0.7252588	0.362738	0.2623	0.32586	0.0491013	1.917216	1.73551
7782	-3937.648	-4199.557	261.9095	0.6565996	0.375939	0.410113	0.165759	0.0481892	1.918654	1.653554
7788	-3944.511	-4206.446	261.9345	0.6307695	0.401875	0.214819	0.343406	0.0399004	1.87816	1.68414
7794	-3956.688	-4218.45	261.7613	0.6900764	0.440637	0.2123	0.331362	0.0157005	1.965103	1.700775
7800	-3951.858	-4213.894	262.0357	0.6639577	0.400128	0.192783	0.347224	0.0598646	1.975289	1.514262
7806	-3947.302	-4208.864	261.562	0.7638731	0.331219	0.225506	0.382808	0.060467	1.873719	1.848862
7812	-3954.525	-4216.273	261.7479	0.6752013	0.282988	0.192669	0.472682	0.051662	1.781638	1.848862
7818	-3972.524	-4234.193	261.6684	0.6199933	0.362595	0.329661	0.276547	0.0311968	1.872464	1.881026
7824	-3969.443	-4230.942	261.4982	0.7399192	0.335975	0.337765	0.289136	0.0371242	1.729345	2.006466
7830	-3961.647	-4223.349	261.7017	0.532461	0.365146	0.388606	0.177644	0.0686036	1.824187	1.952781
7836	-3954.492	-4216.755	262.2633	0.4665273	0.190921	0.379294	0.365559	0.0642259	1.844372	1.592674
7842	-3952.648	-4214.676	262.0287	0.6361657	0.197299	0.388367	0.347963	0.0663712	1.905369	1.592674
7848	-3956.192	-4218.142	261.9503	0.8367745	0.254505	0.220969	0.464739	0.0597867	2.058683	1.376518
7854	-3953.08	-4215.196	262.1159	0.620829	0.30363	0.27548	0.376551	0.0443389	1.906596	1.539596
7860	-3942.515	-4204.731	262.2156	0.5973229	0.427076	0.298286	0.236701	0.0379378	2.02	1.396693
7866	-3953.954	-4215.651	261.697	0.9513629	0.343285	0.398933	0.131772	0.126011	2.047185	1.489503
7872	-3949.897	-4211.61	261.7128	0.9030306	0.357373	0.197915	0.331414	0.113298	2.080699	1.489503
7878	-3952.06	-4214.261	262.2004	0.6252084	0.455722	0.235739	0.27536	0.0331789	2.025447	1.381371
7884	-3944.336	-4205.984	261.6483	0.9251931	0.413351	0.313349	0.210223	0.0630772	2.059238	1.536727
7890	-3952.194	-4214.225	262.0307	0.6838087	0.463177	0.263938	0.235563	0.0373222	1.962862	1.511579
7896	-3950.709	-4212.647	261.9374	0.7565722	0.383883	0.205828	0.32881	0.0814794	1.914652	1.559399
7902	-3944.595	-4206.599	262.0036	0.7022471	0.245933	0.291699	0.413553	0.0488153	2.051769	1.450142
7908	-3951.038	-4212.8	261.7626	0.9682737	0.4475	0.0899693	0.406705	0.0558256	2.069802	1.409094
7914	-3944.215	-4206.337	262.1224	0.7937152	0.358005	0.199831	0.278021	0.164143	2.062502	1.271365
7920	-3964.368	-4226.736	262.3687	0.5489516	0.269662	0.414487	0.203589	0.112262	2.004273	1.327925
7926	-3962.941	-4224.855	261.9142	0.7486526	0.340942	0.396207	0.160513	0.102338	2.004273	1.516422
7932	-3966.408	-4228.455	262.0469	0.6424773	0.371135	0.245463	0.219383	0.164019	1.926919	1.55865
7938	-3965.416	-4227.34	261.9239	0.8005648	0.342748	0.421607	0.139085	0.0965601	2.018421	1.457274
7944	-3950.797	-4212.832	262.0351	0.7378014	0.339251	0.2956	0.222972	0.142177	1.997258	1.438966
7950	-3968.137	-4230.115	261.978	0.7378014	0.288234	0.146152	0.43186	0.133754	1.986446	1.49052
7956	-3961.068	-4223.035	261.9677	0.6973608	0.503128	0.208601	0.220102	0.068169	1.927001	1.574107
7962	-3942.187	-4203.75	261.5634	0.7800949	0.30605	0.425816	0.246802	0.021332	1.84023	1.859173
7968	-3941.42	-4202.998	261.5782	0.7252408	0.34676	0.366007	0.17611	0.111122	1.84023	1.888536
7974	-3957.289	-4218.481	261.1919	0.6297544	0.157981	0.619149	0.136648	0.0862219	1.704526	2.298233
7980	-3936.455	-4197.802	261.3468	0.6885715	0.40945	0.297914	0.236682	0.0559538	1.750632	2.128155
7986	-3939.607	-4200.821	261.2138	0.9384877	0.39994	0.374856	0.190906	0.0342977	1.831081	1.99074
7992	-3943.026	-4204.24	261.2139	0.927672	0.531097	0.118786	0.253513	0.0966047	1.799307	2.019147
7998	-3935.689	-4197.205	261.5162	0.7517012	0.401208	0.204707	0.294648	0.0994372	1.864422	1.895177
8004	-3938.209	-4199.876	261.6669	0.7011752	0.341658	0.191671	0.390612	0.0760581	1.911945	1.795905
8010	-3932.868	-4194.086	261.2188	0.9013714	0.396006	0.288066	0.234978	0.0809503	1.733881	2.076956
8016	-3934.72	-4196.899	262.1797	0.6036461	0.52832	0.234991	0.191684	0.0450046	2.005393	1.430626
8022	-3936.766	-4198.31	261.5438	0.8997013	0.523722	0.237282	0.193553	0.0454432	2.029911	1.653271
8028	-3934.857	-4196.452	261.5948	0.9579481	0.450665	0.253328	0.206642	0.0893659	1.950861	1.630723
8034	-3942.639	-4204.696	262.0568	0.7001364	0.201639	0.361291	0.397085	0.0399846	2.037832	1.421715
8040	-3942.085	-4204.259	262.1742	0.624667	0.292094	0.315301	0.35771	0.0348949	2.000394	1.421715
8046	-3952.212	-4214.356	262.1441	0.5902765	0.267272	0.288507	0.327311	0.11691	2.059924	1.42685
8052	-3953.302	-4214.991	261.6887	0.8080105	0.277073	0.37132	0.305175	0.0464323	1.981129	1.652501
8058	-3955.579	-4217.216	261.6368	0.8962394	0.451255	0.22624	0.285625	0.0368803	1.838572	1.725579
8064	-3945.991	-4207.589	261.598	0.8348604	0.359565	0.0912859	0.486102	0.0630471	1.953039	1.717058
8070	-3946.872	-4208.177	261.3049	0.9687046	0.478389	0.075101	0.399916	0.0465931	1.920569	1.847913
8076	-3965.347	-4226.585	261.238	1.347663	0.474729	0.0838367	0.396856	0.0445782	1.885953	1.665778
8082	-3952.907	-4214.226	261.3188	1.161901	0.595577	0.0177716	0.321638	0.0650139	1.82228	1.775229
8088	-3965.405	-4227.017	261.6122	1.025188	0.561543	0.0970997	0.189187	0.152171	1.931681	1.58312
8094	-3956.651	-4217.888	261.237	0.8311771	0.375294	0.14594	0.322772	0.155995	1.722857	2.119937
8100	-3957.244	-4218.455	261.2108	1.453264	0.387461	0.312555	0.147273	0.152712	1.893465	1.612424
8106	-3948.766	-4209.7	260.934	1.092154	0.449534	0.331777	0.172059	0.0466304	1.818839	2.082888
8112	-3975.433	-4236.615	261.1823	0.6150513	0.278871	0.306163	0.22353	0.191436	1.744477	2.288764
8118	-3976.506	-4238.325	261.8191	0.6190165	0.457072	0.122161	0.351403	0.0693648	1.79926	1.82868
8124	-3963.456	-4225.216	261.7598	0.5986974	0.447691	0.228533	0.308452	0.0153246	1.916243	1.803572
8130	-3966.205	-4227.842	261.6365	0.8002361	0.257656	0.287327	0.387806	0.0672103	1.874353	1.770525
8136	-3966.678	-4228.296	261.6187	0.8837132	0.464334	0.221016	0.258061	0.0565887	1.868448	1.726372
8142	-3967.562	-4229.057	261.4946	0.9308671	0.287703	0.279018	0.325785	0.107493	1.861182	1.784456
8148	-3947.028	-4208.772	261.7436	0.6915386	0.313685	0.28235	0.329676	0.0742889	1.842446	1.797991
8154	-3948.704	-4210.197	261.4933	0.7597489	0.436309	0.308548	0.201667	0.0534761	1.79288	1.953277
8160	-3949.835	-4211.664	261.8287	0.8167353	0.369434	0.188812	0.297985	0.143769	1.870646	1.624701
8166	-3952.573	-4214.411	261.8376	0.7804175	0.453321	0.134387	0.323638	0.0886534	1.848689	1.661442
8172	-3935.634	-4197.184	261.5499	1.166091	0.460911	0.13397	0.218792	0.186328	1.917138	1.538784
8178	-3939.407	-4201.342	261.9346	1.010775	0.371224	0.256574	0.179577	0.192625	1.983535	1.307535
8184	-3943.725	-4205.932	262.2072	0.8234044	0.37618	0.222716	0.38057	0.0205345	2.064852	1.171178
8190	-3954.131	-4215.726	261.5948	0.6118265	0.304778	0.259844	0.428993	0.00638552	1.740937	2.024651
8196	-3958.364	-4219.652	261.2878	0.81717	0.202395	0.415412	0.375056	0.00713741	1.756809	2.073887
8202	-3968.696	-4229.837	261.1405	0.5418446	0.359286	0.300408	0.334555	0.00575115	1.747364	2.362117
8208	-3953.929	-4215.135	261.2069	0.7529446	0.301411	0.326866	0.365465	0.00625768	1.710813	2.200763
8214	-3956.205	-4217.531	261.3254	0.8482772	0.298605	0.364928	0.310611	0.0258554	1.699708	2.065396
8220	-3952.395	-4213.935	261.5403	1.272868	0.416569	0.174762	0.264398	0.14427	2.022143	1.390262
8226	-3950.32	-4211.808	261.4879	1.103112	0.479385	0.122047	0.361989	0.0365784	1.979677	1.582918
8232	-3967.037	-4228.418	261.3813	0.9390101	0.458592	0.175357	0.357999	0.00805222	1.749356	1.932819
8238	-3961.953	-4223.564	261.6112	0.6219163	0.490791	0.155296	0.346129	0.00778523	1.929737	1.879587
8244	-3948.148	-4210.097	261.9485	0.7185429	0.356441	0.104394	0.521336	0.0178289	1.965921	1.543075
8250	-3948.758	-4210.205	261.4466	1.118294	0.513722	0.0407994	0.389106	0.0563726	1.921779	1.644155
8256	-3952.729	-4214.347	261.6177	1.211653	0.529398	0.0640437	0.320742	0.0858157	1.973918	1.411859
8262	-3946.515	-4208.116	261.601	1.146899	0.545558	0.0436118	0.322395	0.0884352	2.052157	1.411859
8268	-3962.794	-4224.58	261.7859	0.9456363	0.481108	0.107856	0.284308	0.126728	2.065871	1.411859
8274	-3953.14	-4215.136	261.9956	0.7794708	0.536637	0.196001	0.188593	0.0787698	1.980918	1.448127
8280	-3934.433	-4196.593	262.1599	0.7804403	0.415387	0.219162	0.347304	0.0181469	2.064889	1.249827
8286	-3942.835	-4204.838	262.0027	0.8964594	0.403191	0.212727	0.337107	0.0469755	2.101455	1.249827
8292	-3956.647	-4219.096	262.4493	0.607134	0.289953	0.317434	0.322516	0.0700973	2.195396	1.039163
8298	-3959.271	-4221.441	262.17	0.8570741	0.482103	0.197758	0.193352	0.126787	2.183056	1.066243
8304	-3950.923	-4212.757	261.8344	0.9196242	0.452062	0.282828	0.244199	0.0209111	1.827486	1.574591
8310	-3948.742	-4210.517	261.7749	0.7705939	0.262997	0.280613	0.420392	0.0359987	1.838852	1.720285
8316	-3961.199	-4222.662	261.4637	0.8069251	0.411637	0.226007	0.333774	0.0285815	1.794067	1.939039
8322	-3958.396	-4219.365	260.9686	0.8696816	0.372073	0.267199	0.280559	0.0801688	1.724686	2.266714
8328	-3957.343	-4218.382	261.0386	1.027221	0.459648	0.204714	0.225156	0.110481	1.837725	2.043487
8334	-3959.072	-4220.817	261.7452	1.330383	0.597122	0.0806668	0.265774	0.0564373	2.247628	0.9674896
8340	-3956.264	-4218.579	262.3155	0.7512452	0.412202	0.269999	0.286773	0.0310259	2.222807	0.9938832
8346	-3950.02	-4212.184	262.1648	0.7720044	0.416312	0.318736	0.197687	0.0672645	2.140441	1.189187
8352	-3949.994	-4212.355	262.3604	0.6205146	0.27741	0.418336	0.252564	0.0516903	2.182972	1.120457
8358	-3955.57	-4217.9	262.3295	0.6618614	0.435764	0.317644	0.191773	0.0548188	2.182972	1.108774
8364	-3972.369	-4234.004	261.6355	0.840894	0.357104	0.367012	0.26115	0.0147338	1.884865	1.734193
8370	-3959.851	-4221.508	261.6567	1.030782	0.333145	0.342389	0.243629	0.0808368	1.832001	1.619202
8376	-3958.979	-4220.24	261.2616	1.331831	0.413412	0.183947	0.302328	0.100313	1.896414	1.651598
8382	-3960.432	-4222.084	261.6519	1.239837	0.53406	0.0958834	0.309033	0.0610235	2.004457	1.340286
8388	-3965.247	-4227.433	262.1864	0.8230795	0.441892	0.149673	0.340897	0.0675384	2.059784	1.193929
8394	-3951.679	-4213.762	262.0829	0.8346087	0.327338	0.322477	0.292279	0.0579062	1.979714	1.335841
8400	-3951.583	-4213.422	261.839	0.9290032	0.363382	0.272116	0.324463	0.0400392	1.974029	1.454571
8406	-3954.868	-4216.717	261.8495	0.9725676	0.48691	0.177629	0.295612	0.03985	2.023455	1.374097
8412	-3947.551	-4209.396	261.8447	0.8961399	0.463548	0.169106	0.327919	0.0394267	2.037713	1.427227
8418	-3944.679	-4206.645	261.9662	0.858425	0.421653	0.231534	0.280836	0.0659771	2.016922	1.379196
8424	-3936.539	-4198.784	262.2442	0.6458818	0.244485	0.397538	0.283074	0.0749028	2.09877	1.269773
8430	-3937.906	-4200.141	262.2342	0.6592908	0.46615	0.155959	0.360652	0.0172394	2.094594	1.269773
8436	-3949.429	-4211.383	261.954	0.7562054	0.282084	0.20788	0.44589	0.0641454	1.917579	1.545323
8442	-3956.136	-4217.894	261.7573	0.9447288	0.339088	0.349425	0.201021	0.110466	1.980636	1.499268
8448	-3953.328	-4215.269	261.9416	0.7677799	0.452786	0.110368	0.268424	0.168421	1.961064	1.513129
8454	-3961.613	-4223.552	261.9386	0.7136799	0.333654	0.195339	0.35511	0.115898	1.995106	1.532551
8460	-3954.408	-4216.246	261.8379	0.7210008	0.34116	0.259211	0.363099	0.0365304	1.979377	1.612252
8466	-3959.143	-4220.987	261.8442	0.5931722	0.374168	0.30137	0.315155	0.00930787	1.901144	1.75949
8472	-3946.808	-4208.97	262.1622	0.6159867	0.396761	0.257635	0.334185	0.0114189	2.000775	1.437692
8478	-3947.668	-4209.747	262.0795	0.6971583	0.396409	0.257407	0.333889	0.0122949	2.049851	1.397281
8484	-3949.115	-4211.299	262.1841	0.707642	0.374075	0.242904	0.315077	0.0679443	1.981802	1.359873
8490	-3955.039	-4216.916	261.8772	0.707642	0.383706	0.305333	0.257218	0.0537432	2.051005	1.541356
8496	-3953.632	-4215.216	261.5835	0.8369835	0.439539	0.20431	0.319628	0.0365225	2.022244	1.676691
8502	-3967.331	-4229.72	262.3888	0.6835363	0.31667	0.30875	0.362617	0.011964	2.110761	1.099659
8508	-3958.898	-4221.106	262.2083	0.7685111	0.374885	0.245825	0.33685	0.0424398	2.053574	1.229242
8514	-3969.135	-4231.575	262.4395	0.5232032	0.315891	0.337994	0.187751	0.158364	2.143638	1.174724
8520	-3964.138	-4226.805	262.6667	0.4379393	0.289143	0.402025	0.217893	0.0909383	2.316875	0.8601184
8526	-3960.602	-4222.882	262.2804	0.7495975	0.447007	0.359609	0.114419	0.0789648	2.27605	0.9772247
8532	-3967.333	-4229.868	262.5348	0.5755495	0.404174	0.350489	0.120285	0.125052	2.150377	1.031996
8538	-3954.573	-4216.832	262.2587	0.7026374	0.314631	0.346954	0.283879	0.0545355	2.292415	1.031996
8544	-3965.622	-4227.99	262.3686	0.6652186	0.314631	0.346954	0.283879	0.0545355	2.244276	1.010306
8550	-3964.946	-4227.38	262.4342	0.6555646	0.292321	0.256486	0.410877	0.0403154	2.289408	0.9050436
8556	-3964.694	-4226.984	262.2901	0.7085965	0.277652	0.361233	0.315315	0.0458	2.262195	1.024735
8562	-3966.864	-4228.752	261.8887	0.9372892	0.398451	0.118955	0.416868	0.0657264	2.19617	1.230986
8568	-3961.847	-4223.949	262.1021	0.7449004	0.454416	0.231593	0.274209	0.0397829	2.254102	1.169713
8574	-3943.091	-4205.14	262.0493	0.6437354	0.288882	0.38448	0.287054	0.0395843	1.998787	1.502503
8580	-3952.608	-4214.801	262.1939	0.6437354	0.294219	0.292053	0.313159	0.100569	1.942915	1.435276
8586	-3947.564	-4209.757	262.1937	0.728148	0.309378	0.3071	0.329293	0.0542294	2.029956	1.296201
8592	-3965.242	-4227.478	262.2362	0.728148	0.405083	0.256055	0.248934	0.0899271	2.029956	1.261286
8598	-3957.605	-4219.876	262.2717	0.6579687	0.413643	0.261466	0.254194	0.070697	2.019217	1.30189
8604	-3947.935	-4210.119	262.1839	0.6102433	0.42436	0.281607	0.26078	0.0332527	1.955851	1.460019
8610	-3947.884	-4210.079	262.1945	0.6892417	0.368926	0.206126	0.339933	0.0850144	1.962538	1.382212
8616	-3952.961	-4214.822	261.8603	0.9785899	0.307468	0.236164	0.385515	0.0708522	2.133936	1.271703
8622	-3945.69	-4207.222	261.5322	1.24388	0.519976	0.0479917	0.345708	0.0863244	2.084883	1.36849
8628	-3945.305	-4206.652	261.3464	1.618958	0.49321	0.0969981	0.327912	0.0818807	1.93151	1.375391
8634	-3946.841	-4208.486	261.6449	1.3183	0.492656	0.0578479	0.327544	0.121952	2.078781	1.225932
8640	-3946.678	-4208.16	261.4827	1.520383	0.504536	0.0475141	0.291258	0.156692	2.084958	1.20678
8646	-3945.453	-4207.238	261.7852	1.149029	0.51456	0.163681	0.161955	0.159805	2.018766	1.290473
8652	-3957.642	-4219.239	261.597	1.376376	0.474867	0.132813	0.251331	0.140989	1.911673	1.358568
8658	-3978.931	-4240.411	261.4802	1.274289	0.513485	0.18044	0.224222	0.0818535	1.981409	1.466837
8664	-3964.103	-4226.544	262.4414	0.5385365	0.319953	0.34029	0.335071	0.00468637	2.136344	1.165787
8670	-3954.513	-4216.856	262.3423	0.5385365	0.328075	0.348928	0.318192	0.00480533	2.153969	1.235623
8676	-3935.732	-4197.993	262.2611	0.7052351	0.379245	0.241396	0.367821	0.0115374	2.11857	1.185794
8682	-3958.331	-4220.249	261.918	0.9446074	0.287354	0.31411	0.346736	0.0517999	1.939918	1.407921
8688	-3952.905	-4214.889	261.984	0.773619	0.220718	0.304828	0.404116	0.0703386	1.905194	1.518626
8694	-3956.074	-4218.117	262.0428	0.7394013	0.299806	0.369734	0.245649	0.0848119	1.946589	1.470442
8700	-3942.22	-4204.101	261.8813	0.7669262	0.335846	0.370591	0.254646	0.0389168	2.011883	1.52089
8706	-3935.416	-4197.378	261.9611	0.7725029	0.371601	0.187556	0.397783	0.04306	2.133815	1.361847
8712	-3942.775	-4204.882	262.1068	0.739452	0.360267	0.212337	0.38565	0.0417467	1.996707	1.382527
8718	-3941.375	-4203.079	261.7044	0.7393389	0.282814	0.38302	0.301526	0.0326403	1.96574	1.703736
8724	-3944.834	-4206.253	261.4189	0.7393389	0.257282	0.43872	0.274305	0.0296935	1.778276	2.027106
8730	-3942.658	-4204.415	261.7562	0.7613757	0.258196	0.442364	0.27528	0.0241596	1.79977	1.767598
8736	-3950.825	-4212.08	261.2555	0.8846156	0.481628	0.132919	0.367259	0.0181944	1.77291	2.03835
8742	-3945.312	-4206.009	260.6977	0.8485396	0.41718	0.229515	0.239694	0.113612	1.671804	2.485647
8748	-3933.273	-4193.917	260.6444	1.019272	0.392889	0.226357	0.34925	0.031504	1.64335	2.427917
8754	-3936.195	-4197.633	261.4378	0.6257917	0.318727	0.372391	0.283325	0.0255573	1.715308	2.135193
8760	-3946.578	-4207.667	261.0884	0.7250541	0.390518	0.217209	0.347142	0.0451305	1.730689	2.283188
8766	-3939.23	-4200.156	260.9259	0.8270181	0.346802	0.292265	0.320854	0.0400785	1.682476	2.34916
8772	-3938.22	-4199.025	260.8043	0.7549509	0.355832	0.327019	0.264394	0.0527544	1.688771	2.469635
8778	-3942.265	-4203.158	260.8931	0.6061342	0.379801	0.330058	0.266851	0.0232903	1.564036	2.590131
8784	-3954.947	-4215.511	260.5639	1.003405	0.3426	0.372218	0.270666	0.0145157	1.684329	2.462729
8790	-3968.52	-4229.786	261.2661	0.9561212	0.363287	0.292713	0.287009	0.0569912	1.655705	2.060563
8796	-3956.757	-4217.658	260.9002	0.855052	0.310692	0.246156	0.351445	0.0917066	1.708852	2.330185
8802	-3959.456	-4220.415	260.9591	0.9504305	0.485306	0.0468454	0.40726	0.0605886	1.719237	2.223152
8808	-3979.941	-4240.22	260.279	0.9738622	0.40664	0.0908746	0.390686	0.111799	1.481691	2.782318
8814	-3980.798	-4242.305	261.5075	0.9845064	0.347656	0.372935	0.150305	0.129105	1.857034	1.740445
8820	-3951.712	-4212.094	260.3813	0.9781551	0.547526	0.202192	0.172479	0.0778024	1.569321	2.663313
8826	-3950.301	-4211.101	260.8005	0.7112093	0.45908	0.21352	0.245437	0.0819632	1.602644	2.554644
8832	-3966.594	-4226.719	260.125	1.396109	0.507045	0.0307509	0.394836	0.0673683	1.605409	2.554644
8838	-3956.372	-4216.154	259.7818	1.624301	0.665864	0.0881564	0.209364	0.036616	1.523616	2.695887
8844	-3946.886	-4207.597	260.7112	0.6641434	0.63626	0.13663	0.200055	0.0270544	1.513134	2.695887
8850	-3938.097	-4198.366	260.2689	1.211911	0.486975	0.142489	0.208635	0.161901	1.559234	2.598544
8856	-3958.86	-4219.335	260.4753	1.472411	0.449785	0.179803	0.208565	0.161847	1.558817	2.32138
8862	-3942.689	-4203.848	261.1588	0.8018777	0.291601	0.242249	0.361222	0.104927	1.698821	2.206336
8868	-3945.301	-4206.182	260.8809	0.8018777	0.418943	0.333284	0.178866	0.0689073	1.64265	2.419471
8874	-3937.073	-4198.161	261.0883	0.6986791	0.408657	0.220439	0.329543	0.0413613	1.614139	2.375193
8880	-3955.725	-4216.433	260.7084	0.9456258	0.288988	0.386167	0.288705	0.0361408	1.595116	2.46456
8886	-3961.791	-4222.737	260.9454	0.6901192	0.438809	0.104176	0.411982	0.0450324	1.62437	2.46456
8892	-3946.864	-4207.719	260.8545	0.7625315	0.293286	0.419919	0.275356	0.0114395	1.669099	2.445484
8898	-3957.437	-4218.114	260.6775	0.9200687	0.520175	0.188331	0.271851	0.019643	1.682363	2.445484
8904	-3960.814	-4221.603	260.7888	0.8876677	0.385082	0.122793	0.403495	0.0886309	1.68012	2.39768
8910	-3941.127	-4201.733	260.6065	0.8486387	0.44786	0.103453	0.339945	0.108741	1.632259	2.567087
8916	-3933.12	-4194.233	261.1137	0.8588669	0.376857	0.168413	0.344524	0.110206	1.637132	2.236918
8922	-3940.004	-4201.436	261.4322	0.6718821	0.269626	0.265209	0.41859	0.0465755	1.708454	2.111463
8928	-3950.313	-4211.638	261.3251	0.7870439	0.269646	0.262779	0.418622	0.0489531	1.708454	2.101905
8934	-3963.39	-4224.573	261.1829	0.8112405	0.395907	0.243149	0.222259	0.138685	1.682255	2.195114
8940	-3936.841	-4198.057	261.2152	0.8112405	0.358014	0.30874	0.235068	0.0981781	1.723296	2.147455
8946	-3936.436	-4197.954	261.518	0.6655252	0.264727	0.492398	0.164258	0.0786174	1.776813	2.014166
8952	-3943.598	-4204.81	261.2124	0.9588543	0.295505	0.395162	0.273943	0.0353895	1.75149	2.030876
8958	-3945.428	-4206.773	261.3455	0.8493081	0.413731	0.237075	0.339274	0.00992085	1.744631	2.021611
8964	-3934.536	-4196.447	261.9108	0.4642166	0.329321	0.351652	0.273903	0.045124	1.843167	1.843907
8970	-3944.34	-4205.942	261.6019	0.7588801	0.284583	0.235585	0.403098	0.0767342	1.863482	1.832081
8976	-3944.657	-4206.006	261.3487	0.9898145	0.325176	0.353604	0.229251	0.0919685	1.846711	1.853967
8982	-3950.24	-4212.327	262.0874	0.5040303	0.257997	0.435171	0.233863	0.0729685	1.845683	1.691791
8988	-3954.72	-4216.798	262.0774	0.5978143	0.384214	0.277216	0.285364	0.0532065	1.867445	1.614181
8994	-3938.203	-4200.164	261.9606	0.6566996	0.403311	0.125063	0.397509	0.0741161	1.916649	1.618133
9000	-3944.541	-4206.749	262.2083	0.663755	0.396245	0.192347	0.33859	0.0728176	1.928414	1.419043
9006	-3936.522	-4198.586	262.0644	0.7625061	0.46276	0.244372	0.251362	0.0415067	1.966394	1.420141
9012	-3943.56	-4205.428	261.8679	0.9004919	0.381654	0.201542	0.269835	0.146969	1.927044	1.490348
9018	-3953.898	-4215.73	261.8325	0.8905968	0.360353	0.257209	0.286798	0.0956399	1.988435	1.478439
9024	-3970.771	-4232.112	261.3414	1.350857	0.54938	0.188107	0.248813	0.0137006	1.974733	1.523652
9030	-3960.71	-4222.327	261.617	0.7421658	0.230175	0.352474	0.267403	0.149947	1.777397	1.892717
9036	-3948.952	-4209.749	260.7978	0.919119	0.376418	0.233732	0.290418	0.0994324	1.603604	2.419964
9042	-3956.235	-4216.611	260.3759	0.978504	0.371876	0.208019	0.343227	0.0768787	1.59834	2.648592
9048	-3953.903	-4215.117	261.2135	0.3732956	0.291878	0.394613	0.256137	0.0573717	1.584586	2.517257
9054	-3935.312	-4197.263	261.951	0.7188131	0.257093	0.354708	0.383924	0.00427524	2.011163	1.507331
9060	-3947.882	-4210.018	262.1354	0.6295484	0.393541	0.325099	0.276129	0.00523159	2.108361	1.363683
9066	-3932.192	-4194.251	262.059	0.7356994	0.222921	0.391761	0.380685	0.00463275	2.108361	1.335147
9072	-3943.719	-4205.705	261.9858	0.7521534	0.266143	0.360591	0.364848	0.00841822	2.108361	1.379354
9078	-3937.887	-4199.493	261.6067	0.9868367	0.337795	0.364418	0.293676	0.00411135	2.046529	1.530731
9084	-3931.645	-4193.84	262.1951	0.6533283	0.249778	0.30673	0.437369	0.00612301	2.146517	1.264405
9090	-3939.238	-4201.349	262.111	0.626933	0.441127	0.262559	0.291961	0.00435305	2.117231	1.37808
9096	-3947.143	-4209.252	262.109	0.7526452	0.367494	0.29157	0.295262	0.0456735	2.107787	1.280666
9102	-3945.62	-4207.764	262.1441	0.7162374	0.511729	0.202498	0.258861	0.0269117	2.119292	1.273935
9108	-3956.368	-4218.463	262.0956	0.7872359	0.472857	0.26978	0.21724	0.0401233	2.249708	1.140016
9114	-3966.38	-4227.782	261.4019	0.9689693	0.571237	0.000251557	0.297975	0.130537	1.834025	1.840562
9120	-3967.419	-4229.792	262.3729	0.5859493	0.283937	0.402751	0.269611	0.0437014	2.113827	1.20206
9126	-3949.51	-4211.864	262.3539	0.5859493	0.365166	0.236428	0.353581	0.044825	2.185177	1.156602
9132	-3954.152	-4216.375	262.2234	0.6959582	0.36248	0.234256	0.35098	0.052284	2.08882	1.251343
9138	-3951.51	-4213.463	261.9528	0.9802344	0.38943	0.125829	0.431728	0.0530139	2.059553	1.255337
9144	-3927.289	-4189.487	262.1981	0.6704368	0.276233	0.375363	0.309046	0.0393577	2.091482	1.29228
9150	-3935.721	-4197.689	261.9683	0.7055057	0.383567	0.319697	0.263215	0.033521	2.033768	1.487978
9156	-3945.95	-4207.813	261.863	0.7814286	0.335195	0.230179	0.403675	0.0309505	1.900601	1.604953
9162	-3942.171	-4203.938	261.767	0.6216346	0.328643	0.405913	0.154562	0.110882	1.828917	1.842168
9168	-3931.3	-4192.679	261.3788	0.7581979	0.328643	0.405913	0.154562	0.110882	1.840955	1.998824
9174	-3948.578	-4209.024	260.4457	0.8878162	0.425825	0.273809	0.08872	0.211645	1.705758	2.59608
9180	-3947.866	-4208.265	260.3984	0.8212201	0.352648	0.226756	0.245322	0.175274	1.676457	2.685943
9186	-3938.439	-4199.757	261.3177	0.8383663	0.368611	0.191753	0.256427	0.183209	1.744401	2.047712
9192	-3937.964	-4199.416	261.4516	0.5935075	0.385162	0.295679	0.254585	0.0645744	1.728245	2.139904
9198	-3935.687	-4196.835	261.1476	0.9704051	0.344192	0.227243	0.31121	0.117355	1.756569	2.062672
9204	-3938.889	-4200.436	261.5466	0.6775806	0.353684	0.207151	0.319792	0.119373	1.764554	1.994753
9210	-3946.296	-4207.986	261.6903	0.570258	0.208034	0.398431	0.318426	0.0751094	1.751801	1.982799
9216	-3950.8	-4212.929	262.1298	0.3386077	0.285509	0.338116	0.328082	0.0482938	1.747816	1.830418
9222	-3956.82	-4219.048	262.2273	0.3626407	0.249269	0.42213	0.286438	0.0421638	1.90741	1.638124
9228	-3958.162	-4220.366	262.2039	0.4449632	0.251723	0.389203	0.319132	0.0399416	1.861445	1.638124
9234	-3955.932	-4218.127	262.1949	0.387438	0.39383	0.315289	0.258525	0.0323562	1.885912	1.6631
9240	-3935.935	-4198.05	262.1144	0.6773041	0.377611	0.302305	0.24198	0.0781039	2.025094	1.405727
9246	-3944.144	-4205.915	261.771	0.7265163	0.290255	0.319394	0.378815	0.0115366	2.011167	1.633395
9252	-3951.075	-4213.191	262.116	0.6219452	0.303174	0.410058	0.265061	0.0217072	1.947371	1.508315
9258	-3950.709	-4212.815	262.1062	0.5946878	0.257457	0.406209	0.262573	0.0737611	1.962494	1.525699
9264	-3943.965	-4206.2	262.2348	0.6754875	0.341463	0.262785	0.360015	0.035737	1.871579	1.43279
9270	-3936.663	-4198.793	262.1297	0.7234246	0.340182	0.284841	0.358665	0.0163119	2.020856	1.358824
9276	-3945.809	-4207.829	262.0202	0.6324375	0.452767	0.226577	0.285301	0.0353551	1.935871	1.57951
9282	-3934.243	-4196.118	261.8754	0.6324375	0.263599	0.292226	0.367965	0.0762099	1.947795	1.675377
9288	-3928.554	-4190.541	261.9876	0.7317683	0.376679	0.162404	0.395716	0.0652011	1.93379	1.527526
9294	-3947.657	-4209.491	261.8338	0.7317683	0.354411	0.168206	0.409853	0.0675304	1.919084	1.650467
9300	-3960.281	-4221.976	261.6948	0.8483511	0.296397	0.242812	0.396209	0.0645815	1.829445	1.726025
9306	-3947.898	-4209.488	261.5903	0.7999925	0.405199	0.087119	0.32697	0.180712	1.846327	1.82218
9312	-3934.258	-4195.868	261.6103	0.7879893	0.496383	0.065701	0.246585	0.191331	1.838839	1.82218
9318	-3929.314	-4190.775	261.4612	0.9760237	0.471905	0.23098	0.234426	0.0626896	1.852722	1.781766
9324	-3929.087	-4190.545	261.4576	0.8409877	0.348638	0.267355	0.271344	0.112664	1.826134	1.89748
9330	-3939.433	-4201.013	261.5803	0.8047845	0.325604	0.303549	0.265626	0.10522	1.913703	1.77893
9336	-3938.679	-4200.292	261.6124	0.8669305	0.282934	0.273577	0.34048	0.103008	1.965112	1.674652
9342	-3945.255	-4207.349	262.0936	0.626536	0.38376	0.196043	0.375865	0.0443312	2.019424	1.467277
9348	-3945.6	-4207.943	262.3429	0.6480572	0.295784	0.226528	0.43598	0.0417081	1.996386	1.270944
9354	-3952.73	-4215.03	262.2999	0.6637817	0.285071	0.257557	0.409951	0.0474211	2.134852	1.176078
9360	-3955.022	-4217.359	262.3366	0.7097223	0.366383	0.141304	0.453974	0.0383399	2.067838	1.160083
9366	-3945.24	-4207.43	262.1902	0.6902193	0.335745	0.129487	0.496458	0.0383104	2.208199	1.183397
9372	-3942.345	-4204.594	262.2488	0.6737455	0.323039	0.427165	0.212935	0.0368607	2.225528	1.131872
9378	-3953.051	-4215.389	262.3378	0.6737455	0.192038	0.450362	0.293836	0.0637644	2.176272	1.095836
9384	-3942.951	-4205.232	262.2804	0.5850893	0.430272	0.222526	0.232179	0.115024	2.118447	1.276461
9390	-3938.793	-4201.142	262.3492	0.6633981	0.392585	0.237246	0.247537	0.122632	2.031551	1.222767
9396	-3953.354	-4215.652	262.2984	0.6546691	0.370343	0.265117	0.233512	0.131027	2.003422	1.295922
9402	-3957.648	-4220.026	262.3779	0.6018921	0.353517	0.259272	0.222483	0.164727	2.067472	1.223011
9408	-3953.54	-4215.802	262.2622	0.6018921	0.334227	0.21479	0.314517	0.136466	2.0779	1.31007
9414	-3961.873	-4224.365	262.4919	0.5908411	0.243105	0.357897	0.34321	0.055788	2.193332	1.016379
9420	-3945.304	-4207.593	262.289	0.5434363	0.254968	0.377891	0.238844	0.128297	1.997096	1.401009
9426	-3946.355	-4208.417	262.0626	0.681142	0.413768	0.278816	0.176224	0.131192	2.087466	1.394395
9432	-3947.438	-4209.173	261.7355	0.7402671	0.163494	0.421552	0.271236	0.143718	2.000127	1.656371
9438	-3956.781	-4218.627	261.8462	0.6807432	0.250894	0.387635	0.229316	0.132155	1.955168	1.654419
9444	-3950.33	-4212.279	261.9493	0.7380259	0.45033	0.250953	0.195378	0.103339	1.963116	1.529268
9450	-3954.424	-4216.375	261.9509	0.687694	0.343812	0.289202	0.28809	0.0788958	1.954174	1.574003
9456	-3962.067	-4224.132	262.0651	0.6167659	0.279851	0.336491	0.315146	0.0685123	1.954174	1.545181
9462	-3941.282	-4203.153	261.8709	0.769555	0.218786	0.312936	0.414716	0.0535625	1.938374	1.580751
9468	-3952.794	-4214.715	261.9212	0.769555	0.335084	0.406945	0.174106	0.0838657	1.838626	1.616751
9474	-3953.422	-4215.669	262.2472	0.6949752	0.391026	0.257131	0.253976	0.0978672	1.951074	1.344896
9480	-3952.579	-4214.593	262.0138	0.7175361	0.292839	0.280302	0.364741	0.0621179	1.976638	1.487108
9486	-3948.411	-4210.42	262.0084	0.7899437	0.341132	0.327885	0.25862	0.0723621	1.958661	1.446877
9492	-3937.631	-4199.256	261.6241	0.7807277	0.272199	0.261628	0.408433	0.0577397	2.013977	1.695551
9498	-3937.473	-4199.417	261.9436	0.733152	0.317121	0.262388	0.386645	0.0338457	1.846713	1.622493
9504	-3950.208	-4212.313	262.1057	0.7058219	0.295806	0.311966	0.360657	0.0315708	2.026604	1.387809
9510	-3948.97	-4211.027	262.0571	0.6745969	0.292338	0.466331	0.193634	0.0476971	2.026604	1.450916
9516	-3946.785	-4208.888	262.1032	0.6796539	0.258577	0.395919	0.27339	0.0721139	1.929932	1.485199
9522	-3947.905	-4209.592	261.6869	0.8537445	0.233299	0.389077	0.336624	0.0410007	1.93423	1.653226
9528	-3952.329	-4214.344	262.015	0.612461	0.387987	0.354437	0.234582	0.0229946	1.860242	1.653226
9534	-3939.837	-4202.006	262.1689	0.612461	0.33898	0.228336	0.392933	0.0397508	1.903488	1.509052
9540	-3947.154	-4208.39	261.2359	0.9006923	0.299257	0.341143	0.327315	0.0322854	1.897578	1.957221
9546	-3946.497	-4207.804	261.3061	0.8909404	0.383064	0.123663	0.451945	0.0413271	1.810608	1.97522
9552	-3952.69	-4213.65	260.9595	0.8541712	0.459037	0.216645	0.268865	0.0554541	1.787284	2.242631
9558	-3957.896	-4219.204	261.3078	0.8561826	0.445505	0.265772	0.220694	0.0680291	1.722722	2.056358
9564	-3964.552	-4226.207	261.6552	0.8934023	0.376099	0.231315	0.301695	0.0908907	1.924417	1.653666
9570	-3969.156	-4231.095	261.9389	0.7058749	0.453134	0.286252	0.197512	0.0631023	1.99518	1.538442
9576	-3971.158	-4232.852	261.6938	1.030843	0.495285	0.276015	0.133898	0.0948025	1.937531	1.514364
9582	-3954.294	-4216.036	261.7428	0.7013556	0.404308	0.337195	0.173214	0.0852824	1.972997	1.699852
9588	-3965.961	-4227.752	261.791	0.659099	0.369758	0.337041	0.209104	0.0840968	1.909461	1.742229
9594	-3965.373	-4226.932	261.5591	0.911194	0.323134	0.406995	0.150648	0.119224	1.892042	1.731844
9600	-3947.492	-4209.167	261.6753	0.7989315	0.336242	0.444199	0.128297	0.0912622	1.892042	1.731954
9606	-3947.663	-4209.331	261.6682	0.7989315	0.307932	0.301096	0.338864	0.0521072	1.92728	1.712115
9612	-3945.746	-4207.357	261.6107	0.7989315	0.424958	0.173668	0.329464	0.0719098	2.04844	1.666972
9618	-3946.498	-4208.088	261.5907	0.8052813	0.4168	0.27864	0.273438	0.0311214	1.952295	1.74441
9624	-3969.573	-4230.885	261.3124	0.7336152	0.271578	0.238276	0.469868	0.020278	1.909831	2.014491
9630	-3955.354	-4215.744	260.3902	1.124069	0.608127	0.112695	0.160241	0.118937	1.549128	2.581436
9636	-3953.54	-4213.98	260.4402	1.035436	0.536119	0.158094	0.223203	0.0825839	1.592544	2.577288
9642	-3963.804	-4224.412	260.6083	1.035436	0.500477	0.183205	0.243996	0.0723217	1.677821	2.418889
9648	-3959.525	-4220.568	261.043	1.123714	0.590834	0.0357392	0.288047	0.0853788	1.779743	2.01639
9654	-3967.048	-4227.42	260.3715	1.158968	0.5497	0.0199166	0.359754	0.0706298	1.652166	2.508116
9660	-3957.428	-4218.504	261.0767	0.7261063	0.331509	0.179976	0.366021	0.122495	1.671246	2.327911
9666	-3956.755	-4217.495	260.7393	0.9073655	0.456299	0.213166	0.178226	0.152308	1.713319	2.395255
9672	-3942.175	-4202.689	260.5132	0.8413622	0.516939	0.198869	0.201911	0.0822805	1.620304	2.636889
9678	-3947.103	-4208.109	261.0061	0.8424553	0.368195	0.193147	0.399957	0.0387007	1.682069	2.28806
9684	-3940.152	-4201.094	260.9427	0.7435962	0.386494	0.139475	0.419833	0.0541972	1.626532	2.429344
9690	-3951.872	-4212.758	260.8867	0.7394467	0.440621	0.203531	0.310405	0.0454425	1.713834	2.412359
9696	-3961.777	-4222.547	260.7697	0.7394467	0.381508	0.258607	0.309266	0.0506179	1.678687	2.507854
9702	-3949.255	-4209.673	260.4176	0.7748816	0.408163	0.12415	0.413532	0.0541544	1.574622	2.766262
9708	-3966.487	-4226.022	259.5353	1.350381	0.371144	0.11289	0.444035	0.071931	1.375089	3.078379
9714	-3975.926	-4236.765	260.8389	0.8072067	0.301409	0.230236	0.38065	0.0877052	1.656944	2.433395
9720	-3970.485	-4230.798	260.3134	0.8387787	0.415168	0.158612	0.316154	0.110066	1.6117	2.766438
9726	-3956.96	-4217.043	260.0829	1.189333	0.537976	0.132305	0.218032	0.111687	1.493299	2.766438
9732	-3951.734	-4211.923	260.1885	1.177618	0.607483	0.0756913	0.1377	0.179125	1.527767	2.687475
9738	-3960.389	-4220.148	259.7591	1.059287	0.484735	0.182646	0.214599	0.118019	1.527582	3.017336
9744	-3961.386	-4221.677	260.2906	1.107856	0.585738	0.146844	0.172533	0.0948849	1.622546	2.607418
9750	-3948.668	-4209.567	260.8984	0.9849188	0.362673	0.216035	0.253829	0.167463	1.653645	2.281941
9756	-3949.979	-4210.443	260.4632	1.117472	0.436933	0.145785	0.227817	0.189465	1.561502	2.532343
9762	-3955.542	-4215.563	260.0218	1.257457	0.541876	0.0993194	0.230771	0.128034	1.576096	2.714116
9768	-3948.567	-4208.452	259.8847	1.130719	0.543427	0.0601454	0.254968	0.141459	1.449628	2.946961
9774	-3958.967	-4219.193	260.2261	1.067215	0.405805	0.054255	0.437046	0.102894	1.533117	2.726542
9780	-3970.517	-4230.673	260.1567	1.103771	0.505913	0.051829	0.384309	0.0579488	1.566755	2.726542
9786	-3961.985	-4222.036	260.0509	1.005652	0.518496	0.051809	0.384161	0.0455342	1.558122	2.85515
9792	-3964.9	-4224.517	259.6172	1.456789	0.489665	0.0358812	0.384605	0.089849	1.476324	2.911737
9798	-3956.594	-4216.557	259.9632	0.9886941	0.408359	0.194939	0.321772	0.0749302	1.514707	2.944592
9804	-3954.506	-4214.998	260.4917	0.8235518	0.478282	0.165407	0.268552	0.0877603	1.542184	2.709587
9810	-3945.957	-4207.037	261.0802	0.8618861	0.571722	0.0985845	0.26774	0.0619539	1.745613	2.186464
9816	-3955.69	-4216.941	261.2515	0.8085959	0.411808	0.322141	0.192851	0.0731988	1.702575	2.139142
9822	-3960.271	-4221.471	261.1999	0.876862	0.334346	0.261545	0.344679	0.0594298	1.702575	2.126452
9828	-3958.397	-4219.479	261.0827	0.8467373	0.365661	0.232594	0.329935	0.0718103	1.792068	2.164842
9834	-3959.046	-4220.468	261.4219	0.7893135	0.34472	0.264338	0.31104	0.0799023	1.815559	1.965077
9840	-3956.561	-4218.297	261.7365	0.7734996	0.45872	0.209572	0.25976	0.0719475	1.767588	1.794763
9846	-3954.52	-4216.376	261.8554	0.6726495	0.274386	0.29972	0.261582	0.164312	1.947605	1.659452
9852	-3958.841	-4220.751	261.9098	0.7799034	0.331123	0.168701	0.342237	0.157939	1.972716	1.518678
9858	-3955.953	-4218.199	262.2462	0.7822785	0.243558	0.388536	0.251734	0.116172	1.904684	1.308927
9864	-3964.558	-4225.941	261.3834	0.7999891	0.238415	0.520024	0.129234	0.112328	1.761176	2.019644
9870	-3949.74	-4211.972	262.2315	0.6798701	0.350091	0.305926	0.329142	0.0148421	2.11192	1.239492
9876	-3947.846	-4209.79	261.9448	0.7840772	0.389156	0.284059	0.305615	0.0211696	2.194095	1.317052
9882	-3957.118	-4218.785	261.6666	0.7901889	0.252819	0.395668	0.269551	0.0819631	1.974152	1.686581
9888	-3960.788	-4222.558	261.7696	0.8197704	0.396678	0.36041	0.200527	0.0423854	1.900056	1.643805
9894	-3950.444	-4212.422	261.9778	0.6384806	0.365419	0.31408	0.283518	0.0369824	1.881256	1.645173
9900	-3951.896	-4213.56	261.6645	0.8365095	0.40392	0.347171	0.178287	0.0706222	1.926701	1.68736
9906	-3953.509	-4215.382	261.873	0.7137094	0.277493	0.243199	0.434943	0.0443652	1.994286	1.581461
9912	-3949.588	-4211.678	262.0903	0.6623773	0.482138	0.216084	0.240334	0.0614442	1.999995	1.455764
9918	-3946.689	-4208.86	262.1717	0.6623773	0.349262	0.20483	0.421691	0.0242162	1.939317	1.439906
9924	-3951.259	-4213.472	262.213	0.6155702	0.307026	0.305419	0.370696	0.0168591	2.047539	1.362124
9930	-3948.54	-4210.741	262.2013	0.5330294	0.306037	0.304436	0.369502	0.0200248	1.965394	1.500266
9936	-3943.472	-4205.438	261.9654	0.4833412	0.250912	0.429724	0.302946	0.0164178	1.953391	1.71637
9942	-3954.646	-4216.431	261.7857	0.6224017	0.214906	0.444078	0.313064	0.0279517	1.918177	1.766938
9948	-3970.416	-4232.201	261.7846	0.6179999	0.285931	0.379767	0.233556	0.100746	1.931726	1.761494
9954	-3964.986	-4226.014	261.0278	0.9250523	0.346377	0.291441	0.240066	0.122116	2.034601	1.988184
9960	-3963.229	-4225.204	261.9755	0.5003638	0.280447	0.436049	0.258877	0.0246269	1.823313	1.788544
9966	-3942.402	-4204.566	262.1637	0.6202524	0.272156	0.35785	0.337854	0.0321399	1.849461	1.546961
9972	-3949.184	-4211.007	261.8228	0.3757255	0.268894	0.484155	0.215196	0.0317548	1.743005	2.023224
9978	-3954.758	-4216.937	262.1791	0.3469798	0.225819	0.513086	0.228055	0.0330404	1.802389	1.754582
9984	-3945.928	-4207.798	261.8691	0.6388661	0.279474	0.352622	0.338241	0.0296632	1.816151	1.767789
9990	-3969.412	-4231.372	261.96	0.8429115	0.47121	0.150685	0.279	0.099105	1.9658	1.436131
9996	-3963.275	-4225.249	261.9733	0.6773754	0.528983	0.274088	0.140639	0.05629	1.95204	1.567129
10002	-3960.662	-4222.752	262.0898	0.6573324	0.434287	0.225022	0.273187	0.0675042	1.883563	1.547402
10008	-3965.37	-4226.855	261.4848	0.8608701	0.340185	0.262452	0.31863	0.078733	1.923275	1.798072
10014	-3962.99	-4224.697	261.7069	0.7550874	0.313232	0.280311	0.340826	0.0656309	1.97371	1.684497
10020	-3957.569	-4219.205	261.6362	0.7180091	0.337973	0.143357	0.462856	0.0558145	1.93389	1.789649
10026	-3951.775	-4213.536	261.7615	0.7180091	0.304163	0.337094	0.270908	0.0878345	1.884279	1.736787
10032	-3969.613	-4231.594	261.9818	0.5626902	0.382515	0.326406	0.240524	0.0505549	1.827719	1.736787
10038	-3975.092	-4236.604	261.5118	0.9456723	0.430283	0.194393	0.27056	0.104765	1.916855	1.722989
10044	-3960.72	-4222.541	261.8211	0.825254	0.473816	0.152651	0.297933	0.0755994	1.93678	1.575611
10050	-3960.254	-4221.842	261.5882	0.8698871	0.417892	0.107581	0.421249	0.0532787	2.069422	1.614942
10056	-3974.26	-4235.974	261.7137	0.8698871	0.399012	0.252822	0.333676	0.0144895	1.943921	1.614942
10062	-3961.544	-4223.613	262.0696	0.6492089	0.517027	0.255308	0.184649	0.0430164	1.925278	1.537862
10068	-3949.508	-4211.127	261.6194	0.6497864	0.362185	0.178847	0.425102	0.0338652	1.836809	1.917091
10074	-3951.868	-4213.377	261.5089	0.5969581	0.369121	0.335134	0.26884	0.0269057	1.929729	1.96644
10080	-3958.716	-4220.384	261.668	0.8553159	0.382908	0.358913	0.173214	0.0849651	1.986667	1.62792
10086	-3966.988	-4228.716	261.7275	0.9544242	0.45835	0.199641	0.26526	0.0767492	1.979751	1.514908
10092	-3960.353	-4222.2	261.847	0.6642928	0.389061	0.305927	0.164381	0.140631	1.931294	1.683396
10098	-3970.173	-4231.952	261.7782	0.6642928	0.342651	0.269434	0.376536	0.0113793	1.933674	1.730321
10104	-3965.309	-4226.905	261.5955	0.6934756	0.342651	0.269434	0.376536	0.0113793	2.08548	1.730321
10110	-3962.04	-4223.919	261.8798	0.7297547	0.353276	0.203978	0.386693	0.0560534	2.179251	1.424992
10116	-3951.498	-4213.44	261.9417	0.7297547	0.315813	0.198519	0.399573	0.086095	2.141261	1.406536
10122	-3957.452	-4218.978	261.526	0.9667407	0.308092	0.17584	0.439808	0.0762596	1.995922	1.64143
10128	-3949.358	-4211.038	261.6806	0.8585398	0.253999	0.282358	0.255778	0.207865	1.965027	1.632071
10134	-3961.255	-4222.746	261.4912	0.957734	0.329805	0.205814	0.406955	0.0574263	1.970768	1.690739
10140	-3966.129	-4227.555	261.4264	1.107766	0.440875	0.172101	0.340296	0.0467272	1.950797	1.645137
10146	-3974.444	-4236.259	261.8153	0.8080344	0.383406	0.149667	0.422276	0.0446511	2.039259	1.517494
10152	-3946.199	-4208.035	261.8365	0.8080344	0.420305	0.0578485	0.484107	0.0377393	2.011656	1.522277
10158	-3965.368	-4227.035	261.6668	0.7425303	0.359153	0.24175	0.366849	0.0322484	2.082642	1.644758
10164	-3961.193	-4222.994	261.8015	0.7831203	0.39992	0.235816	0.287432	0.0768329	1.902352	1.646826
10170	-3960.503	-4222.606	262.1028	0.7311559	0.180252	0.441896	0.335748	0.0421041	2.10216	1.308765
10176	-3963.785	-4225.915	262.1295	0.8537807	0.3226	0.473678	0.128367	0.0753545	2.1221	1.161483
10182	-3966.693	-4229.093	262.3999	0.3856394	0.19549	0.437571	0.289542	0.0773969	2.030704	1.404396
10188	-3960.473	-4222.723	262.2498	0.5582107	0.381111	0.325538	0.161447	0.131904	2.016672	1.404396
10194	-3955.485	-4217.64	262.1546	0.6276273	0.297024	0.275393	0.313436	0.114147	1.951912	1.471341
10200	-3936.898	-4198.966	262.068	0.6529902	0.450319	0.324974	0.190547	0.034159	2.003384	1.477618
10206	-3948.47	-4210.556	262.086	0.7274512	0.150713	0.502103	0.294406	0.0527775	2.003384	1.403406
10212	-3944.633	-4206.535	261.9016	0.7513543	0.493211	0.263433	0.206361	0.0369939	2.052937	1.487258
10218	-3951.354	-4213.52	262.1657	0.7865922	0.466789	0.23387	0.248067	0.0512735	2.163441	1.154942
10224	-3954.729	-4216.83	262.1012	0.8312689	0.322441	0.313177	0.331547	0.0328351	2.063576	1.25548
10230	-3962.093	-4224.469	262.3753	0.6389628	0.2617	0.307177	0.274257	0.156866	2.17557	1.095875
10236	-3951.547	-4213.467	261.9199	0.9257047	0.339856	0.284158	0.23816	0.137826	2.160916	1.244307
10242	-3954.347	-4216.289	261.9424	0.8819041	0.326689	0.234676	0.349975	0.0886601	2.078665	1.32991
10248	-3954.599	-4216.943	262.3435	0.6829807	0.163175	0.524665	0.285778	0.0263827	2.114442	1.137763
10254	-3958.645	-4220.904	262.2591	0.6401847	0.359004	0.28115	0.325394	0.0344515	2.056253	1.29733
10260	-3946.252	-4208.32	262.0684	0.7656183	0.353409	0.315633	0.294888	0.0360696	2.048416	1.350286
10266	-3951.652	-4213.798	262.1461	0.6286971	0.358404	0.125804	0.48184	0.0339519	2.073567	1.38339
10272	-3957.765	-4219.841	262.0764	0.6300498	0.504354	0.173342	0.296315	0.025989	1.989499	1.5
10278	-3942.461	-4204.71	262.2489	0.6100078	0.289501	0.41582	0.269839	0.0248406	1.990979	1.382928
10284	-3946.973	-4209.123	262.1494	0.5410025	0.189645	0.43865	0.340371	0.0313336	2.0784	1.447806
10290	-3933.727	-4195.362	261.6351	0.9265678	0.329917	0.215684	0.419177	0.0352218	2.056837	1.547258
10296	-3944.602	-4206.554	261.9525	0.7761816	0.313374	0.287275	0.354904	0.044447	2.050493	1.430482
10302	-3949.047	-4210.449	261.402	0.9334467	0.290761	0.403463	0.286473	0.0193038	1.904595	1.816674
10308	-3939.027	-4200.324	261.2971	0.7903852	0.30856	0.276304	0.333406	0.0817297	1.912576	1.982926
10314	-3953.078	-4214.834	261.7562	0.7214716	0.30856	0.276304	0.333406	0.0817297	1.838467	1.770007
10320	-3934.444	-4195.646	261.2017	0.6203089	0.242423	0.431422	0.261943	0.0642116	1.767069	2.258292
10326	-3945.946	-4207.817	261.8709	0.5638962	0.311	0.41133	0.249744	0.0279266	1.814769	1.822039
10332	-3940.587	-4202.546	261.9593	0.4045239	0.233616	0.380735	0.363392	0.0222577	1.835615	1.853008
10338	-3937.498	-4199.444	261.9464	0.5375123	0.255171	0.365517	0.337216	0.0420961	1.94084	1.700285
10344	-3939.39	-4201.47	262.0792	0.6414533	0.319176	0.360289	0.279041	0.041494	1.819901	1.614012
10350	-3930.97	-4192.794	261.8234	0.5684299	0.395523	0.316164	0.236516	0.0517968	1.770728	1.881507
10356	-3953.11	-4214.767	261.6571	0.6660267	0.36391	0.290894	0.297758	0.0474386	1.826849	1.886631
10362	-3950.576	-4212.451	261.8753	0.754014	0.36391	0.290894	0.297758	0.0474386	1.826849	1.669934
10368	-3953.211	-4215.298	262.0874	0.6300464	0.412812	0.266871	0.266503	0.0538135	1.826849	1.611741
10374	-3947.534	-4209.398	261.8639	0.8069604	0.360356	0.222735	0.228509	0.188399	1.955489	1.544444
10380	-3967.512	-4228.312	260.7996	0.8519657	0.265278	0.36004	0.31896	0.0557217	1.630297	2.445573
10386	-3967.155	-4228.752	261.5971	0.6542068	0.289934	0.277801	0.348605	0.0836589	1.754469	1.984328
10392	-3960.099	-4221.345	261.2467	0.9913481	0.382344	0.320376	0.248898	0.0483828	1.772002	1.972553
10398	-3956.369	-4217.481	261.1116	0.9374049	0.378487	0.120678	0.344431	0.156404	1.740938	2.118562
10404	-3956.188	-4217.444	261.2564	0.9220089	0.255468	0.248837	0.434159	0.0615363	1.68303	2.071788
10410	-3947.865	-4208.858	260.9929	1.173148	0.38297	0.155666	0.422868	0.0384956	1.698855	2.071788
10416	-3970.462	-4230.747	260.2851	1.186909	0.378206	0.343712	0.223528	0.0545541	1.622029	2.564128
10422	-3945.391	-4206.237	260.8455	0.7798942	0.547411	0.09097	0.23318	0.12844	1.612202	2.475354
10428	-3944.182	-4204.867	260.6848	0.8283328	0.46415	0.134483	0.341139	0.060228	1.563446	2.574318
10434	-3947.978	-4208.482	260.5036	0.9576196	0.517742	0.130015	0.329804	0.0224396	1.648435	2.551554
10440	-3959.51	-4219.931	260.4207	0.7305714	0.375867	0.240366	0.310758	0.0730086	1.449527	2.868871
10446	-3942.118	-4201.523	259.4054	0.8332277	0.384369	0.199994	0.340977	0.0746601	1.428148	3.421312
10452	-3943.634	-4203.872	260.2381	0.8174996	0.4035	0.215654	0.357294	0.023551	1.555073	2.860152
10458	-3943.904	-4204.56	260.656	0.7463698	0.391798	0.213571	0.371429	0.0232029	1.549092	2.654172
10464	-3947.409	-4207.868	260.4593	0.8075946	0.316437	0.401155	0.263669	0.0187399	1.577097	2.718298
10470	-3951.008	-4211.393	260.3849	0.8008726	0.458928	0.20686	0.302731	0.0314814	1.537389	2.792255
10476	-3958.213	-4219.295	261.0823	0.6935149	0.223941	0.386677	0.302205	0.0871778	1.714102	2.318997
10482	-3962.436	-4223.582	261.1454	0.6935149	0.396802	0.243044	0.346103	0.014051	1.651002	2.318997
10488	-3957.328	-4218.777	261.4489	0.7906323	0.426929	0.252468	0.296936	0.0236669	1.769869	1.976685
10494	-3955.624	-4216.891	261.2672	1.004523	0.440879	0.202477	0.282132	0.074512	1.732151	1.976685
10500	-3956.95	-4218.058	261.108	1.05068	0.398509	0.183018	0.351122	0.0673511	1.7518	2.039122
10506	-3961.163	-4221.516	260.3528	1.242723	0.548539	0.18134	0.190109	0.0800114	1.612468	2.495233
10512	-3959.906	-4219.346	259.4393	1.256798	0.48685	0.127686	0.372219	0.0132452	1.540159	3.088209
10518	-3944.918	-4205.134	260.2152	1.064795	0.374009	0.206534	0.380666	0.03879	1.550489	2.723992
10524	-3973.418	-4234.003	260.5844	0.8320258	0.41417	0.0556112	0.487263	0.0429553	1.552373	2.640891
10530	-3965.163	-4227.281	262.1185	0.5442466	0.334229	0.264456	0.307481	0.0938348	1.964706	1.553771
10536	-3966.656	-4228.532	261.8766	0.7353869	0.30221	0.348678	0.264266	0.0848457	1.998759	1.558702
10542	-3970.755	-4232.778	262.0225	0.8065685	0.410507	0.265118	0.209125	0.11525	1.998759	1.391618
10548	-3981.253	-4243.505	262.2526	0.5508857	0.35864	0.357969	0.182703	0.100688	2.05882	1.375258
10554	-3965.516	-4227.531	262.0149	0.836454	0.278256	0.423104	0.210283	0.0883564	2.061488	1.323303
10560	-3955.461	-4217.511	262.0497	0.7241077	0.329695	0.374671	0.190943	0.10469	2.04422	1.402689
10566	-3972.046	-4234.175	262.1296	0.7542201	0.28506	0.459321	0.189098	0.0665214	2.04422	1.314257
10572	-3982.51	-4244.601	262.091	0.7489817	0.330079	0.342474	0.218961	0.108487	2.09725	1.307062
10578	-3959.936	-4221.994	262.0581	0.7941033	0.234224	0.363991	0.306575	0.0952096	2.114711	1.280898
10584	-3943.587	-4205.915	262.3276	0.5162467	0.286297	0.310856	0.305146	0.0977013	2.031822	1.36523
10590	-3942.566	-4204.779	262.2133	0.6991383	0.324831	0.352696	0.240742	0.0817313	2.00939	1.321811
10596	-3950.467	-4212.457	261.99	0.7974595	0.382737	0.322447	0.220094	0.0747217	2.074286	1.365368
10602	-3958.064	-4220.208	262.1435	0.6703668	0.2413	0.478971	0.23262	0.0471089	2.115456	1.317156
10608	-3961.308	-4223.439	262.1305	0.7556821	0.418819	0.270378	0.162963	0.14784	2.175216	1.203503
10614	-3941.92	-4204.028	262.1085	0.7606392	0.365106	0.317554	0.244376	0.072964	2.233986	1.16723
10620	-3939.863	-4201.963	262.1004	0.749399	0.435486	0.217307	0.270408	0.0767991	2.199221	1.214412
10626	-3945.139	-4207.263	262.1247	0.7084904	0.404164	0.283118	0.244938	0.0677795	2.184566	1.242714
10632	-3951.943	-4214.09	262.1464	0.6590035	0.396056	0.36777	0.158156	0.0780175	2.022411	1.398061
10638	-3935.972	-4197.859	261.887	0.7453964	0.27719	0.277949	0.400844	0.0440168	2.046073	1.508053
10644	-3939.67	-4201.628	261.958	0.7453964	0.369272	0.315777	0.256311	0.0586391	1.97885	1.505214
10650	-3959.965	-4222.139	262.1742	0.6608276	0.358127	0.356473	0.224732	0.0606683	2.044278	1.357558
10656	-3952.545	-4214.85	262.3052	0.629162	0.367766	0.366068	0.230781	0.0353851	2.055001	1.270196
10662	-3936.67	-4198.87	262.1991	0.5828078	0.231697	0.230626	0.489406	0.0482716	2.042239	1.404067
10668	-3931.775	-4193.788	262.0128	0.7678961	0.33874	0.337175	0.295882	0.0282026	2.074643	1.371575
10674	-3941.481	-4203.584	262.1032	0.6965108	0.33874	0.337175	0.295882	0.0282026	1.997518	1.419983
10680	-3949.855	-4211.771	261.9163	0.7885779	0.306015	0.304602	0.363905	0.025478	1.972198	1.507418
10686	-3949.817	-4211.338	261.5209	0.8870434	0.358098	0.24786	0.355669	0.0383737	2.025424	1.682075
10692	-3924.721	-4186.658	261.9371	0.6020322	0.203787	0.448162	0.280298	0.0677523	1.990975	1.623116
10698	-3939.029	-4200.958	261.9291	0.6199227	0.243905	0.536387	0.162392	0.0573158	1.844525	1.719882
10704	-3936.093	-4198.143	262.05	0.7397747	0.214942	0.306001	0.419281	0.0597759	1.956611	1.457053
10710	-3954.311	-4216.762	262.4512	0.5286488	0.15934	0.429798	0.347174	0.063688	2.091215	1.205093
10716	-3959.086	-4221.343	262.257	0.6519519	0.188698	0.278337	0.476365	0.0566003	2.034619	1.30656
10722	-3967.619	-4229.5	261.8816	0.6950324	0.157877	0.588441	0.206326	0.0473556	1.953289	1.619386
10728	-3938.311	-4200.162	261.8508	0.5142561	0.159369	0.593998	0.208275	0.0383583	1.940388	1.784218
10734	-3967.745	-4229.928	262.1824	0.7454125	0.283258	0.306353	0.406476	0.0039124	2.190563	1.154578
10740	-3945.018	-4206.826	261.8074	0.7456119	0.25257	0.507306	0.222286	0.017837	1.954597	1.633412
10746	-3945.766	-4207.742	261.9764	0.6372905	0.259092	0.268636	0.447008	0.0252633	1.957833	1.591688
10752	-3937.765	-4199.766	262.0016	0.7032844	0.451207	0.260809	0.257714	0.0302703	2.070853	1.436272
10758	-3951.855	-4213.55	261.6943	0.7032844	0.335345	0.269247	0.266051	0.129357	2.070853	1.663277
10764	-3943.008	-4204.788	261.7797	0.7934173	0.332765	0.318752	0.264004	0.084479	2.047591	1.549096
10770	-3926.178	-4187.848	261.6702	0.7807679	0.413997	0.205201	0.289047	0.0917548	1.885067	1.753836
10776	-3938.839	-4200.531	261.6915	0.8566313	0.300924	0.36858	0.252141	0.0783543	1.991228	1.606684
10782	-3932.501	-4194.27	261.7689	0.8341166	0.294665	0.360915	0.267695	0.0767247	1.837423	1.678388
10788	-3954.969	-4216.978	262.0085	0.7256223	0.290179	0.211575	0.462874	0.0353722	1.986917	1.476926
10794	-3947.033	-4208.995	261.962	0.7112104	0.360224	0.262647	0.359193	0.0179362	1.986917	1.523228
10800	-3945.24	-4207.101	261.8608	0.7655045	0.398538	0.258514	0.317915	0.025033	1.945393	1.586149
10806	-3938.397	-4200.351	261.9534	0.6938674	0.40416	0.262161	0.3224	0.0112791	1.870723	1.628072
10812	-3954.125	-4215.673	261.5482	0.7699473	0.400205	0.259595	0.319244	0.0209554	1.907325	1.83085
10818	-3947.748	-4209.544	261.7957	0.808823	0.462703	0.191239	0.324742	0.0213163	1.89964	1.633521
10824	-3957.123	-4218.558	261.4352	0.9529689	0.400793	0.0660429	0.496468	0.0366963	1.901612	1.782075
10830	-3960.171	-4221.586	261.4155	0.9592008	0.365576	0.247113	0.363367	0.0239438	1.930114	1.771513
10836	-3953.378	-4215.073	261.6948	0.7980448	0.416819	0.289212	0.221687	0.0722809	1.886512	1.722786
10842	-3967.285	-4228.564	261.2794	1.152883	0.30727	0.309131	0.307604	0.0759949	1.884251	1.765511
10848	-3950.748	-4212.851	262.1025	0.5904171	0.426545	0.292037	0.261113	0.0203047	1.886568	1.587684
10854	-3949.444	-4211.368	261.9243	0.6915711	0.383974	0.266207	0.324896	0.0249236	1.988436	1.565368
10860	-3945.631	-4207.432	261.8009	0.9214634	0.437074	0.192138	0.251774	0.119014	1.957231	1.501871
10866	-3939.651	-4201.924	262.2724	0.6707893	0.281401	0.252324	0.330639	0.135637	1.899375	1.386022
10872	-3953.221	-4214.967	261.7461	0.7053218	0.392328	0.18581	0.358513	0.0633489	1.919654	1.732187
10878	-3954.066	-4216.172	262.106	0.7617585	0.347649	0.283191	0.333301	0.0358591	2.011229	1.353149
10884	-3950.766	-4212.569	261.8034	0.8256639	0.338472	0.275716	0.3509	0.0349125	1.946124	1.581472
10890	-3953.915	-4215.704	261.7885	0.808088	0.429566	0.201637	0.334076	0.0347222	2.013747	1.556219
10896	-3959.039	-4220.779	261.7401	0.824884	0.380779	0.178316	0.375018	0.0658866	1.916594	1.64927
10902	-3943.316	-4205.126	261.8108	0.824884	0.472594	0.155576	0.226086	0.145744	2.05763	1.493965
10908	-3944.055	-4206.154	262.0991	0.7208213	0.60543	0.17706	0.132254	0.0852564	2.013138	1.391117
10914	-3938.479	-4200.495	262.0164	0.746144	0.337243	0.320766	0.21183	0.130161	1.917882	1.506581
10920	-3929.343	-4191.123	261.7802	0.7221194	0.384203	0.275455	0.206788	0.133554	1.815396	1.768835
10926	-3954.961	-4216.32	261.3591	0.8220255	0.427981	0.322854	0.226647	0.0225184	1.765912	2.017294
10932	-3974.561	-4236.555	261.9944	0.951709	0.386438	0.137468	0.44853	0.0275645	1.92258	1.355951
10938	-3947.774	-4209.748	261.9741	0.6718967	0.311368	0.38893	0.279142	0.0205599	1.929897	1.587022
10944	-3957.673	-4219.393	261.7202	0.7188683	0.26059	0.385021	0.303552	0.0508372	1.896263	1.756696
10950	-3953.191	-4214.837	261.6462	0.7352916	0.294104	0.363215	0.28636	0.0563202	1.987528	1.732446
10956	-3948.401	-4210.501	262.0999	0.639739	0.294104	0.363215	0.28636	0.0563202	1.987528	1.476101
10962	-3947.832	-4209.827	261.9957	0.5592498	0.299841	0.235049	0.377512	0.0875988	1.982045	1.619481
10968	-3954.251	-4215.765	261.5137	0.8348556	0.271156	0.323158	0.329279	0.0764067	1.885284	1.82297
10974	-3958.698	-4220.514	261.8162	0.6939196	0.357721	0.311084	0.244392	0.0868029	1.885284	1.715546
10980	-3955.672	-4217.257	261.5853	0.6785208	0.416626	0.224425	0.286451	0.0724979	1.744557	1.981598
10986	-3946.783	-4207.746	260.963	0.8294397	0.438396	0.174596	0.310722	0.0762862	1.7425	2.285666
10992	-3960.042	-4220.456	260.414	1.432706	0.438396	0.174596	0.310722	0.0762862	1.710686	2.285666
10998	-3955.729	-4216.588	260.8587	0.8782257	0.389614	0.0918333	0.467477	0.0510759	1.626692	2.393443
11004	-3957.721	-4218.13	260.4088	0.8107063	0.43798	0.0864377	0.455031	0.0205516	1.626692	2.716844
11010	-3941.905	-4202.831	260.9255	0.8990888	0.469039	0.108362	0.374912	0.0476876	1.651675	2.32155
11016	-3957.896	-4219.398	261.5029	0.7956539	0.442408	0.158555	0.350673	0.0483638	1.807261	1.911654
11022	-3957.217	-4218.749	261.5321	0.7123065	0.339012	0.21128	0.412646	0.0370606	1.807261	1.951212
11028	-3952.217	-4213.759	261.5414	0.6955173	0.36482	0.150202	0.444059	0.040919	1.719382	2.015669
11034	-3939.712	-4200.976	261.2634	0.9365728	0.407898	0.169933	0.27996	0.14221	1.727986	2.027638
11040	-3966.141	-4226.786	260.6449	0.986205	0.506018	0.00916109	0.41465	0.0701708	1.590055	2.481813
11046	-3958.94	-4219.539	260.5995	1.09042	0.500111	0.0486324	0.33381	0.117447	1.704752	2.373288
11052	-3968.991	-4230.455	261.4641	1.351614	0.545116	0.0491427	0.271829	0.133912	1.952715	1.447221
11058	-3961.682	-4223.579	261.8974	1.04256	0.447126	0.0465652	0.400959	0.105349	1.916008	1.366019
11064	-3961.917	-4223.864	261.947	0.4803245	0.241103	0.353102	0.367904	0.0378904	1.932929	1.745821
11070	-3941.158	-4202.72	261.5618	0.8684015	0.333897	0.142822	0.50298	0.0203003	1.913522	1.745821
11076	-3961.008	-4222.681	261.6735	0.8817394	0.384972	0.0806246	0.405212	0.129192	1.849935	1.702212
11082	-3963.594	-4225.307	261.7124	0.8553592	0.613069	0.0601385	0.294113	0.0326799	1.938258	1.630809
11088	-3944.386	-4206.075	261.6889	0.7512533	0.576083	0.116839	0.276369	0.0307083	1.830499	1.800424
11094	-3931.341	-4192.893	261.5522	0.8436142	0.383545	0.175156	0.414312	0.0269869	1.730692	1.896139
11100	-3945.21	-4206.641	261.4311	0.9224206	0.324763	0.167725	0.396735	0.110777	1.786655	1.885251
11106	-3941.784	-4203.708	261.9238	0.7666944	0.400353	0.199411	0.269604	0.130632	1.933691	1.54751
11112	-3953.509	-4215.549	262.0398	0.6506374	0.381649	0.283375	0.257008	0.0779682	1.918807	1.563483
11118	-3961.153	-4223.359	262.2063	0.6338695	0.3894	0.28913	0.262228	0.059243	1.961816	1.419205
11124	-3945.999	-4207.818	261.8192	0.7478553	0.306539	0.210451	0.357121	0.125889	1.917002	1.650276
11130	-3960.02	-4221.654	261.6344	0.84099	0.396037	0.389512	0.190217	0.0242332	1.899072	1.724937
11136	-3949.942	-4211.93	261.9881	0.5209291	0.237036	0.506835	0.232031	0.0240977	1.881059	1.724937
11142	-3938.828	-4200.97	262.1418	0.4998361	0.393579	0.404235	0.182967	0.0192195	1.837261	1.661999
11148	-3947.971	-4209.852	261.8809	0.8202349	0.315043	0.357716	0.316165	0.0110757	1.871178	1.5837
11154	-3956.727	-4218.489	261.7617	0.6690317	0.365353	0.310421	0.321781	0.00244478	1.967159	1.714798
11160	-3969.235	-4230.897	261.6616	0.8365279	0.42699	0.225701	0.344451	0.00285723	1.949067	1.673535
11166	-3948.145	-4209.79	261.6453	0.8075501	0.415805	0.219789	0.351779	0.0126273	1.904992	1.737594
11172	-3949.285	-4211.01	261.7258	0.801501	0.247148	0.286999	0.45935	0.00650277	1.875216	1.706319
11178	-3945.598	-4207.124	261.5261	0.9260427	0.32644	0.258564	0.413839	0.00115658	1.963466	1.694034
11184	-3923.967	-4185.754	261.7868	0.7401565	0.378815	0.204127	0.404292	0.012766	1.959002	1.649155
11190	-3939.588	-4200.838	261.2503	1.036713	0.401962	0.21104	0.378484	0.00851327	1.886012	1.8624
11196	-3944.49	-4206.436	261.9462	0.7082725	0.436801	0.142661	0.411288	0.00925112	1.88965	1.608566
11202	-3946.896	-4208.755	261.8586	0.8220099	0.370452	0.239915	0.374076	0.0155578	2.041411	1.472356
11208	-3945.491	-4207.546	262.0552	0.6081366	0.235062	0.374629	0.36763	0.0226793	1.988197	1.534015
11214	-3955	-4216.987	261.9863	0.8230891	0.400551	0.167984	0.39034	0.0411249	1.908153	1.475757
11220	-3953.71	-4215.249	261.5397	1.003107	0.344918	0.308672	0.304272	0.0421384	1.867657	1.697158
11226	-3949.991	-4211.935	261.9439	0.6078583	0.339652	0.303959	0.314894	0.041495	1.934017	1.65478
11232	-3958.488	-4220.244	261.7554	0.6797442	0.36223	0.261666	0.339949	0.0361551	1.87906	1.773038
11238	-3961.16	-4222.49	261.3299	0.8970403	0.546617	0.212705	0.198169	0.0425088	1.913655	1.885372
11244	-3980.524	-4242.41	261.8854	1.160448	0.601178	0.0465942	0.216054	0.136174	2.14679	1.083496
11250	-3959.509	-4221.17	261.661	1.160448	0.44918	0.0474969	0.372445	0.130878	1.978823	1.412147
11256	-3974.837	-4236.516	261.6791	1.233864	0.44918	0.0474969	0.372445	0.130878	1.980201	1.342388
11262	-3973.791	-4235.909	262.1178	0.8990595	0.540964	0.157887	0.139434	0.161716	2.03062	1.210256
11268	-3958.49	-4220.672	262.182	0.7327163	0.346482	0.22753	0.259815	0.166174	2.03062	1.301255
11274	-3959.453	-4220.631	261.1781	1.047236	0.427512	0.134934	0.29877	0.138783	1.924366	1.878389
11280	-3963.541	-4225.676	262.1351	0.8974315	0.498739	0.226359	0.189521	0.085381	1.981788	1.238324
11286	-3979.522	-4241.827	262.3049	0.7849287	0.460059	0.208804	0.252377	0.0787593	2.032427	1.149291
11292	-3951.95	-4213.589	261.6385	0.7687782	0.223649	0.328445	0.314969	0.132937	1.830182	1.822655
11298	-3949.161	-4210.892	261.7314	0.8229772	0.45456	0.213029	0.233752	0.0986584	1.894744	1.672525
11304	-3947.113	-4208.772	261.6594	0.8124607	0.500356	0.150463	0.292362	0.0568192	1.874478	1.745542
11310	-3967.613	-4229.452	261.8388	1.069291	0.438301	0.0683015	0.348208	0.145189	1.924827	1.384414
11316	-3954.388	-4216	261.6123	1.200072	0.325945	0.384699	0.189742	0.099614	1.921506	1.464545
11322	-3956.112	-4217.511	261.399	1.012394	0.294509	0.341186	0.193785	0.17052	1.891254	1.772894
11328	-3956.281	-4218.102	261.8212	0.9724415	0.399442	0.132136	0.370883	0.097539	1.876923	1.508133
11334	-3955.576	-4216.51	260.934	1.237856	0.400502	0.207757	0.327451	0.0642896	1.911759	1.928424
11340	-3955.532	-4216.81	261.2777	0.837589	0.388506	0.217584	0.334973	0.0589373	1.849562	2.004999
11346	-3961.828	-4222.29	260.4621	1.479877	0.457447	0.147043	0.326115	0.0693958	1.731828	2.214678
11352	-3957.747	-4218.532	260.7852	1.103592	0.471797	0.145886	0.2639	0.118418	1.599233	2.314192
11358	-3944.763	-4205.874	261.1114	0.9421864	0.500781	0.154848	0.218678	0.125693	1.665471	2.164751
11364	-3952.378	-4213.144	260.7658	1.256755	0.470022	0.154494	0.242439	0.133046	1.677765	2.182685
11370	-3949.602	-4211.03	261.4283	0.900141	0.412865	0.327526	0.179348	0.0802612	1.706924	1.956466
11376	-3955.39	-4217.058	261.6676	0.7787041	0.377469	0.324902	0.191627	0.106002	1.725674	1.867229
11382	-3956.818	-4218.703	261.885	0.7787041	0.30209	0.378603	0.195785	0.123522	1.756486	1.694608
11388	-3950.822	-4212.25	261.4279	0.8981546	0.322301	0.372728	0.192747	0.112224	1.768992	1.91628
11394	-3951.623	-4213.184	261.5618	1.013621	0.520203	0.0973334	0.311099	0.0713645	1.747275	1.758884
11400	-3950.544	-4211.836	261.2921	0.9095646	0.448985	0.0702388	0.435075	0.0457019	1.810823	1.971629
11406	-3941.834	-4203.054	261.2195	0.90184	0.431301	0.230342	0.284551	0.0538068	1.706645	2.094112
11412	-3950.565	-4211.868	261.3029	0.8829359	0.394968	0.278475	0.260581	0.0659761	1.624858	2.105798
11418	-3956.941	-4218.023	261.0815	0.7408605	0.306524	0.310187	0.3098	0.0734892	1.655637	2.324826
11424	-3945.811	-4207.324	261.513	0.949059	0.378138	0.160048	0.378915	0.0828995	1.739695	1.842878
11430	-3944.871	-4206.529	261.6585	0.6452735	0.198554	0.558954	0.198962	0.0435292	1.732099	1.964527
11436	-3937.202	-4198.874	261.6718	0.8049977	0.391435	0.130512	0.392239	0.0858146	1.880038	1.738404
11442	-3947.406	-4208.936	261.5295	0.9902101	0.410944	0.126328	0.379665	0.0830636	1.881785	1.703508
11448	-3950.382	-4212.027	261.6442	1.015586	0.466171	0.143305	0.296297	0.0942267	1.907772	1.584206
11454	-3942.474	-4203.986	261.5118	1.148739	0.472965	0.0997018	0.38207	0.0452635	1.907772	1.585855
11460	-3939.088	-4200.575	261.4863	0.9580704	0.398364	0.241706	0.321806	0.0381241	1.970607	1.694079
11466	-3958.005	-4220.143	262.138	0.6328643	0.349361	0.423795	0.193409	0.0334344	2.052029	1.403055
11472	-3963.52	-4225.564	262.0441	0.6970702	0.32016	0.218637	0.207767	0.253436	1.985002	1.474272
11478	-3946.839	-4208.568	261.7291	1.012609	0.371858	0.166494	0.395576	0.0660721	1.973722	1.474272
11484	-3959.309	-4221.203	261.8945	0.9804578	0.469391	0.306796	0.176388	0.0474249	2.056243	1.305725
11490	-3960.261	-4222.223	261.9621	0.7989141	0.397089	0.337558	0.231881	0.0334725	2.009884	1.435914
11496	-3953.382	-4215.432	262.0499	0.7281841	0.323581	0.319138	0.29143	0.065852	1.938546	1.480117
11502	-3951.211	-4213.045	261.8344	1.02932	0.366344	0.175632	0.381869	0.0761552	1.956997	1.393546
11508	-3938.337	-4200.466	262.129	0.8526996	0.347779	0.310475	0.292318	0.0494273	2.206965	1.086447
11514	-3936.349	-4198.383	262.0339	0.8636381	0.498029	0.20863	0.196428	0.0969126	2.20811	1.160871
11520	-3944.904	-4207.044	262.1393	0.9134229	0.379813	0.139793	0.379015	0.101379	2.1521	1.069631
11526	-3952.921	-4215.254	262.3326	0.6691161	0.477526	0.208232	0.220657	0.0935841	2.137487	1.140071
11532	-3956.192	-4218.595	262.4023	0.6115952	0.244261	0.315514	0.400095	0.0401294	2.169527	1.103134
11538	-3950.038	-4212.248	262.2099	0.82456	0.305558	0.275896	0.368346	0.0501997	2.256246	0.988989
11544	-3960.534	-4222.901	262.3662	0.6239102	0.206313	0.392975	0.351874	0.0488389	2.273342	1.027016
11550	-3958.607	-4220.557	261.9502	0.9062453	0.403519	0.338465	0.212561	0.0454545	2.150654	1.244205
11556	-3951.279	-4213.414	262.1352	0.6986974	0.200061	0.307463	0.422234	0.0702417	2.003208	1.388967
11562	-3956.8	-4218.874	262.074	0.6565377	0.205132	0.28991	0.432936	0.0720221	2.015914	1.460747
11568	-3953.903	-4215.785	261.8823	0.7568194	0.187821	0.445115	0.292732	0.0743315	2.015914	1.525102
11574	-3950.894	-4213.14	262.2452	0.655036	0.317472	0.464679	0.195185	0.0226642	2.214955	1.162053
11580	-3946.248	-4208.516	262.2682	0.6824398	0.352102	0.34744	0.274771	0.0256873	2.060698	1.249349
11586	-3944.035	-4206.083	262.048	0.7599601	0.438389	0.290058	0.244792	0.02676	2.05823	1.36335
11592	-3950.265	-4212.331	262.0665	0.6586147	0.295933	0.195803	0.490199	0.0180642	2.005666	1.472561
11598	-3953.133	-4215.396	262.2632	0.5842106	0.267055	0.196093	0.490925	0.0459259	1.990425	1.393366
11604	-3949.387	-4211.295	261.9079	0.7646972	0.478499	0.249903	0.200915	0.0706832	1.920392	1.570549
11610	-3960.241	-4222.366	262.1245	0.6776095	0.339119	0.320967	0.249131	0.0907832	1.967065	1.442418
11616	-3960.975	-4222.833	261.8588	0.7981568	0.421489	0.315557	0.215279	0.0476754	2.056624	1.479622
11622	-3950.106	-4211.973	261.8672	0.7975479	0.479901	0.256312	0.179626	0.0841616	1.990806	1.523129
11628	-3938.551	-4200.19	261.6389	1.022553	0.461143	0.246294	0.211691	0.0808721	1.961676	1.543347
11634	-3960.918	-4222.582	261.664	0.7621201	0.426347	0.287263	0.192066	0.0943244	1.905526	1.757541
11640	-3955.863	-4217.53	261.6672	0.8320211	0.333783	0.356877	0.192157	0.117183	1.829041	1.757541
11646	-3938.926	-4200.413	261.4876	0.8320211	0.339411	0.349057	0.192374	0.119158	1.804105	1.898381
11652	-3947.736	-4209.154	261.4181	0.759555	0.292905	0.325413	0.220897	0.160786	1.816738	1.987789
11658	-3955.249	-4216.769	261.5196	0.791383	0.455663	0.114547	0.278887	0.150903	1.915181	1.829617
11664	-3947.102	-4208.744	261.6423	0.8479298	0.412846	0.288017	0.196247	0.10289	1.833081	1.760599
11670	-3951.028	-4213.234	262.2065	0.6251471	0.231781	0.353101	0.263086	0.152032	1.910898	1.465038
11676	-3948.278	-4210.572	262.2944	0.6674602	0.504724	0.263024	0.195972	0.0362808	1.984238	1.303733
11682	-3959.366	-4221.473	262.107	0.7053468	0.364778	0.343452	0.228954	0.0628162	2.087467	1.33914
11688	-3967.692	-4229.659	261.9664	0.6434943	0.430263	0.377697	0.117947	0.074093	1.926834	1.61667
11694	-3956.648	-4218.623	261.9742	0.6834078	0.445441	0.190816	0.340134	0.0236094	1.898435	1.600982
11700	-3957.83	-4219.529	261.6989	0.8001275	0.299825	0.301967	0.343296	0.0549114	2.019917	1.623154
11706	-3957.035	-4218.821	261.7867	0.6941686	0.330657	0.378225	0.268697	0.0224195	1.922753	1.709691
11712	-3962.099	-4223.661	261.5622	1.038816	0.325193	0.379529	0.274565	0.0207124	1.883777	1.644261
11718	-3963.318	-4224.752	261.434	1.316853	0.376299	0.328515	0.23766	0.0575259	1.908501	1.526947
11724	-3957.763	-4219.247	261.4836	0.7804458	0.330649	0.341775	0.281769	0.0458079	1.841191	1.91251
11730	-3945.193	-4206.646	261.4534	0.8629055	0.399565	0.275805	0.257226	0.0674038	1.784256	1.913288
11736	-3948.105	-4208.878	260.7726	0.767561	0.476402	0.126074	0.369329	0.0281948	1.605331	2.533291
11742	-3941.777	-4202.375	260.598	0.9027678	0.460447	0.204362	0.321044	0.0141469	1.639249	2.533291
11748	-3945.721	-4206.106	260.385	1.134938	0.376588	0.167142	0.421993	0.0342773	1.621361	2.533291
11754	-3952.477	-4213.702	261.2246	0.7039925	0.3426	0.306328	0.271445	0.0796269	1.695154	2.232831
11760	-3955.56	-4216.346	260.7854	1.046592	0.3426	0.306328	0.271445	0.0796269	1.702181	2.283907
11766	-3957.437	-4218.638	261.2009	0.8568359	0.515488	0.244527	0.196091	0.0438937	1.753647	2.105922
11772	-3958.316	-4219.948	261.6317	0.7332455	0.277453	0.548254	0.121174	0.0531192	1.759798	1.901028
11778	-3954.412	-4215.444	261.0321	0.8777802	0.450273	0.246266	0.290083	0.0133783	1.72048	2.223155
11784	-3958.597	-4218.85	260.2534	1.156658	0.429166	0.185762	0.374671	0.0104008	1.600091	2.615255
11790	-3947.618	-4207.843	260.2255	1.028486	0.41533	0.186565	0.376291	0.021813	1.66997	2.666362
11796	-3937.855	-4198.474	260.6182	0.7258317	0.372011	0.245853	0.337043	0.0450929	1.588833	2.666362
11802	-3969.335	-4230.117	260.782	0.7258317	0.344147	0.2606	0.282781	0.112472	1.594402	2.561626
11808	-3957.685	-4218.273	260.5881	0.8356828	0.494858	0.152078	0.191337	0.161727	1.545012	2.640778
11814	-3959.304	-4220.11	260.8058	0.8356828	0.357951	0.221636	0.219004	0.201408	1.583167	2.481818
11820	-3950.628	-4211.376	260.7487	1.10897	0.331477	0.320984	0.232519	0.11502	1.653509	2.29946
11826	-3948.657	-4209.886	261.2289	0.9752612	0.377125	0.309227	0.242127	0.0715212	1.752168	2.008464
11832	-3967.265	-4229.578	262.3131	0.6736347	0.372695	0.183532	0.379521	0.0642521	2.057251	1.222428
11838	-3958.502	-4220.347	261.845	1.07463	0.301156	0.329834	0.282659	0.0863512	2.057251	1.268966
11844	-3954.428	-4216.537	262.1091	0.7515435	0.438267	0.317098	0.189639	0.0549954	2.057251	1.322534
11850	-3949.256	-4211.1	261.8443	0.9842148	0.515775	0.142177	0.298423	0.0436253	2.081757	1.322534
11856	-3958.691	-4220.408	261.7168	1.045418	0.523231	0.0281367	0.422972	0.0256604	1.956797	1.471791
11862	-3960.295	-4221.62	261.3247	1.687299	0.447471	0.0509789	0.451274	0.0502757	1.987471	1.303016
11868	-3950.012	-4211.491	261.4787	1.154876	0.501291	0.0689411	0.250293	0.179475	1.857591	1.64192
11874	-3958.3	-4219.286	260.986	1.156083	0.528528	0.113157	0.177852	0.180463	1.74029	2.059698
11880	-3958.09	-4219.18	261.09	0.9305001	0.326322	0.129274	0.362588	0.181816	1.774058	2.115648
11886	-3951.302	-4212.691	261.3891	0.8157607	0.432834	0.202855	0.278112	0.0861987	1.747654	2.013877
11892	-3958.786	-4220.401	261.6146	0.8470574	0.379056	0.281317	0.259268	0.0803584	1.722517	1.856738
11898	-3951.534	-4212.63	261.0962	0.7456586	0.408751	0.303356	0.20124	0.0866536	1.70097	2.283277
11904	-3949.541	-4210.647	261.1061	0.5738258	0.309993	0.31447	0.33197	0.0435682	1.720068	2.380272
11910	-3960.325	-4221.793	261.4683	0.6251023	0.27044	0.274345	0.289612	0.165603	1.696151	2.128246
11916	-3961.407	-4222.733	261.326	0.6895619	0.236175	0.271484	0.381534	0.110806	1.769157	2.128949
11922	-3953.215	-4214.527	261.3117	0.6895619	0.254316	0.292337	0.410839	0.042508	1.769157	2.138319
11928	-3970.487	-4231.955	261.4678	0.5366208	0.304071	0.340053	0.340695	0.0151811	1.773475	2.138319
11934	-3954.483	-4216.382	261.8992	0.4774779	0.164816	0.533	0.188645	0.113539	1.792966	1.877381
11940	-3959.553	-4221.159	261.606	0.623293	0.254903	0.446871	0.258226	0.0400002	1.816642	1.958555
11946	-3954.736	-4216.6	261.8644	0.7517547	0.320068	0.479025	0.16171	0.0391975	1.875711	1.644455
11952	-3954.091	-4216.239	262.1482	0.6221187	0.288802	0.274521	0.254442	0.182235	1.875711	1.537581
11958	-3960.842	-4222.782	261.94	0.6310328	0.317933	0.280258	0.382282	0.019527	1.737979	1.778646
11964	-3966.894	-4227.984	261.0902	1.205311	0.460699	0.164219	0.258447	0.116634	1.707704	1.981092
11970	-3946.409	-4207.247	260.8387	1.205311	0.541541	0.163411	0.157947	0.137101	1.696277	2.154498
11976	-3959.399	-4221.022	261.6235	0.9453763	0.489332	0.0197596	0.329712	0.161196	1.691537	1.8025
11982	-3954.553	-4215.473	260.92	1.506084	0.580745	0.00230966	0.288648	0.128298	1.759145	1.878389
11988	-3941.783	-4203.033	261.2502	1.082493	0.581197	0.00153212	0.288873	0.128398	1.817742	1.878389
11994	-3949.316	-4210.172	260.8554	1.555479	0.6004	0.00165794	0.298417	0.0995244	1.883008	1.808798
12000	-3953.332	-4214.618	261.2856	1.127228	0.541903	0.000784575	0.365811	0.091502	1.82442	1.819756
12006	-3968.897	-4230.233	261.3365	1.341661	0.640541	0.00436054	0.298732	0.0563665	1.864837	1.613993
12012	-3973.027	-4234.048	261.0208	1.220012	0.607873	0.0146429	0.289797	0.087687	1.753312	1.987749
12018	-3967.407	-4228.788	261.3806	1.270263	0.580606	0.0164329	0.368217	0.0347439	1.768773	1.697943
12024	-3967.992	-4228.889	260.8969	1.572652	0.561257	0.0154386	0.329015	0.0942898	1.768773	1.848809
12030	-3970.718	-4232.041	261.3232	1.028122	0.539839	0.0662751	0.254928	0.138958	1.768773	1.898449
12036	-3953.174	-4214.888	261.714	0.9392437	0.531205	0.101595	0.230464	0.136736	1.883832	1.60672
12042	-3947.508	-4208.996	261.4881	1.125009	0.360765	0.130421	0.468713	0.0401008	1.931035	1.602774
12048	-3946.433	-4207.722	261.2887	1.252873	0.413714	0.191857	0.319395	0.0750337	1.944362	1.64973
12054	-3947.446	-4208.744	261.2986	1.050471	0.525276	0.11732	0.259674	0.0977308	1.80585	1.874861
12060	-3949.471	-4211.026	261.5545	0.7355259	0.395832	0.269979	0.242807	0.0913828	1.782837	1.936031
12066	-3940.445	-4201.978	261.5337	0.7483148	0.414158	0.139843	0.329607	0.116392	1.790147	1.936031
12072	-3954.29	-4215.39	261.1002	0.9696336	0.583885	0.143691	0.15283	0.119595	1.731704	2.110704
12078	-3946.784	-4207.873	261.0899	0.9656911	0.414083	0.101904	0.366527	0.117486	1.684277	2.150997
12084	-3958.006	-4219.432	261.426	1.018165	0.476969	0.149222	0.23848	0.135329	1.768797	1.834927
12090	-3959.198	-4220.338	261.1398	1.018165	0.426289	0.181406	0.348945	0.0433607	1.70167	2.072471
12096	-3949.273	-4210.329	261.0555	1.006094	0.548357	0.171914	0.19954	0.0801887	1.829911	2.051395
12102	-3957.897	-4219.157	261.2607	0.8729717	0.344975	0.253903	0.378745	0.0223776	1.829637	2.005164
12108	-3939.696	-4201.114	261.4183	0.7242724	0.361538	0.266093	0.33148	0.0408893	1.803175	2.021532
12114	-3945.521	-4207.022	261.502	0.7242724	0.410272	0.245782	0.306177	0.0377682	1.829669	1.947914
12120	-3943.037	-4204.465	261.4284	0.678052	0.373812	0.22394	0.278968	0.12328	1.715435	2.105101
12126	-3944.165	-4205.058	260.8929	0.8082505	0.497802	0.298218	0.139104	0.064876	1.683069	2.382121
12132	-3950.995	-4212.011	261.016	0.880924	0.166788	0.573029	0.196571	0.0636116	1.700604	2.244243
12138	-3961.276	-4222.439	261.1624	0.7277944	0.223837	0.526781	0.180707	0.0686749	1.679233	2.266855
12144	-3962.487	-4223.393	260.9066	0.7370843	0.365717	0.248445	0.295248	0.0905902	1.645701	2.444312
12150	-3963.621	-4224.536	260.9144	0.9779539	0.649008	0.115579	0.163759	0.0716539	1.74523	2.217255
12156	-3950.881	-4212.246	261.3644	0.8804934	0.40122	0.197174	0.279367	0.122239	1.853219	1.914509
12162	-3942.878	-4204.626	261.7486	0.8062994	0.467643	0.212209	0.287429	0.0327184	1.908762	1.662683
12168	-3956.155	-4217.815	261.6597	0.9191517	0.318457	0.329125	0.248285	0.104134	1.954847	1.609469
12174	-3957.948	-4220.235	262.2869	0.649154	0.313433	0.323933	0.237315	0.125319	1.961539	1.34355
12180	-3947.902	-4209.99	262.0885	0.7446016	0.28318	0.316008	0.373086	0.0277262	2.101762	1.309147
12186	-3940.046	-4202.215	262.1683	0.7976991	0.268286	0.299388	0.353463	0.0788628	2.077168	1.217241
12192	-3959.337	-4221.287	261.9502	0.7920959	0.262864	0.371826	0.189067	0.176243	2.012242	1.448723
12198	-3944.256	-4206.366	262.1104	0.7981654	0.305193	0.271816	0.398973	0.024017	2.10116	1.245328
12204	-3955.38	-4217.422	262.0424	0.8299582	0.283295	0.304297	0.321997	0.090411	2.000163	1.355655
12210	-3961.126	-4223.134	262.0082	0.8299582	0.329292	0.25033	0.330692	0.0896857	1.917906	1.44621
12216	-3942.018	-4203.907	261.8885	0.8284598	0.338964	0.257683	0.340405	0.0629485	1.946384	1.516257
12222	-3952.673	-4214.554	261.8806	0.9454742	0.248382	0.506774	0.216833	0.0280109	2.031392	1.364884
12228	-3974.623	-4236.573	261.95	0.9621772	0.402789	0.232953	0.330737	0.0335217	2.155836	1.191664
12234	-3967.026	-4229.219	262.1929	0.7392679	0.368619	0.302773	0.224371	0.104238	2.143969	1.191664
12240	-3968.647	-4230.88	262.2335	0.652412	0.281104	0.167632	0.509328	0.0419362	2.192258	1.194274
12246	-3961.85	-4224.193	262.3431	0.6699422	0.36376	0.309512	0.297713	0.0290145	2.098763	1.164233
12252	-3966.034	-4228.441	262.4068	0.4340998	0.234597	0.421118	0.314666	0.0296182	2.047236	1.353225
12258	-3961.704	-4224.073	262.369	0.4340998	0.27165	0.487631	0.206422	0.0342962	1.974982	1.438954
12264	-3953.845	-4215.692	261.8468	0.5108257	0.303524	0.457881	0.193829	0.0447656	1.863727	1.842248
12270	-3948.274	-4209.821	261.5469	0.9372461	0.557445	0.1658	0.233721	0.043034	1.941944	1.686466
12276	-3945.096	-4206.616	261.5201	0.9372461	0.442068	0.227317	0.290233	0.0403809	1.941486	1.705773
12282	-3940.534	-4202.1	261.5659	0.9472509	0.424743	0.179447	0.265277	0.130534	1.888801	1.703421
12288	-3950.11	-4211.501	261.3915	0.8535622	0.340503	0.16697	0.455937	0.0365893	1.751225	1.983637
12294	-3947.792	-4209.083	261.2911	0.8535622	0.334069	0.1686	0.460386	0.0369463	1.800476	2.017712
12300	-3939.018	-4200.564	261.5462	0.7896879	0.334728	0.151947	0.414914	0.0984106	1.859281	1.850967
12306	-3933.931	-4195.408	261.4763	0.9496211	0.356154	0.151708	0.469731	0.0224067	1.824317	1.809485
12312	-3950.126	-4211.409	261.2832	0.9268559	0.400012	0.218922	0.348732	0.032334	1.751391	2.005466
12318	-3951.397	-4212.792	261.3947	0.7516937	0.285239	0.435416	0.203317	0.0760274	1.786716	2.028921
12324	-3932.171	-4194.08	261.9085	0.7163974	0.348634	0.45675	0.101692	0.0929246	1.815374	1.682793
12330	-3929.343	-4190.664	261.3213	0.8743263	0.336855	0.241848	0.354904	0.0663924	1.731321	2.029317
12336	-3931.976	-4193.355	261.379	0.7163577	0.292685	0.181195	0.477387	0.0487336	1.832056	2.033983
12342	-3924.826	-4186.247	261.4213	0.7200614	0.421147	0.17895	0.330161	0.0697423	1.793818	2.028706
12348	-3943.486	-4204.583	261.097	0.9552157	0.496257	0.198155	0.229031	0.0765561	1.758835	2.104551
12354	-3938.933	-4199.935	261.0027	1.027561	0.454727	0.315706	0.164979	0.0645887	1.780649	2.104551
12360	-3946.574	-4207.75	261.1757	0.7956793	0.305742	0.149785	0.494572	0.0499007	1.844156	2.10495
12366	-3934.767	-4196.331	261.5642	0.7754289	0.344976	0.256772	0.298947	0.0993051	1.801735	1.888191
12372	-3944.608	-4206.312	261.7037	0.7754289	0.424105	0.225753	0.262833	0.0873087	1.843984	1.763029
12378	-3935.632	-4196.653	261.0214	0.9012046	0.425804	0.210618	0.332611	0.0309663	1.787299	2.171272
12384	-3942.997	-4203.859	260.8623	1.081255	0.440623	0.0535597	0.421539	0.0842784	1.765932	2.171272
12390	-3938.411	-4199.436	261.0252	0.9839602	0.343633	0.26189	0.32875	0.065727	1.719383	2.158283
12396	-3943.563	-4204.693	261.1301	0.7824793	0.412473	0.114024	0.394609	0.0788942	1.72457	2.221401
12402	-3940.853	-4201.97	261.1171	0.9368892	0.422002	0.320033	0.177248	0.0807168	1.743702	2.113521
12408	-3943.176	-4204.434	261.2579	0.6815643	0.232513	0.385829	0.307944	0.0737134	1.745431	2.194197
12414	-3942.965	-4203.604	260.6392	0.9420184	0.286308	0.331224	0.227522	0.154946	1.789571	2.387963
12420	-3944.463	-4205.868	261.4047	0.9214986	0.275448	0.31866	0.332565	0.0733266	1.947447	1.79358
12426	-3939.505	-4201.034	261.5287	0.9007999	0.452003	0.183575	0.280111	0.0843109	1.963065	1.710713
12432	-3950.984	-4212.686	261.7025	0.9881517	0.475552	0.116103	0.356605	0.05174	2.014904	1.481719
12438	-3943.127	-4205.046	261.9191	0.7352622	0.49291	0.23039	0.223071	0.0536286	2.081511	1.46526
12444	-3942.541	-4204.513	261.9729	0.7352622	0.437025	0.234555	0.322297	0.00612337	2.021858	1.469701
12450	-3960.588	-4222.529	261.9407	0.8007363	0.350753	0.217755	0.357394	0.0740984	2.076506	1.399532
12456	-3952.907	-4214.788	261.8812	0.8623966	0.430223	0.267092	0.211799	0.0908869	2.071804	1.399532
12462	-3960.735	-4222.485	261.7496	1.042838	0.334596	0.311732	0.208782	0.14489	2.020733	1.399532
12468	-3951.946	-4213.791	261.8449	0.8194213	0.263084	0.405219	0.143355	0.188342	2.020733	1.500319
12474	-3951.972	-4213.622	261.6497	0.9424438	0.244115	0.395058	0.228336	0.132491	1.909966	1.631935
12480	-3948.58	-4210.028	261.4485	0.7612059	0.244105	0.486206	0.237623	0.0320656	1.813322	1.968588
12486	-3946.331	-4207.58	261.2495	0.8272385	0.241646	0.481309	0.219347	0.0576981	1.813322	2.054944
12492	-3944.639	-4206.125	261.4853	0.8028307	0.273349	0.417633	0.217932	0.0910859	1.723666	1.974687
12498	-3955.033	-4216.366	261.3334	0.4371568	0.157575	0.602473	0.183885	0.0560662	1.67452	2.351089
12504	-3967.508	-4228.653	261.1443	0.5513703	0.192625	0.363127	0.34541	0.098839	1.643361	2.419309
12510	-3948.342	-4209.65	261.3082	0.78597	0.180836	0.466499	0.274202	0.0784629	1.665725	2.141607
12516	-3948.385	-4209.222	260.8367	0.881699	0.525443	0.188323	0.200511	0.0857235	1.737903	2.334627
12522	-3938.551	-4199.791	261.2405	0.8754028	0.339374	0.339385	0.250656	0.0705847	1.770809	2.055956
12528	-3946.743	-4208.618	261.8749	0.6236365	0.203044	0.558885	0.197582	0.0404884	1.804628	1.782962
12534	-3961.684	-4223.467	261.7826	0.5804824	0.255158	0.485061	0.171483	0.0882977	1.809822	1.874128
12540	-3952.127	-4213.615	261.4881	0.6475774	0.285432	0.444476	0.249996	0.0200964	1.742568	2.069242
12546	-3942.585	-4204.003	261.4186	0.7180817	0.321498	0.374281	0.281585	0.0226357	1.838473	2.002205
12552	-3952.428	-4214.616	262.1881	0.4662163	0.319271	0.371689	0.261236	0.0478043	1.875567	1.624852
12558	-3957.355	-4219.118	261.7624	0.6946184	0.26792	0.378647	0.219219	0.134214	1.881192	1.755675
12564	-3951.959	-4213.585	261.6262	0.9022715	0.439525	0.178095	0.267463	0.114916	1.965219	1.638655
12570	-3960.603	-4222.55	261.9474	0.7585382	0.298911	0.480667	0.180138	0.0402832	1.890213	1.568511
12576	-3954.132	-4216.232	262.0997	0.8405217	0.287817	0.23559	0.437805	0.038788	1.978133	1.318711
12582	-3945.549	-4206.793	261.2437	0.7449042	0.210056	0.402504	0.282379	0.105061	1.755621	2.153304
12588	-3953.512	-4214.962	261.4506	0.8656296	0.204366	0.367233	0.332547	0.0958542	1.805039	1.899146
12594	-3941.581	-4203.897	262.3158	0.6534391	0.300369	0.361214	0.184012	0.154405	2.062028	1.234096
12600	-3942.337	-4204.494	262.157	0.7339874	0.468919	0.19816	0.248216	0.0847053	2.117654	1.249124
12606	-3944.994	-4207.453	262.4582	0.5973013	0.317558	0.282994	0.38963	0.0098177	2.199748	1.036289
12612	-3953.272	-4214.614	261.3417	0.6804333	0.347244	0.347671	0.303917	0.00116802	1.739594	2.144315
12618	-3964.713	-4226.187	261.474	0.5042071	0.330521	0.374084	0.294515	0.000880804	1.698647	2.204189
12624	-3946.427	-4208.033	261.6063	0.6282063	0.254592	0.306839	0.437689	0.000880425	1.78174	1.978326
12630	-3941.861	-4203.452	261.5912	0.6282063	0.198559	0.459605	0.34136	0.000475695	1.796829	1.978326
12636	-3934.933	-4196.821	261.8876	0.6774839	0.285568	0.400392	0.311005	0.00303518	1.847712	1.703936
12642	-3953.953	-4216.155	262.202	0.6610294	0.378305	0.31965	0.263128	0.0389162	1.934637	1.421288
12648	-3948.299	-4210.676	262.3769	0.5945925	0.288617	0.474504	0.17911	0.057769	1.986462	1.297398
12654	-3956.045	-4218.357	262.3118	0.7117063	0.373366	0.340131	0.228448	0.0580552	2.090064	1.160493
12660	-3946.027	-4208.354	262.3271	0.6085975	0.384116	0.259371	0.290862	0.065651	2.123691	1.212424
12666	-3959.621	-4221.878	262.2574	0.7379814	0.352055	0.383277	0.208555	0.0561139	2.123691	1.15432
12672	-3962.119	-4224.116	261.9968	1.03693	0.353545	0.286589	0.325025	0.034841	2.00934	1.21304
12678	-3957.042	-4219.201	262.1594	0.6851833	0.354132	0.290076	0.316192	0.0396003	2.061346	1.335186
12684	-3947.433	-4209.672	262.2391	0.7134034	0.44151	0.186754	0.322365	0.0493713	2.077757	1.232018
12690	-3934.984	-4196.884	261.9003	0.5973294	0.389469	0.284972	0.2746	0.0509591	1.933844	1.693917
12696	-3951.051	-4212.514	261.4629	0.9049771	0.433608	0.204943	0.304715	0.0567344	1.855753	1.828438
12702	-3944.583	-4206.418	261.8348	0.7258145	0.291232	0.406515	0.269491	0.0327614	1.867415	1.691135
12708	-3942.322	-4204.181	261.8596	0.7206947	0.387293	0.290744	0.258828	0.0631356	1.878799	1.669213
12714	-3932.795	-4194.63	261.8348	0.6591251	0.29871	0.424658	0.229219	0.047413	1.848699	1.754101
12720	-3946.681	-4208.849	262.1678	0.4255492	0.387424	0.392209	0.211704	0.00866261	1.834845	1.695568
12726	-3954.178	-4216.092	261.9136	0.6555418	0.434984	0.36305	0.183515	0.0184502	1.986317	1.602582
12732	-3970.811	-4232.597	261.7859	1.048064	0.522287	0.0938777	0.285309	0.0985266	1.984593	1.395378
12738	-3951.288	-4213.639	262.3503	0.7786487	0.314554	0.332937	0.267426	0.085083	2.111384	1.040847
12744	-3961.523	-4221.853	260.3298	1.29762	0.506248	0.199	0.239467	0.055285	1.548269	2.518061
12750	-3968.527	-4229.257	260.7296	0.9186135	0.486024	0.184571	0.222104	0.107301	1.548606	2.497625
12756	-3951.899	-4212.969	261.0709	0.7974638	0.466559	0.174708	0.25573	0.103003	1.635699	2.306316
12762	-3943.229	-4204.627	261.398	0.8281446	0.383181	0.322195	0.210029	0.0845958	1.721457	2.016751
12768	-3937.165	-4198.989	261.824	0.529166	0.279497	0.407401	0.24786	0.0652423	1.772739	1.907196
12774	-3941.817	-4203.398	261.5814	0.6593833	0.444001	0.276808	0.234862	0.0443288	1.759314	1.987912
12780	-3943.238	-4204.779	261.5412	0.7861737	0.311121	0.342963	0.290992	0.054923	1.803928	1.894661
12786	-3950.088	-4211.753	261.6651	0.6648095	0.439379	0.154182	0.353663	0.0527759	1.777719	1.915423
12792	-3953.246	-4214.809	261.563	0.6217319	0.290679	0.296096	0.30639	0.106835	1.664191	2.089463
12798	-3957.355	-4218.971	261.616	0.4485246	0.295471	0.419864	0.211068	0.0735975	1.650939	2.178102
12804	-3958.057	-4220.459	262.4022	0.661109	0.373072	0.177142	0.350839	0.0989467	2.145159	1.077354
12810	-3967.609	-4229.197	261.5878	0.7158844	0.326178	0.231507	0.386618	0.0556961	1.778952	1.93026
12816	-3956.372	-4217.693	261.3207	0.9421975	0.418595	0.276001	0.239003	0.0664006	1.726476	1.986686
12822	-3947.878	-4209.413	261.5352	0.7823023	0.350832	0.274568	0.255764	0.118835	1.725631	1.954374
12828	-3966.694	-4228.164	261.4697	0.8125072	0.40264	0.168561	0.331941	0.0968584	1.759473	1.954374
12834	-3948.154	-4209.903	261.7489	0.7310727	0.345788	0.285958	0.285072	0.0831823	1.753698	1.826714
12840	-3961.217	-4223.184	261.9672	0.5998516	0.243087	0.363461	0.35006	0.0433919	1.74083	1.780574
12846	-3960.199	-4222.369	262.1703	0.6025252	0.328136	0.406499	0.228923	0.0364428	1.785598	1.602601
12852	-3954.716	-4216.535	261.8186	0.7365235	0.268385	0.532823	0.151024	0.0477678	1.785598	1.752192
12858	-3948.154	-4209.826	261.6719	0.7616737	0.348775	0.3124	0.312136	0.026689	1.849297	1.791524
12864	-3950.225	-4212.128	261.9034	0.6694008	0.472071	0.236393	0.278047	0.0134897	1.905411	1.657727
12870	-3948.495	-4209.147	260.6527	0.9408066	0.518936	0.133008	0.312059	0.0359963	1.667845	2.456947
12876	-3953.663	-4214.184	260.5205	1.199165	0.589767	0.12473	0.239302	0.0462009	1.626116	2.406994
12882	-3971.111	-4231.883	260.7711	0.9451392	0.579372	0.1911	0.158743	0.0707847	1.661333	2.383627
12888	-3960.025	-4220.935	260.91	0.9451392	0.489194	0.213794	0.232426	0.0645858	1.791414	2.211717
12894	-3957.006	-4218.42	261.4136	0.8560989	0.28559	0.310026	0.337046	0.0673375	1.676444	2.017026
12900	-3956.564	-4217.873	261.3091	0.8017016	0.285382	0.240711	0.190838	0.28307	1.695449	2.110846
12906	-3958.463	-4219.4	260.9365	0.8017016	0.313738	0.425037	0.13699	0.124235	1.671078	2.366491
12912	-3957.008	-4218.973	261.9642	0.857319	0.180042	0.477831	0.247317	0.09481	1.95287	1.43138
12918	-3946.477	-4208.917	262.4403	0.3999456	0.262172	0.406162	0.251076	0.0805898	2.021201	1.371041
12924	-3956.911	-4219.11	262.1994	0.7189859	0.404673	0.256992	0.292122	0.0462125	2.056733	1.277512
12930	-3951.53	-4213.773	262.2423	0.7189859	0.361886	0.22982	0.379499	0.0287955	2.056733	1.241994
12936	-3960.191	-4222.305	262.1142	0.7252465	0.42683	0.276256	0.126327	0.170587	2.056733	1.341095
12942	-3944.297	-4206.414	262.1169	0.8027575	0.447803	0.286913	0.156352	0.108933	1.972383	1.341095
12948	-3953.024	-4214.995	261.9715	0.7752061	0.486569	0.174459	0.273835	0.0651379	1.908234	1.524404
12954	-3945.046	-4206.968	261.9215	0.7804712	0.441008	0.192288	0.289636	0.0770678	1.952734	1.524404
12960	-3947.892	-4209.818	261.9255	0.7804712	0.258293	0.360409	0.301163	0.0801351	1.948685	1.524404
12966	-3940.09	-4202.066	261.9763	0.7264717	0.368862	0.418888	0.191227	0.0210224	2.029043	1.468729
12972	-3952.054	-4214.057	262.0035	0.7133475	0.144761	0.497539	0.318216	0.0394838	2.015702	1.468729
12978	-3955.743	-4217.672	261.929	0.8089045	0.372596	0.296778	0.224228	0.106398	1.952647	1.49656
12984	-3948.223	-4210.041	261.8177	0.6716898	0.300962	0.23972	0.34668	0.112637	1.948863	1.686159
12990	-3958.494	-4220.272	261.7783	0.7870303	0.315386	0.265265	0.279037	0.140311	1.839337	1.705348
12996	-3961.245	-4222.789	261.5437	1.003328	0.52067	0.0862605	0.336198	0.0568718	1.740503	1.783424
13002	-3951.16	-4212.81	261.6492	0.8220947	0.313877	0.252026	0.308176	0.125921	1.874046	1.745953
13008	-3951.888	-4213.619	261.7309	0.7173794	0.381162	0.306052	0.24502	0.0677667	1.827843	1.797926
13014	-3951.002	-4212.649	261.6468	0.7620276	0.252145	0.427466	0.169633	0.150756	1.86483	1.797926
13020	-3949.576	-4211.339	261.7632	0.6491432	0.299592	0.282629	0.378067	0.0397123	1.920033	1.761604
13026	-3948.935	-4210.602	261.6664	0.6827165	0.236451	0.45345	0.252279	0.0578198	1.860722	1.845015
13032	-3947.029	-4207.993	260.9642	0.9645492	0.501729	0.19342	0.245596	0.0592541	1.639697	2.261835
13038	-3963.756	-4224.733	260.9766	1.11966	0.325655	0.345715	0.281087	0.0475428	1.70743	2.110513
13044	-3931.738	-4193.814	262.0753	0.6702767	0.354634	0.324231	0.291829	0.0293059	2.035568	1.433615
13050	-3938.909	-4200.796	261.8869	0.7244433	0.390841	0.318323	0.251346	0.0394899	2.024304	1.540825
13056	-3944.889	-4206.897	262.0073	0.728775	0.438434	0.16	0.388822	0.0127445	2.019908	1.450206
13062	-3946.664	-4208.824	262.1601	0.6520233	0.409796	0.166356	0.404268	0.01958	2.078561	1.348961
13068	-3931.928	-4194.255	262.3272	0.5750578	0.23748	0.315826	0.414421	0.0322729	2.051374	1.30162
13074	-3954.204	-4216.088	261.8836	0.7806728	0.224571	0.513819	0.231091	0.0305187	1.952311	1.552612
13080	-3956.292	-4218.394	262.1021	0.7806728	0.250352	0.489985	0.237486	0.022177	2.032916	1.323033
13086	-3954.003	-4216.109	262.1056	0.7454411	0.176304	0.494223	0.295749	0.033724	2.032916	1.349936
13092	-3952.882	-4214.978	262.0954	0.7260972	0.216012	0.38826	0.371681	0.0240476	2.032916	1.374156
13098	-3952.047	-4214.356	262.3098	0.5311775	0.319764	0.394004	0.261829	0.0244033	1.977009	1.410223
13104	-3952.64	-4214.745	262.1046	0.6855665	0.293231	0.36131	0.315708	0.0297512	2.014124	1.415091
13110	-3940.01	-4202.149	262.1392	0.715117	0.264682	0.396828	0.292344	0.0461454	1.941897	1.419922
13116	-3939.609	-4201.457	261.8474	0.7433104	0.283431	0.424938	0.269392	0.0222399	1.976569	1.590253
13122	-3946.799	-4208.943	262.1446	0.7029665	0.271879	0.335063	0.345845	0.0472129	1.971734	1.402651
13128	-3928.916	-4190.827	261.9104	0.8208957	0.413787	0.272268	0.275581	0.0383646	2.125236	1.368597
13134	-3938.661	-4200.73	262.0692	0.7708801	0.351188	0.224237	0.33472	0.0898551	2.107767	1.297508
13140	-3959.41	-4220.631	261.2214	1.099874	0.461087	0.214805	0.214079	0.110028	1.774879	1.915544
13146	-3964.81	-4226.374	261.5642	0.7342678	0.385917	0.273713	0.248279	0.0920906	1.832673	1.896688
13152	-3954.972	-4217.334	262.3618	0.3808149	0.325248	0.291802	0.342625	0.0403246	2.106987	1.377567
13158	-3942.292	-4204.741	262.4485	0.5464249	0.370907	0.332766	0.254851	0.0414765	2.147343	1.142698
13164	-3945.808	-4208.224	262.4153	0.4503519	0.357206	0.287613	0.308811	0.0463697	2.129396	1.267811
13170	-3955.384	-4217.678	262.2946	0.6036015	0.28442	0.372366	0.298854	0.0443603	2.085078	1.276279
13176	-3947.371	-4209.566	262.1947	0.6982925	0.368231	0.359541	0.240405	0.0318224	2.084871	1.276279
13182	-3950.376	-4212.63	262.2538	0.7063499	0.212229	0.448323	0.299768	0.0396803	1.99423	1.295154
13188	-3936.41	-4198.605	262.1943	0.6997407	0.274466	0.352399	0.329019	0.0441151	2.021475	1.326849
13194	-3939.988	-4202.163	262.1746	0.7584515	0.303156	0.272422	0.374242	0.0501787	2.082544	1.24216
13200	-3934.541	-4196.523	261.9822	0.8914374	0.413889	0.198933	0.341403	0.0457756	2.050231	1.312865
13206	-3939.872	-4201.608	261.7356	0.9771073	0.24215	0.259235	0.438964	0.0596514	2.077319	1.417286
13212	-3944.292	-4206.55	262.2574	0.5170222	0.198471	0.417669	0.359784	0.0240763	2.01497	1.432438
13218	-3961.712	-4223.909	262.1977	0.6881962	0.273015	0.366823	0.315985	0.044178	2.01497	1.33914
13224	-3957.186	-4219.536	262.3496	0.6623881	0.323785	0.314622	0.299843	0.0617498	1.992398	1.256179
13230	-3953.283	-4215.49	262.2068	0.7723725	0.346452	0.239734	0.325302	0.088513	2.060925	1.220918
13236	-3957.094	-4219.368	262.2735	0.8008001	0.303897	0.47379	0.154982	0.0673309	2.162238	1.0434
13242	-3938.656	-4200.77	262.1139	0.7096502	0.430056	0.29323	0.249232	0.0274822	1.897828	1.477372
13248	-3931.036	-4192.844	261.8076	0.7258642	0.228828	0.469398	0.226578	0.075197	1.931755	1.664594
13254	-3928.261	-4189.954	261.6929	0.8028223	0.523451	0.285662	0.137889	0.0529979	1.874509	1.729067
13260	-3932.155	-4193.981	261.826	0.7841446	0.516845	0.355679	0.111656	0.0158192	1.769284	1.723262
13266	-3937.493	-4199.423	261.9302	0.7817989	0.359144	0.159058	0.46109	0.0207079	1.87659	1.573125
13272	-3933.3	-4195.287	261.9875	0.6599025	0.276671	0.141282	0.576248	0.0057997	1.940905	1.578496
13278	-3938.619	-4200.779	262.1594	0.6665543	0.338921	0.275063	0.383536	0.00248039	1.837141	1.522975
13284	-3943.887	-4205.887	262	0.6846135	0.338921	0.275063	0.383536	0.00248039	1.903749	1.577373
13290	-3931.851	-4193.881	262.0301	0.8253541	0.335468	0.272261	0.379628	0.0126427	1.899801	1.446962
13296	-3924.622	-4186.952	262.3296	0.6274264	0.273999	0.284947	0.417602	0.0234527	1.99044	1.304469
13302	-3923.716	-4185.781	262.0649	0.6712806	0.474272	0.113154	0.408531	0.00404246	1.911546	1.534153
13308	-3934.115	-4195.851	261.7356	0.8821206	0.381143	0.219452	0.38467	0.0147347	1.955639	1.58126
13314	-3940.247	-4202.212	261.9645	0.5516363	0.337555	0.194355	0.442474	0.0256156	1.884739	1.716835
13320	-3930.162	-4192.027	261.8645	0.7182244	0.276731	0.410287	0.291982	0.021	1.883285	1.664366
13326	-3946.978	-4209.126	262.1487	0.6436623	0.403149	0.244961	0.287275	0.0646154	1.88279	1.514984
13332	-3940.529	-4202.512	261.9837	0.7190852	0.332255	0.201885	0.41142	0.0544402	1.909897	1.557971
13338	-3947.388	-4209.461	262.0729	0.6226999	0.25396	0.316673	0.358562	0.0708055	1.936494	1.547811
13344	-3942.44	-4204.047	261.6068	0.6969901	0.326487	0.316876	0.295835	0.0608022	1.814562	1.906831
13350	-3944.515	-4205.904	261.3895	1.078291	0.528017	0.156659	0.261565	0.0537587	1.882025	1.740516
13356	-3959.03	-4220.414	261.3841	1.022662	0.456653	0.297587	0.146055	0.0997043	1.800045	1.839201
13362	-3947.226	-4208.891	261.6654	0.8368587	0.327523	0.121045	0.537331	0.0141017	1.910702	1.697805
13368	-3944.97	-4206.718	261.7479	0.8268204	0.409138	0.298034	0.286346	0.00648195	1.833495	1.701499
13374	-3944.998	-4206.752	261.754	0.6965672	0.219965	0.394316	0.371736	0.0139831	1.838047	1.790125
13380	-3945.711	-4207.813	262.1016	0.5967869	0.143934	0.524336	0.311923	0.0198074	1.93817	1.545501
13386	-3944.34	-4205.881	261.5415	1.04476	0.440827	0.225055	0.251329	0.0827897	1.897402	1.645086
13392	-3936.231	-4197.906	261.6747	0.8509711	0.438043	0.223634	0.256057	0.0822669	1.906022	1.684105
13398	-3938.463	-4200.229	261.7662	0.8564429	0.384195	0.316421	0.246179	0.0532055	1.873968	1.63752
13404	-3949.452	-4211.371	261.919	0.736132	0.311299	0.335812	0.306857	0.0460318	1.883136	1.611606
13410	-3942.313	-4204.432	262.1185	0.5033769	0.262076	0.291997	0.381681	0.0642462	1.856867	1.662103
13416	-3951.806	-4214.029	262.2236	0.4585827	0.364574	0.404345	0.164302	0.066779	1.803315	1.656547
13422	-3952.815	-4214.363	261.5486	0.8315972	0.36972	0.376983	0.143849	0.109448	1.767509	1.882057
13428	-3951.099	-4212.827	261.7278	0.5806796	0.328118	0.344603	0.232913	0.0943669	1.795249	1.92106
13434	-3971.785	-4233.381	261.5961	0.8884871	0.360829	0.378957	0.156439	0.103775	1.846026	1.754535
13440	-3954.349	-4215.888	261.5392	1.034214	0.321828	0.295507	0.310198	0.0724669	1.856419	1.68353
13446	-3972.712	-4234.556	261.8437	0.7516062	0.41465	0.151034	0.399666	0.0346504	1.861426	1.669645
13452	-3974.682	-4236.335	261.6522	0.9254995	0.357564	0.300201	0.251638	0.0905965	1.981494	1.590793
13458	-3958.565	-4220.345	261.7807	0.9099262	0.263002	0.435772	0.179266	0.12196	1.934465	1.542636
13464	-3966.814	-4228.788	261.9743	0.867188	0.329059	0.361836	0.222227	0.0868781	1.948753	1.418869
13470	-3951.694	-4213.467	261.7726	0.811768	0.381397	0.286588	0.257574	0.0744416	1.846746	1.685722
13476	-3966.831	-4227.596	260.7651	1.273247	0.628111	0.0313251	0.311125	0.029439	1.746183	2.128662
13482	-3963.866	-4226.078	262.2117	0.5395421	0.295197	0.271256	0.371931	0.0616155	1.901214	1.535406
13488	-3948.779	-4210.47	261.6906	0.9401431	0.304245	0.108689	0.555947	0.0311187	1.878057	1.627176
13494	-3951.811	-4213.48	261.6694	1.0389	0.49137	0.175538	0.274475	0.0586162	1.968013	1.503838
13500	-3958.536	-4220.087	261.5514	0.969314	0.424684	0.236737	0.211251	0.127328	1.850648	1.724885
13506	-3950.502	-4212.051	261.5492	0.9362987	0.432792	0.108774	0.333081	0.125352	1.886202	1.724885
13512	-3961.076	-4222.987	261.9115	0.7148297	0.486451	0.122261	0.374378	0.0169103	1.959449	1.577941
13518	-3961.281	-4222.767	261.4862	1.151082	0.539258	0.0749573	0.342684	0.0431009	1.941955	1.577941
13524	-3962.085	-4223.708	261.6236	1.036669	0.544546	0.189188	0.206047	0.0602182	1.947062	1.555087
13530	-3947.363	-4209.246	261.8827	0.7479403	0.444423	0.189554	0.320011	0.0460124	2.009095	1.53677
13536	-3933.944	-4195.901	261.9573	0.7628983	0.402914	0.25566	0.290122	0.0513039	2.060182	1.430103
13542	-3946.589	-4208.629	262.0404	0.6907476	0.236011	0.192618	0.530562	0.0408094	2.086476	1.404492
13548	-3951.828	-4213.985	262.157	0.6907476	0.421873	0.212422	0.364127	0.00157745	2.063636	1.330558
13554	-3937.327	-4199.202	261.8748	0.6417548	0.414786	0.198645	0.353325	0.0332433	1.984693	1.642343
13560	-3935.582	-4197.157	261.5751	0.8589109	0.340368	0.320151	0.304663	0.034819	1.835527	1.797696
13566	-3944.559	-4205.848	261.2886	0.8097772	0.340939	0.283269	0.260373	0.115419	1.791556	2.055525
13572	-3948.542	-4210.46	261.9184	0.6386136	0.548333	0.134303	0.247164	0.0701997	1.850844	1.709065
13578	-3952.69	-4214.341	261.6512	0.9449718	0.417405	0.193118	0.363452	0.0260258	1.873796	1.655021
13584	-3948.13	-4209.928	261.7973	0.7020044	0.452169	0.174324	0.36174	0.0117661	1.899199	1.71299
13590	-3947.501	-4209.326	261.8252	0.6508589	0.344847	0.325851	0.287552	0.0417506	1.876149	1.747734
13596	-3941.836	-4203.72	261.8836	0.7724484	0.379937	0.270524	0.338631	0.0109078	1.958952	1.554125
13602	-3946.624	-4208.505	261.8808	0.673283	0.300161	0.180728	0.47238	0.0467312	1.864613	1.699952
13608	-3957.477	-4219.087	261.6092	0.8263083	0.360842	0.313234	0.25663	0.0692933	1.872001	1.772188
13614	-3966.926	-4227.761	260.8348	0.9964576	0.45236	0.139056	0.321717	0.0868676	1.853671	2.186646
13620	-3945.552	-4206.352	260.8002	1.055883	0.617985	0.040383	0.272564	0.0690674	1.74251	2.242679
13626	-3937.446	-4198.484	261.0381	0.9022	0.447417	0.0570456	0.449348	0.0461902	1.785767	2.160704
13632	-3941.243	-4202.522	261.2786	0.7664905	0.418714	0.0758897	0.401248	0.104148	1.751964	2.118021
13638	-3948.808	-4209.713	260.905	0.7664905	0.418852	0.0755861	0.40138	0.104182	1.684469	2.401343
13644	-3952.33	-4213.493	261.1627	0.898232	0.513957	0.128837	0.283596	0.0736102	1.749214	2.1059
13650	-3946.518	-4207.239	260.7207	0.8865466	0.460646	0.219199	0.25418	0.0659749	1.609676	2.48554
13656	-3949.991	-4210.75	260.7594	0.8227926	0.441524	0.2101	0.323815	0.0245613	1.598073	2.50993
13662	-3949.318	-4210.219	260.9016	0.7959121	0.381795	0.181678	0.415289	0.0212387	1.720967	2.360834
13668	-3949.526	-4210.611	261.0843	0.8003409	0.441755	0.240747	0.297366	0.0201318	1.794751	2.193513
13674	-3953.535	-4214.869	261.334	0.7766224	0.371039	0.303597	0.287621	0.0377434	1.800079	2.042836
13680	-3945.014	-4206.523	261.5096	0.8287779	0.362879	0.183937	0.399955	0.053229	1.836843	1.8634
13686	-3936.555	-4197.973	261.4184	0.9103386	0.416646	0.222153	0.318776	0.0424251	1.84378	1.8634
13692	-3974.792	-4235.759	260.9677	0.9379488	0.376445	0.126699	0.376763	0.120093	1.759221	2.199968
13698	-3975.757	-4236.883	261.1255	0.7730218	0.398249	0.251926	0.237768	0.112057	1.664522	2.26939
13704	-3969.213	-4230.498	261.2848	0.8691693	0.392081	0.148315	0.312382	0.147222	1.793656	2.015704
13710	-3979.053	-4240.483	261.4292	0.9438686	0.443297	0.267007	0.145248	0.144449	1.874419	1.811446
13716	-3994.101	-4255.644	261.5428	0.8206638	0.425989	0.213557	0.116644	0.24381	1.790288	1.878257
13722	-3945.617	-4207.396	261.7792	0.7547633	0.434941	0.23607	0.29643	0.0325589	1.94869	1.650953
13728	-3957.594	-4219.449	261.8554	0.8116387	0.444798	0.114086	0.42015	0.020966	1.906329	1.583201
13734	-3951.834	-4213.868	262.0341	0.7286657	0.315432	0.253285	0.405117	0.0261658	2.021261	1.42877
13740	-3944.713	-4206.932	262.2195	0.7286657	0.284035	0.327609	0.364794	0.0235614	2.132307	1.188437
13746	-3955.041	-4217.363	262.322	0.7286657	0.288818	0.347671	0.335586	0.0279246	2.089463	1.13612
13752	-3951.026	-4212.936	261.9103	0.754045	0.297345	0.39875	0.182833	0.121072	1.932663	1.568049
13758	-3947.654	-4209.269	261.6154	0.754045	0.371788	0.319479	0.276957	0.031776	1.83603	1.845216
13764	-3950.431	-4212.477	262.046	0.4432274	0.280298	0.399345	0.296909	0.023448	1.791444	1.800012
13770	-3968.792	-4230.694	261.9022	0.575403	0.262772	0.397855	0.247583	0.09179	1.803434	1.800012
13776	-3964.307	-4226.589	262.282	0.47474	0.231466	0.45816	0.2056	0.104774	2.014813	1.445789
13782	-3970.38	-4231.89	261.5101	0.7687299	0.245369	0.485678	0.181639	0.0873131	1.900093	1.862835
13788	-3955.22	-4216.825	261.6042	0.691113	0.208236	0.412179	0.3657	0.0138844	1.888069	1.862835
13794	-3952.267	-4214.037	261.7702	0.5305807	0.168548	0.419414	0.39791	0.0141281	1.931337	1.834721
13800	-3957	-4219.047	262.0462	0.6652555	0.267035	0.346282	0.369931	0.016752	1.998798	1.487734
13806	-3959.314	-4221.502	262.188	0.6652555	0.290051	0.260243	0.374618	0.075088	2.050079	1.338224
13812	-3950.838	-4213.047	262.2084	0.644244	0.421371	0.190578	0.268658	0.119393	2.022104	1.361929
13818	-3953.546	-4215.749	262.2024	0.644244	0.310841	0.222119	0.442414	0.0246254	2.022104	1.366626
13824	-3952.797	-4215.098	262.301	0.5930819	0.319444	0.176779	0.454658	0.0491194	1.977447	1.366626
13830	-3957.775	-4220.142	262.367	0.6406117	0.296267	0.264858	0.380283	0.0585924	1.951145	1.29475
13836	-3947.646	-4209.706	262.0591	0.7854343	0.31742	0.283768	0.265461	0.133351	2.002391	1.377508
13842	-3953.522	-4215.596	262.0746	0.796749	0.347178	0.310371	0.26483	0.0776208	2.048759	1.318866
13848	-3946.29	-4208.798	262.5086	0.4619636	0.293519	0.286805	0.327145	0.0925308	2.098299	1.206397
13854	-3938.541	-4200.846	262.3052	0.6465078	0.442727	0.195869	0.304607	0.056797	2.14552	1.178172
13860	-3939.091	-4201.273	262.1822	0.8031123	0.368712	0.304016	0.221775	0.105497	2.171025	1.117939
13866	-3931.903	-4194.178	262.2752	0.7695895	0.3207	0.297044	0.330211	0.0520445	2.08888	1.139796
13872	-3940.639	-4202.821	262.1823	0.7368869	0.428508	0.286407	0.277952	0.00713298	2.158543	1.190402
13878	-3937.362	-4199.651	262.2893	0.7468603	0.346665	0.231705	0.399101	0.0225288	2.158543	1.085504
13884	-3945.013	-4207.105	262.0918	1.074378	0.387113	0.0915287	0.449601	0.0717568	2.161656	0.9472924
13890	-3953.559	-4215.867	262.3077	0.6945725	0.337173	0.130379	0.3916	0.140849	2.087274	1.182366
13896	-3953.712	-4215.441	261.7289	0.9657125	0.31179	0.356743	0.265305	0.0661616	2.013885	1.47963
13902	-3944.772	-4207.168	262.396	0.64427	0.31179	0.356743	0.265305	0.0661616	2.128642	1.114659
13908	-3948.932	-4211.209	262.2774	0.6475696	0.303779	0.347576	0.284183	0.0644616	2.056788	1.275539
13914	-3956.898	-4219.077	262.1791	0.7914887	0.358222	0.283532	0.292009	0.0662367	2.032453	1.251174
13920	-3947.527	-4210.027	262.4994	0.5828317	0.303185	0.24116	0.399317	0.056338	2.069522	1.133015
13926	-3949.931	-4212.104	262.1724	0.6555127	0.290246	0.212146	0.370909	0.126699	2.111242	1.309908
13932	-3953.541	-4215.859	262.3183	0.7045687	0.310901	0.315879	0.278192	0.0950277	2.083295	1.167302
13938	-3958.289	-4219.812	261.5229	1.387297	0.419105	0.220129	0.272222	0.0885443	1.990423	1.347123
13944	-3963.274	-4225.19	261.9152	0.7474002	0.484134	0.18676	0.248332	0.0807737	1.990423	1.526964
13950	-3966.374	-4228.548	262.1741	0.8110278	0.520971	0.273708	0.118401	0.0869197	2.054273	1.219846
13956	-3958.386	-4220.415	262.0287	0.9491586	0.450848	0.195716	0.334138	0.0192985	2.097738	1.185251
13962	-3964.674	-4226.715	262.0413	1.081107	0.498234	0.169219	0.289595	0.0429519	2.089657	1.062735
13968	-3954.496	-4216.617	262.1208	1.017215	0.389258	0.271549	0.310716	0.0284777	2.188503	0.9478874
13974	-3948.164	-4210.206	262.0418	0.9834649	0.287694	0.325228	0.352366	0.0347127	2.129404	1.114983
13980	-3949.584	-4211.775	262.1908	0.8583062	0.258327	0.394107	0.316397	0.0311693	2.141279	1.084663
13986	-3957.98	-4220.237	262.2568	0.7825267	0.369057	0.217312	0.309514	0.104118	2.080997	1.151081
13992	-3956.029	-4218.299	262.2699	0.9085891	0.44647	0.261016	0.202732	0.0897821	1.986478	1.106633
13998	-3941.738	-4203.859	262.1205	1.018343	0.461034	0.162177	0.303775	0.0730138	2.163363	0.9732851
14004	-3957.14	-4219.139	261.9984	1.070401	0.383327	0.280208	0.244176	0.0922896	2.151916	1.054322
14010	-3939.303	-4201.322	262.0191	1.070401	0.406877	0.248859	0.259177	0.0850862	2.281088	0.9006294
14016	-3945.309	-4207.652	262.3425	0.7919885	0.401465	0.298943	0.182641	0.116952	2.31448	0.8120772
14022	-3949.173	-4211.207	262.0341	0.7003777	0.399301	0.325101	0.239857	0.0357411	1.980935	1.482266
14028	-3962.951	-4224.932	261.9809	0.8338675	0.332888	0.290768	0.344377	0.0319666	2.003624	1.398071
14034	-3956.425	-4218.583	262.1577	0.8757976	0.304196	0.352167	0.315166	0.0284712	2.296943	0.9458432
14040	-3944.309	-4206.557	262.2484	0.8109193	0.177059	0.240231	0.565485	0.0172254	2.296943	0.9207864
14046	-3953.139	-4215.561	262.4219	0.6318335	0.186752	0.422454	0.386939	0.00385575	2.258955	0.9774254
14052	-3949.956	-4212.073	262.1167	0.9095094	0.193522	0.383384	0.413993	0.00910077	2.192237	1.056861
14058	-3949.291	-4211.519	262.2281	0.8223378	0.362526	0.235693	0.342915	0.0588653	2.160228	1.067047
14064	-3953.122	-4215.316	262.1943	0.8223378	0.477986	0.155125	0.246487	0.120402	2.14451	1.112789
14070	-3950.139	-4212.107	261.9686	0.9858057	0.39011	0.329466	0.208255	0.072169	2.15906	1.151882
14076	-3955.03	-4217.176	262.1463	0.7988363	0.484718	0.0835	0.25876	0.173022	2.07798	1.234097
14082	-3965.75	-4227.883	262.133	0.8555114	0.278287	0.269846	0.300952	0.150915	2.156036	1.126584
14088	-3974.074	-4236.205	262.1315	0.8523108	0.413752	0.202494	0.169004	0.21475	2.128433	1.155419
14094	-3971.959	-4232.512	260.5523	0.9668813	0.458703	0.114007	0.331432	0.0958588	1.593628	2.549532
14100	-3958.777	-4218.743	259.9656	1.388091	0.500125	0.170099	0.242298	0.0874787	1.58921	2.667651
14106	-3961.521	-4222.168	260.647	1.134435	0.594461	0.163735	0.169512	0.0722923	1.653186	2.348845
14112	-3968.021	-4228.275	260.254	1.704341	0.569065	0.135589	0.16227	0.133075	1.701135	2.247089
14118	-3974.739	-4235.306	260.5663	1.678789	0.564093	0.0529223	0.205794	0.17719	1.819056	1.97882
14124	-3950.742	-4211.933	261.1913	1.096203	0.504768	0.0566589	0.314983	0.12359	1.740978	1.961027
14130	-3958.691	-4219.678	260.9863	1.157222	0.477008	0.0447016	0.343508	0.134782	1.773838	2.036574
14136	-3971.676	-4232.654	260.9772	1.466109	0.596043	0.040493	0.311167	0.0522965	1.773838	1.852954
14142	-3965.671	-4226.314	260.6428	0.8803291	0.338467	0.368244	0.267651	0.0256385	1.655142	2.509797
14148	-3979.206	-4239.762	260.5551	0.8465902	0.357816	0.188232	0.445197	0.00875544	1.771569	2.51366
14154	-3963.406	-4223.923	260.5168	0.9427166	0.481148	0.204948	0.298765	0.0151384	1.613839	2.574203
14160	-3950.997	-4211.959	260.9623	0.5429151	0.294371	0.424627	0.226329	0.054673	1.613839	2.557109
14166	-3953.167	-4214.432	261.2653	0.4109041	0.214458	0.388483	0.357228	0.0398309	1.64057	2.430429
14172	-3963.98	-4224.715	260.7346	0.7161502	0.278266	0.208244	0.435825	0.0776651	1.654144	2.560368
14178	-3956.313	-4217.082	260.7694	0.9667326	0.349935	0.217513	0.334883	0.0976684	1.643283	2.382304
14184	-3955.998	-4215.623	259.6251	0.9667326	0.449602	0.110888	0.282712	0.156798	1.507999	3.163997
14190	-3946.534	-4206.975	260.4411	0.9667326	0.355864	0.236695	0.292398	0.115043	1.586716	2.622824
14196	-3959.509	-4219.794	260.2844	1.007111	0.509446	0.188542	0.216738	0.0852743	1.590296	2.692178
14202	-3957.734	-4218.275	260.5408	1.115881	0.353802	0.100874	0.39135	0.153975	1.571487	2.478619
14208	-3957.78	-4218.148	260.3682	1.234717	0.463891	0.189997	0.208175	0.137937	1.551736	2.528201
14214	-3949.361	-4209.526	260.1641	1.11034	0.497727	0.15866	0.263125	0.0804885	1.627254	2.680994
14220	-3940.528	-4201.182	260.6541	0.9496722	0.452166	0.0942169	0.42508	0.0285362	1.577153	2.507186
14226	-3948.272	-4208.868	260.5963	1.323534	0.553404	0.109381	0.157246	0.179969	1.753601	2.203606
14232	-3960.744	-4222.724	261.9802	0.9194068	0.245274	0.355043	0.322189	0.0774937	2.278903	1.094042
14238	-3947.152	-4209.513	262.361	0.7161072	0.294253	0.425941	0.197241	0.0825656	2.316212	0.8849344
14244	-3947.195	-4209.766	262.5708	0.5852946	0.323963	0.393812	0.242267	0.0399586	2.323298	0.7868086
14250	-3957.098	-4219.531	262.4323	0.7009751	0.383986	0.405449	0.122808	0.087756	2.323298	0.8086847
14256	-3953.279	-4215.631	262.3515	0.7513402	0.33494	0.353662	0.279102	0.032296	2.321597	0.8457497
14262	-3949.95	-4212.5	262.549	0.6214565	0.308107	0.334711	0.322291	0.034891	2.015899	1.099902
14268	-3963.563	-4226.041	262.4781	0.5740432	0.196856	0.461557	0.326068	0.0155193	2.058468	1.169698
14274	-3948.442	-4210.982	262.54	0.5634777	0.23776	0.489891	0.233201	0.039147	2.20405	0.9860874
14280	-3967.93	-4230.431	262.5016	0.5811486	0.17422	0.488957	0.324803	0.0120204	2.224093	0.9860874
14286	-3949.74	-4212.321	262.5818	0.5268117	0.357984	0.302753	0.295661	0.0436026	2.132099	1.052666
14292	-3949.191	-4211.735	262.5443	0.58671	0.302278	0.329022	0.321314	0.0473859	2.16811	0.9935611
14298	-3960.856	-4223.319	262.463	0.5818107	0.302278	0.329022	0.321314	0.0473859	2.138927	1.104146
14304	-3957.136	-4219.687	262.5509	0.5915692	0.431483	0.334346	0.220829	0.0133421	2.110451	1.038839
14310	-3945.157	-4207.642	262.4848	0.5198482	0.375278	0.290795	0.307369	0.0265581	1.997731	1.262957
14316	-3940.551	-4203.063	262.5113	0.5321151	0.3751	0.321429	0.281583	0.0218888	2.133345	1.112023
14322	-3950.327	-4212.559	262.2327	0.6065976	0.381474	0.219601	0.370152	0.0287737	2.092249	1.318272
14328	-3958.606	-4221.117	262.5106	0.5832536	0.257201	0.373298	0.334233	0.0352686	2.103034	1.091997
14334	-3957.792	-4220.102	262.3097	0.5596266	0.281228	0.287203	0.419998	0.0115716	1.951881	1.407045
14340	-3953.69	-4215.962	262.272	0.6474042	0.409784	0.276011	0.298934	0.015271	1.951881	1.364549
14346	-3947.899	-4210.164	262.2651	0.717427	0.319525	0.31822	0.344648	0.0176063	1.903013	1.34991
14352	-3955.802	-4217.891	262.0895	0.7765779	0.417412	0.297808	0.260333	0.0244468	2.016239	1.34991
14358	-3958.751	-4220.852	262.1009	0.7531985	0.372625	0.193682	0.415811	0.0178808	2.029458	1.34991
14364	-3960.645	-4222.596	261.951	0.7531985	0.37437	0.194589	0.417758	0.0132834	1.987593	1.497745
14370	-3966.283	-4228.606	262.3224	0.6072659	0.473839	0.247176	0.262112	0.0168731	2.046079	1.282338
14376	-3968.283	-4230.1	261.8172	0.7650319	0.391911	0.357948	0.233841	0.0162993	1.908604	1.644722
14382	-3953.522	-4215.09	261.5686	1.025107	0.339305	0.153781	0.419329	0.0875844	1.959958	1.59435
14388	-3980.624	-4242.334	261.7101	0.8677542	0.329034	0.33329	0.2849	0.0527766	1.942961	1.619798
14394	-3959.405	-4221.187	261.7818	0.713129	0.363111	0.26424	0.314407	0.0582425	1.877915	1.73065
14400	-3953.546	-4215.593	262.0469	0.710782	0.298878	0.281339	0.334752	0.0850304	1.811045	1.590562
14406	-3949.661	-4211.182	261.5215	0.7872533	0.308681	0.273591	0.267027	0.150702	1.844001	1.880005
14412	-3958.628	-4220.196	261.5678	0.7246139	0.315052	0.371029	0.256793	0.0571257	1.747836	1.958386
14418	-3957.778	-4218.799	261.0211	0.9297297	0.338549	0.398701	0.19407	0.0686794	1.730148	2.189629
14424	-3951.602	-4212.891	261.2885	0.9450979	0.429321	0.249405	0.184644	0.13663	1.748894	1.991225
14430	-3951.855	-4213.046	261.1911	0.8129037	0.266039	0.17587	0.529187	0.0289041	1.748894	2.145333
14436	-3956.744	-4217.984	261.24	1.093779	0.35728	0.134458	0.491081	0.0171814	1.844003	1.859882
14442	-3943.162	-4204.077	260.9153	1.037369	0.380382	0.0387654	0.560872	0.0199808	1.709708	2.201372
14448	-3949.193	-4209.426	260.2332	1.271958	0.456871	0.0421755	0.481731	0.0192229	1.712623	2.490487
14454	-3950.479	-4211.145	260.666	1.342442	0.563687	0.00449812	0.282708	0.149108	1.623334	2.231673
14460	-3977.275	-4238.549	261.2742	0.8416535	0.340001	0.222619	0.296736	0.140644	1.776642	2.052931
14466	-3973.372	-4234.641	261.2689	0.8006882	0.400976	0.305212	0.280055	0.0137576	1.749791	2.102282
14472	-3932.476	-4193.185	260.7084	0.8473656	0.455249	0.0298894	0.505916	0.00894575	1.608826	2.519081
14478	-3943.102	-4203.89	260.788	0.6783277	0.61091	0.0533273	0.303775	0.0319873	1.526456	2.631151
14484	-3947.997	-4208.955	260.9577	0.7330827	0.404233	0.207823	0.28416	0.103785	1.542759	2.479502
14490	-3939.708	-4200.541	260.8337	0.8022087	0.471535	0.165257	0.256274	0.106934	1.543793	2.510865
14496	-3935.483	-4196.332	260.8485	0.8677219	0.48432	0.164299	0.247929	0.103451	1.616081	2.413411
14502	-3946.847	-4207.572	260.725	1.076676	0.451604	0.164327	0.322645	0.0614241	1.692123	2.310065
14508	-3949.906	-4210.849	260.9432	0.8476378	0.534973	0.128852	0.251203	0.0849725	1.705189	2.310065
14514	-3960.264	-4221.483	261.2196	0.8476378	0.239441	0.307525	0.317582	0.135451	1.722519	2.120305
14520	-3951.627	-4212.755	261.1287	0.6743919	0.412415	0.238949	0.246763	0.101873	1.679249	2.324549
14526	-3949.531	-4210.427	260.8956	0.8997556	0.453429	0.220236	0.227439	0.0988961	1.643085	2.345617
14532	-3944.974	-4205.968	260.9939	0.85837	0.414425	0.287312	0.207874	0.090389	1.64111	2.311475
14538	-3940.989	-4202.34	261.3512	0.85837	0.374499	0.186722	0.274381	0.164399	1.716809	2.030039
14544	-3957.365	-4218.613	261.2487	0.9340317	0.535775	0.147446	0.216666	0.100112	1.836189	1.966977
14550	-3963.458	-4224.924	261.466	0.9403564	0.436118	0.127163	0.367891	0.0688282	1.851047	1.804646
14556	-3960.051	-4221.43	261.3785	0.7425355	0.43694	0.171144	0.322958	0.0689579	1.841552	2.009671
14562	-3941.728	-4203.184	261.4562	0.9112986	0.497486	0.19486	0.22914	0.0785134	1.838923	1.840132
14568	-3941.995	-4203.407	261.4125	0.9291075	0.432247	0.275585	0.190893	0.101275	1.778575	1.898731
14574	-3947.236	-4208.306	261.0693	1.094503	0.342878	0.142348	0.442131	0.072643	1.783402	2.015305
14580	-3944.977	-4206.379	261.4023	0.8854305	0.478067	0.0650903	0.397697	0.0591459	1.769467	1.942079
14586	-3943.078	-4204.71	261.6321	0.8268639	0.320505	0.308412	0.286108	0.0849744	1.833322	1.782788
14592	-3972.072	-4233.651	261.5787	0.8850585	0.433853	0.182018	0.334431	0.0496973	1.773427	1.819439
14598	-3958.954	-4220.092	261.1378	0.8777723	0.377755	0.198642	0.391798	0.0318048	1.767813	2.123826
14604	-3956.211	-4217.196	260.9854	0.9119838	0.613931	0.14396	0.228447	0.013663	1.74114	2.21733
14610	-3964.625	-4226.353	261.7277	0.8065308	0.2839	0.405289	0.293271	0.01754	1.706653	1.819002
14616	-3954.652	-4216.378	261.7267	0.6911063	0.323835	0.390094	0.282276	0.00379557	1.750276	1.873283
14622	-3956.544	-4217.958	261.4135	1.058591	0.346037	0.279876	0.364974	0.00911351	1.757714	1.823664
14628	-3945.001	-4206.706	261.7045	0.7122247	0.315839	0.185332	0.490511	0.00831818	1.705044	1.903872
14634	-3946.915	-4208.575	261.6595	0.7286243	0.397348	0.238609	0.353334	0.0107094	1.848718	1.824591
14640	-3941.077	-4202.712	261.6355	0.7596729	0.402035	0.284936	0.300118	0.0129118	1.940136	1.755115
14646	-3948.653	-4209.848	261.195	0.9054936	0.535028	0.14834	0.303396	0.0132355	1.893661	1.983984
14652	-3940.02	-4201.148	261.1277	0.8772346	0.513275	0.0784234	0.360609	0.0476931	1.847899	2.078225
14658	-3957.425	-4219.116	261.6915	0.7128276	0.291575	0.497099	0.153298	0.0580284	1.733711	1.892814
14664	-3964.753	-4225.793	261.0393	0.8537467	0.526103	0.166492	0.276603	0.030802	1.773806	2.200148
14670	-3974.296	-4235.731	261.4351	0.8239847	0.503229	0.0572981	0.351616	0.0878568	1.791615	1.947943
14676	-3974.876	-4236.242	261.3666	0.9653583	0.533425	0.0538153	0.330244	0.0825165	1.869985	1.842604
14682	-3965.768	-4227.418	261.6502	1.076318	0.474618	0.157287	0.361435	0.00666071	1.899032	1.542078
14688	-3958.576	-4220.398	261.822	0.7856805	0.419946	0.169045	0.40197	0.00903816	1.967989	1.582499
14694	-3971.892	-4233.878	261.9863	0.7201588	0.153552	0.35159	0.488729	0.00612919	1.974146	1.507575
14700	-3960.143	-4221.927	261.7838	0.9504271	0.394391	0.160823	0.439277	0.005509	1.937245	1.507575
14706	-3974.528	-4236.611	262.0836	0.8372506	0.385598	0.190261	0.396483	0.0276582	2.08088	1.250538
14712	-3962.044	-4224.23	262.1859	0.8316456	0.4265	0.187936	0.322836	0.0627275	1.993195	1.24323
14718	-3975.039	-4237.197	262.159	0.7497908	0.428722	0.196017	0.283521	0.09174	1.996861	1.332471
14724	-3959.465	-4221.364	261.899	0.8931466	0.480349	0.166934	0.317663	0.0350535	1.988095	1.425966
14730	-3964.397	-4226.091	261.6939	1.099683	0.489199	0.0835996	0.294025	0.133176	1.978495	1.432151
14736	-3960.585	-4222.42	261.8349	0.8727326	0.489392	0.114778	0.299782	0.0960484	1.978148	1.498213
14742	-3961.167	-4222.121	260.9534	0.8900635	0.365656	0.134315	0.450191	0.049838	1.688704	2.286013
14748	-3946.493	-4207.617	261.1239	0.8088865	0.490045	0.113086	0.379036	0.0178333	1.689099	2.230403
14754	-3957.517	-4218.768	261.2513	0.8646705	0.478322	0.110381	0.382895	0.0284024	1.742231	2.074983
14760	-3963.788	-4225.138	261.3496	0.8634235	0.628005	0.0488326	0.280533	0.0426299	1.709997	2.032167
14766	-3941.956	-4202.75	260.7935	1.04128	0.387113	0.124393	0.43916	0.0493339	1.846028	2.189439
14772	-3961.727	-4222.617	260.8896	1.056301	0.329211	0.0763664	0.571117	0.0233058	1.690676	2.218172
14778	-3961.056	-4221.75	260.6934	0.985132	0.262104	0.284759	0.380098	0.0730385	1.662936	2.406223
14784	-3963.307	-4224.068	260.761	1.127302	0.328158	0.250306	0.264078	0.157457	1.733877	2.228676
14790	-3951.711	-4212.333	260.6216	0.8272694	0.402796	0.205053	0.263161	0.12899	1.506679	2.649165
14796	-3949.847	-4209.594	259.7468	1.248037	0.529744	0.132875	0.195928	0.141453	1.609472	2.86664
14802	-3947.435	-4207.882	260.4474	0.8004679	0.389597	0.145898	0.294353	0.170152	1.641762	2.690472
14808	-3953.526	-4213.814	260.2881	0.9053546	0.500373	0.110401	0.331553	0.0576736	1.692362	2.690472
14814	-3954.618	-4214.934	260.3159	1.255739	0.503225	0.11103	0.333442	0.0523027	1.625837	2.502434
14820	-3951.562	-4212.836	261.2734	0.8801309	0.510659	0.118939	0.2912	0.0792021	1.714161	2.068387
14826	-3969.026	-4229.998	260.9723	0.8057076	0.487064	0.158463	0.278677	0.0757961	1.719781	2.310038
14832	-3945.296	-4207.276	261.9796	0.7228238	0.478206	0.17187	0.275507	0.0744176	1.941231	1.534947
14838	-3952.084	-4214.34	262.256	0.6513881	0.534397	0.172641	0.209801	0.0831619	1.971355	1.358422
14844	-3974.861	-4237.19	262.3283	0.7261048	0.300895	0.402643	0.231093	0.0653693	2.123343	1.102238
14850	-3972.989	-4234.646	261.6575	0.7804843	0.378904	0.276104	0.226247	0.118744	1.843052	1.792137
14856	-3962.552	-4224.237	261.6852	0.9904521	0.493787	0.136771	0.289486	0.0799566	1.929756	1.556401
14862	-3971.805	-4233.301	261.496	1.087152	0.451393	0.0999428	0.266171	0.182492	2.01888	1.559648
14868	-3965.838	-4227.873	262.0348	0.7991414	0.417065	0.068876	0.461649	0.0524096	1.891202	1.470774
14874	-3956.153	-4217.678	261.5246	0.8598681	0.33027	0.324663	0.293243	0.0518233	1.963316	1.743152
14880	-3948.158	-4210.107	261.9491	0.6388933	0.34968	0.343743	0.24956	0.0570172	2.003218	1.577211
14886	-3947.335	-4209.002	261.667	0.6351115	0.37482	0.274855	0.333305	0.0170196	1.920974	1.837891
14892	-3943.602	-4205.278	261.6761	0.7736254	0.375363	0.275253	0.242697	0.106687	1.935143	1.719753
14898	-3952.98	-4214.642	261.6616	0.8249066	0.339488	0.262108	0.296813	0.101592	1.960303	1.674126
14904	-3957.489	-4219.085	261.5953	0.7979913	0.316475	0.242126	0.210074	0.231326	2.034894	1.688243
14910	-3960.893	-4223.189	262.2961	0.569571	0.245119	0.504135	0.199817	0.0509283	2.04301	1.338003
14916	-3959.882	-4222.21	262.3284	0.6059804	0.372609	0.346005	0.271633	0.00975332	2.025012	1.295746
14922	-3947.385	-4209.631	262.246	0.7053115	0.272504	0.220192	0.480279	0.0270255	2.057153	1.250639
14928	-3942.255	-4204.029	261.7744	0.8820064	0.338549	0.231082	0.427006	0.00336241	2.028911	1.498379
14934	-3963.707	-4225.751	262.0436	0.7250511	0.322738	0.474356	0.195773	0.00713273	1.931856	1.49242
14940	-3956.217	-4218.174	261.958	0.8317938	0.488967	0.141012	0.355412	0.0146091	1.961607	1.449758
14946	-3950.496	-4212.399	261.9029	0.8200137	0.393128	0.232641	0.337277	0.0369533	1.999386	1.472251
14952	-3943.826	-4206.083	262.2566	0.5778922	0.254776	0.417055	0.309564	0.0186053	1.874103	1.492452
14958	-3942.31	-4203.836	261.5258	0.9902116	0.487031	0.285548	0.211951	0.0154691	1.863766	1.718851
14964	-3953.347	-4215.035	261.6873	0.7750369	0.305651	0.343593	0.309918	0.0408372	1.860125	1.763527
14970	-3956.024	-4218.106	262.0819	0.6361328	0.325519	0.288524	0.359507	0.0264506	1.813877	1.620467
14976	-3955.947	-4217.82	261.8738	0.697722	0.247403	0.464793	0.267701	0.0201031	1.885614	1.671556
14982	-3955.552	-4217.357	261.8054	0.5579276	0.213951	0.39882	0.260283	0.126946	1.779006	1.89553
14988	-3947.775	-4209.323	261.5476	0.4992075	0.138348	0.566203	0.244641	0.0508079	1.700258	2.158671
14994	-3960.816	-4222.595	261.7799	0.7341943	0.250767	0.439066	0.227828	0.0823389	1.954907	1.661615
15000	-3948.575	-4210.42	261.8449	0.6914695	0.248684	0.435419	0.225935	0.0899612	1.94264	1.656208
15006	-3965.389	-4227.215	261.826	0.7287553	0.342571	0.242579	0.283035	0.131816	1.970825	1.621105
15012	-3945.847	-4207.295	261.4483	0.8348493	0.366793	0.263167	0.321059	0.0489817	1.841118	1.897937
15018	-3950.954	-4213.04	262.0857	0.7502004	0.465708	0.161817	0.32033	0.0521447	2.004355	1.384186
15024	-3954.596	-4216.391	261.795	0.7688083	0.418768	0.232187	0.30018	0.0488645	1.966682	1.615975
15030	-3952.406	-4214.319	261.9125	0.7478384	0.31439	0.298711	0.311548	0.0753516	1.966682	1.546216
15036	-3941.507	-4203.406	261.8993	0.6417005	0.343292	0.237395	0.319303	0.10001	1.971354	1.63435
15042	-3949.208	-4210.936	261.7278	0.789215	0.294306	0.369392	0.27374	0.0625627	1.94193	1.666678
15048	-3951.535	-4213.612	262.0777	0.5412377	0.377185	0.253594	0.300534	0.0686865	1.856781	1.663956
15054	-3949.339	-4211.46	262.1211	0.5238707	0.340157	0.259155	0.330495	0.0701928	1.952795	1.575886
15060	-3945.722	-4207.767	262.045	0.6437993	0.338154	0.257629	0.328548	0.0756694	1.938125	1.550763
15066	-3930.794	-4193.08	262.2866	0.5715442	0.248928	0.405176	0.289536	0.0563596	2.00483	1.374134
15072	-3942.238	-4204.249	262.0111	0.8162503	0.285215	0.456573	0.21614	0.0420726	2.005199	1.387554
15078	-3947.436	-4209.173	261.7371	1.014055	0.41206	0.188838	0.312265	0.0868368	2.022348	1.429985
15084	-3943.602	-4205.664	262.0621	0.6009046	0.433832	0.20221	0.31645	0.0475072	1.975799	1.543701
15090	-3949.866	-4211.638	261.7716	0.7782392	0.367087	0.211112	0.340783	0.081018	1.939943	1.644951
15096	-3951.959	-4213.607	261.6479	0.9272705	0.504146	0.13377	0.275851	0.0862332	1.897021	1.653674
15102	-3948.372	-4209.703	261.3302	1.167203	0.451811	0.151038	0.229316	0.167835	1.897021	1.711262
15108	-3955.58	-4216.518	260.9385	1.1692	0.408243	0.264879	0.20512	0.121758	1.785455	2.052974
15114	-3964.462	-4225.464	261.0016	1.196052	0.314954	0.327746	0.151234	0.206066	1.801673	1.983316
15120	-3963.063	-4224.374	261.3104	1.018142	0.543279	0.172985	0.233101	0.0506346	1.793494	1.897043
15126	-3955.59	-4216.747	261.1571	0.9134031	0.411131	0.117956	0.412249	0.0586631	1.71478	2.121913
15132	-3948.972	-4210.016	261.0443	0.8261252	0.57193	0.0853526	0.227847	0.11487	1.672206	2.280813
15138	-3957.171	-4217.329	260.1582	1.305376	0.521552	0.0457517	0.327944	0.104752	1.710386	2.519548
15144	-3943.323	-4204.641	261.3184	0.8855721	0.494359	0.0841925	0.322158	0.0992905	1.697375	2.046053
15150	-3961.925	-4222.765	260.8406	0.9616468	0.579125	0.114025	0.148699	0.158151	1.755038	2.269069
15156	-3952.631	-4212.918	260.2872	1.322502	0.524922	0.103253	0.211512	0.160313	1.697504	2.437035
15162	-3943.1	-4204.535	261.4342	0.7736613	0.545554	0.147031	0.26824	0.039176	1.748092	2.012929
15168	-3958.538	-4219.635	261.097	1.025185	0.482211	0.116778	0.344757	0.0562541	1.754049	2.061542
15174	-3954.345	-4216.039	261.6947	0.7328185	0.439689	0.0792916	0.413542	0.0674778	1.79103	1.837026
15180	-3962.221	-4224.015	261.7943	0.7569762	0.567731	0.0584834	0.324042	0.0497442	1.87285	1.692652
15186	-3961.46	-4223.075	261.6155	0.7569762	0.283612	0.240794	0.369204	0.10639	1.889819	1.805946
15192	-3964.905	-4226.279	261.374	0.9773811	0.375148	0.196793	0.301739	0.12632	1.835952	1.852579
15198	-3958.238	-4219.52	261.2822	0.7534016	0.409899	0.188218	0.392941	0.00894226	1.840816	2.066317
15204	-3949.912	-4211.221	261.3091	0.9214452	0.374597	0.214784	0.39786	0.0127593	1.782016	1.971412
15210	-3949.747	-4211.61	261.8631	0.805038	0.358929	0.374216	0.247604	0.0192514	1.815549	1.648386
15216	-3956.274	-4217.243	260.9694	1.098651	0.482174	0.0808395	0.402871	0.0341148	1.780083	2.080909
15222	-3953.306	-4214.4	261.0936	0.7468914	0.461557	0.11515	0.385645	0.0376476	1.805109	2.217157
15228	-3944.979	-4206.046	261.0666	1.088822	0.40375	0.232683	0.317151	0.0464158	1.80409	2.007057
15234	-3951.775	-4213.037	261.2621	0.8675191	0.521586	0.12605	0.338323	0.0140408	1.831069	2.007057
15240	-3958.938	-4220.244	261.3064	0.7313982	0.284438	0.275545	0.319625	0.120392	1.666491	2.179737
15246	-3946.168	-4207.134	260.9657	0.8180228	0.345378	0.29355	0.26228	0.098792	1.683675	2.329098
15252	-3949.531	-4210.664	261.1331	0.7523735	0.287895	0.293204	0.339011	0.07989	1.634324	2.297781
15258	-3957.018	-4217.748	260.7294	1.088912	0.532393	0.134076	0.242214	0.0913168	1.694959	2.297781
15264	-3952.455	-4213.665	261.2105	0.6553256	0.346859	0.259304	0.286009	0.107828	1.682695	2.283008
15270	-3945.417	-4206.468	261.0512	0.9105708	0.514664	0.208371	0.229831	0.0471337	1.654735	2.231534
15276	-3952.056	-4213.661	261.605	0.6127213	0.368776	0.23564	0.362505	0.033078	1.617631	2.098714
15282	-3951.852	-4213.273	261.4207	0.8885005	0.249812	0.448853	0.28904	0.012295	1.810774	1.899526
15288	-3942.055	-4204.017	261.9626	0.4422953	0.264379	0.269107	0.461586	0.00492731	1.847833	1.81923
15294	-3942.015	-4203.759	261.7444	0.5335901	0.311881	0.347016	0.333324	0.00777886	1.845402	1.90883
15300	-3943.915	-4205.598	261.6834	0.6956621	0.299455	0.193264	0.320044	0.187237	1.791351	1.871516
15306	-3937.61	-4199.342	261.7324	0.6293515	0.497174	0.182847	0.318722	0.00125691	1.861228	1.838191
15312	-3933.495	-4195.047	261.5512	0.9247552	0.31769	0.243174	0.43143	0.00770673	1.981745	1.664038
15318	-3939.936	-4201.989	262.0535	0.7869709	0.293972	0.376922	0.302659	0.0264473	2.023841	1.363766
15324	-3938.811	-4200.459	261.6485	0.7869709	0.428984	0.255873	0.251602	0.0635404	1.962511	1.710047
15330	-3943.419	-4205.139	261.7204	0.7723746	0.387972	0.299414	0.227548	0.0850653	1.803469	1.781821
15336	-3940.566	-4202.457	261.8912	0.5817838	0.335197	0.270734	0.284752	0.109318	1.834002	1.781821
15342	-3946.366	-4207.967	261.6011	0.8744463	0.388483	0.281056	0.295608	0.0348541	1.905364	1.719486
15348	-3950.98	-4212.603	261.6225	0.9907158	0.365651	0.264538	0.337006	0.0328057	1.893929	1.628017
15354	-3953.943	-4215.596	261.6531	0.8769604	0.379864	0.238242	0.185958	0.195936	1.988684	1.621099
15360	-3974.38	-4235.751	261.3715	0.9050412	0.376937	0.236407	0.213486	0.17317	1.844115	1.898809
15366	-3965.147	-4227.268	262.1206	0.6505294	0.308751	0.316637	0.236549	0.138062	1.871991	1.53853
15372	-3953.147	-4214.847	261.6998	0.9342709	0.353134	0.391751	0.154724	0.100392	1.996089	1.53853
15378	-3945.272	-4207.35	262.0781	0.6803107	0.326226	0.361901	0.21913	0.0927423	1.894612	1.529828
15384	-3941.769	-4203.949	262.1802	0.6803107	0.322136	0.33827	0.248721	0.090874	1.944472	1.414791
15390	-3951.137	-4212.547	261.4095	1.125487	0.45336	0.0847067	0.440116	0.0218173	1.815716	1.740869
15396	-3936.504	-4197.381	260.8772	1.421352	0.487614	0.112886	0.212652	0.186848	1.785777	1.939433
15402	-3935.866	-4196.99	261.1243	0.8899411	0.453903	0.149258	0.315118	0.0817216	1.764543	2.126544
15408	-3936.756	-4197.68	260.9241	1.011633	0.439344	0.181793	0.300844	0.0780197	1.68283	2.229504
15414	-3931.912	-4192.738	260.8259	0.898986	0.451928	0.188224	0.284842	0.0750064	1.703484	2.352014
15420	-3941.217	-4201.765	260.5484	0.898986	0.314742	0.231098	0.349724	0.104437	1.640358	2.565854
15426	-3943.139	-4204.419	261.28	0.795015	0.360398	0.26016	0.3119	0.0675422	1.64252	2.168932
15432	-3955.473	-4216.741	261.2679	0.9675593	0.450768	0.35639	0.130954	0.0618882	1.75671	1.98463
15438	-3945.936	-4206.999	261.0625	1.364573	0.366614	0.189894	0.257673	0.185819	1.812759	1.829314
15444	-3951.737	-4213.343	261.6053	0.9462659	0.47336	0.245185	0.271736	0.00971895	1.828002	1.719272
15450	-3951.335	-4212.868	261.5328	0.8841199	0.497622	0.166701	0.285664	0.0500134	1.904033	1.761365
15456	-3952.282	-4213.595	261.3129	0.927347	0.390184	0.13071	0.439891	0.0392153	1.797904	1.954171
15462	-3956.76	-4218.24	261.4796	0.9017881	0.333541	0.259469	0.342509	0.0644811	1.797904	1.858865
15468	-3949.068	-4210.504	261.4358	0.8864898	0.564265	0.0651188	0.256534	0.114082	1.90316	1.827547
15474	-3950.387	-4211.473	261.0863	1.031962	0.383498	0.196086	0.304811	0.115605	1.711748	2.09202
15480	-3950.044	-4211.303	261.2589	1.031962	0.394658	0.266488	0.199909	0.138944	1.688473	1.993148
15486	-3945.462	-4207.121	261.6593	0.7368839	0.40012	0.294974	0.0863441	0.218562	1.708237	1.914656
15492	-3930.576	-4191.754	261.1778	0.8196909	0.364105	0.291626	0.223264	0.121005	1.735326	2.158233
15498	-3940.242	-4201.577	261.3343	0.9187328	0.351924	0.3013	0.255416	0.0913603	1.923346	1.860622
15504	-3943.465	-4205.098	261.6336	0.7547184	0.412163	0.229504	0.317263	0.0410696	1.794551	1.860622
15510	-3942.68	-4204.224	261.5442	1.167665	0.417349	0.184304	0.352691	0.0456559	1.944722	1.521383
15516	-3940.115	-4201.721	261.6057	0.9421552	0.246183	0.286341	0.396543	0.0709327	1.922703	1.654646
15522	-3925.586	-4187.671	262.0842	0.8189775	0.22439	0.373274	0.347585	0.0547516	2.056723	1.285708
15528	-3941.171	-4203.289	262.1174	0.7723907	0.343341	0.205747	0.390015	0.0608971	2.056723	1.298481
15534	-3927.049	-4189.139	262.0902	0.9063649	0.370412	0.265901	0.240429	0.123258	2.10608	1.162453
15540	-3931.453	-4193.119	261.6665	1.012148	0.29931	0.410292	0.267432	0.0229658	1.940902	1.545948
15546	-3933.74	-4195.891	262.1507	0.7214732	0.29931	0.410292	0.267432	0.0229658	2.066706	1.307024
15552	-3937.436	-4199.567	262.1306	0.78617	0.43554	0.278161	0.256849	0.0294499	2.01854	1.307024
15558	-3946.054	-4207.987	261.9329	0.9277259	0.383947	0.245211	0.306039	0.064803	2.009999	1.354758
15564	-3945.994	-4207.946	261.9515	0.7672483	0.462405	0.283595	0.188271	0.0657287	1.923915	1.533816
15570	-3941.43	-4203.121	261.6907	0.8790894	0.274494	0.470227	0.241005	0.0142746	1.899459	1.656643
15576	-3943.36	-4205.128	261.7677	0.7907269	0.270065	0.370274	0.335329	0.0243318	1.914438	1.656643
15582	-3933.93	-4195.575	261.6453	0.6789925	0.274485	0.376335	0.340817	0.00836327	1.818209	1.891147
15588	-3937.335	-4198.946	261.6106	0.6838987	0.234652	0.426322	0.333957	0.00506872	1.790594	1.929877
15594	-3940.394	-4202.22	261.8264	0.5659714	0.279768	0.435818	0.278371	0.00604328	1.698922	1.929877
15600	-3951.313	-4212.55	261.2367	0.7308304	0.28769	0.235282	0.467849	0.00917906	1.831724	2.117872
15606	-3958.165	-4219.912	261.7473	0.6446529	0.280376	0.254725	0.455954	0.00894569	1.903701	1.787374
15612	-3950.09	-4212.146	262.0567	0.6924803	0.307791	0.355774	0.316168	0.0202678	1.996763	1.459526
15618	-3953.984	-4216.093	262.1081	0.6445956	0.353891	0.236258	0.38516	0.0246906	1.996007	1.459526
15624	-3956.434	-4218.371	261.9366	0.6549753	0.343949	0.418901	0.213152	0.0239969	1.926801	1.629496
15630	-3960.661	-4222.493	261.832	0.8907896	0.503492	0.0984707	0.390879	0.00715818	1.782622	1.630441
15636	-3941.249	-4203.242	261.9932	0.6877141	0.305022	0.195687	0.497096	0.0021953	1.834228	1.630441
15642	-3954.114	-4215.676	261.5621	0.6675224	0.378296	0.264677	0.25407	0.102957	1.885253	1.910369
15648	-3947.081	-4208.825	261.7437	0.6728131	0.358981	0.16715	0.402674	0.0711943	1.81617	1.829757
15654	-3949.777	-4211.298	261.5212	0.8392511	0.358981	0.16715	0.402674	0.0711943	1.845515	1.842049
15660	-3953.905	-4215.199	261.2939	0.7588468	0.419719	0.17009	0.187068	0.223124	1.716208	2.136675
15666	-3936.057	-4197.634	261.5772	0.689705	0.255879	0.267249	0.371715	0.105157	1.840481	1.914563
15672	-3950.103	-4211.585	261.482	0.8309399	0.250568	0.289758	0.3567	0.102974	1.840481	1.878207
15678	-3953.895	-4215.459	261.5646	0.8219648	0.254539	0.29435	0.362353	0.0887582	1.889516	1.794189
15684	-3955.67	-4217.666	261.9959	0.6889314	0.367014	0.201368	0.342893	0.0887257	1.904633	1.576346
15690	-3957.083	-4218.908	261.8253	0.7464793	0.336174	0.317643	0.335723	0.0104597	1.8417	1.700597
15696	-3952.392	-4213.426	261.0333	0.8171449	0.433616	0.203705	0.331514	0.0311644	1.680646	2.288465
15702	-3949.351	-4210.092	260.7405	0.9374527	0.412509	0.167601	0.315377	0.104513	1.652031	2.413766
15708	-3955.949	-4216.947	260.9977	1.029865	0.50862	0.156377	0.294257	0.0407456	1.743475	2.130692
15714	-3961.337	-4222.606	261.2685	0.9409106	0.409084	0.125775	0.382594	0.0825477	1.799919	1.973341
15720	-3953.414	-4214.615	261.2011	0.9196475	0.447853	0.0429231	0.418853	0.0903708	1.888947	1.973341
15726	-3950.3	-4211.825	261.5252	0.9249912	0.365322	0.179681	0.365114	0.089883	1.832747	1.787083
15732	-3952.817	-4214.069	261.2528	0.9419797	0.435454	0.214176	0.243232	0.107138	1.72549	2.032693
15738	-3949.495	-4210.543	261.0478	0.8627388	0.404142	0.156653	0.218392	0.220814	1.734989	2.213731
15744	-3954.551	-4215.352	260.8007	1.156915	0.435896	0.152186	0.314411	0.0975069	1.699516	2.206822
15750	-3955.985	-4216.792	260.8068	1.05633	0.520773	0.211185	0.18323	0.084812	1.74655	2.235534
15756	-3954.854	-4215.955	261.1008	0.9069982	0.383713	0.163834	0.387121	0.0653318	1.696809	2.174631
15762	-3958.867	-4220.061	261.1938	0.9069982	0.488853	0.0920014	0.375944	0.0432017	1.70559	2.108211
15768	-3960.796	-4221.866	261.0696	0.9069982	0.546996	0.0403141	0.338469	0.0742211	1.69199	2.197979
15774	-3949.576	-4210.367	260.7918	0.885992	0.537308	0.0396001	0.355199	0.0678935	1.714293	2.375288
15780	-3956.624	-4218.091	261.4673	0.9485739	0.695798	0.0260355	0.233529	0.0446373	1.87664	1.780199
15786	-3960.696	-4222.291	261.5952	1.02702	0.519202	0.105909	0.28128	0.0936089	1.833174	1.665264
15792	-3947.284	-4208.968	261.6839	0.8450322	0.543255	0.0887076	0.253231	0.114806	1.929506	1.665264
15798	-3954.565	-4216.12	261.5559	0.9034109	0.348727	0.234116	0.358819	0.0583375	1.890634	1.740716
15804	-3949.715	-4211.218	261.5026	1.001246	0.496175	0.157492	0.307089	0.0392441	1.891292	1.708018
15810	-3949.836	-4211.388	261.5525	1.107316	0.611098	0.0275585	0.320399	0.040945	1.828354	1.642866
15816	-3949.12	-4210.744	261.6241	0.9466893	0.42239	0.194459	0.35485	0.0283011	1.876468	1.671286
15822	-3942.075	-4203.467	261.3919	0.8038033	0.350085	0.431009	0.137926	0.0809807	1.834988	1.962015
15828	-3948.809	-4210.32	261.5115	0.7577856	0.407376	0.19863	0.281513	0.11248	1.778504	1.952097
15834	-3937.139	-4198.293	261.1541	0.7399007	0.384314	0.153908	0.34955	0.112229	1.695501	2.253525
15840	-3935.043	-4196.472	261.4295	1.068213	0.432158	0.110789	0.335254	0.121799	1.755851	1.807365
15846	-3950.896	-4212.211	261.3146	0.9987037	0.387633	0.116587	0.352798	0.142983	1.80397	1.900262
15852	-3945.094	-4206.285	261.1905	0.8563401	0.368607	0.159946	0.335482	0.135965	1.774401	2.099468
15858	-3949.516	-4210.789	261.273	0.9537931	0.41273	0.0960008	0.366146	0.125123	1.730153	2.008177
15864	-3960.725	-4220.886	260.1604	0.9038553	0.43924	0.181856	0.275166	0.103739	1.525816	2.870771
15870	-3959.914	-4220.24	260.3258	0.9748318	0.475018	0.112181	0.33226	0.080541	1.503747	2.739656
15876	-3962.544	-4222.195	259.6514	0.9471524	0.523821	0.156919	0.242663	0.0765965	1.550448	3.134869
15882	-3953.19	-4213.008	259.8176	0.8166941	0.370415	0.172058	0.426656	0.0308707	1.478814	3.158551
15888	-3974.175	-4233.559	259.3834	0.9297837	0.431819	0.197205	0.318106	0.0528696	1.479134	3.345925
15894	-3961.838	-4221.667	259.8288	0.5561936	0.426436	0.218778	0.328042	0.0267435	1.424844	3.345925
15900	-3962.042	-4224.061	262.0181	0.7222633	0.286454	0.318499	0.328789	0.0662579	2.047072	1.426368
15906	-3965.504	-4227.669	262.1649	0.6396052	0.31837	0.364236	0.302978	0.0144157	1.98782	1.426368
15912	-3948.268	-4208.824	260.5563	0.647166	0.34971	0.187335	0.428944	0.0340116	1.511899	2.802274
15918	-3935.281	-4196.497	261.2162	0.814473	0.438392	0.234841	0.221487	0.105281	1.733598	2.137902
15924	-3950.472	-4211.626	261.1536	0.9898799	0.325409	0.295552	0.25956	0.11948	1.71334	2.074341
15930	-3955.194	-4216.542	261.3483	0.7858098	0.239248	0.217297	0.45561	0.0878443	1.774014	2.044271
15936	-3953.186	-4214.59	261.4045	0.6944116	0.312055	0.228659	0.451574	0.00771236	1.792795	2.058489
15942	-3936.473	-4198.404	261.931	0.8129538	0.231954	0.356049	0.406375	0.00562257	1.92811	1.510265
15948	-3934.043	-4196.199	262.1562	0.5892114	0.369292	0.284423	0.335541	0.0107439	1.911376	1.530806
15954	-3941.519	-4203.711	262.1917	0.632845	0.333903	0.346469	0.317611	0.00201745	2.018722	1.387171
15960	-3937.837	-4200.226	262.3891	0.5639539	0.204678	0.412208	0.377874	0.00524049	2.025167	1.281897
15966	-3946.233	-4208.204	261.9708	0.6804636	0.204702	0.407144	0.380526	0.00762787	1.974586	1.54997
15972	-3945.767	-4207.786	262.0188	0.638248	0.336169	0.441485	0.209171	0.0131744	1.923278	1.585225
15978	-3931.093	-4193.26	262.167	0.6322669	0.412998	0.225217	0.354113	0.00767188	1.978263	1.438083
15984	-3943.087	-4205.327	262.2398	0.6291776	0.545603	0.0898849	0.354115	0.0103969	1.98629	1.377944
15990	-3959.125	-4221.052	261.9264	0.83599	0.482286	0.0989061	0.389656	0.0291521	2.084541	1.375652
15996	-3944.763	-4207	262.2374	0.5463632	0.183735	0.477711	0.310392	0.0281626	1.956985	1.469094
16002	-3941.706	-4204.039	262.3328	0.4232787	0.294115	0.413112	0.268418	0.0243543	1.939896	1.500424
16008	-3941.594	-4203.753	262.1585	0.6749925	0.355762	0.282539	0.324679	0.0370203	1.964038	1.420802
16014	-3937.623	-4199.831	262.2079	0.5889192	0.236271	0.375901	0.359019	0.028809	2.029227	1.402385
16020	-3944.688	-4206.393	261.7054	0.8973495	0.236271	0.375901	0.359019	0.028809	2.002558	1.557483
16026	-3935.464	-4197.554	262.0906	0.7185923	0.378702	0.279853	0.319998	0.0214479	2.002558	1.407777
16032	-3959.295	-4221.686	262.3907	0.5764091	0.37399	0.289767	0.316016	0.0202271	2.023056	1.271663
16038	-3945.929	-4208.374	262.4447	0.3841678	0.25783	0.421881	0.303012	0.0172771	1.920095	1.455862
16044	-3952.242	-4214.713	262.4703	0.4534375	0.297174	0.376247	0.180488	0.146091	1.833658	1.455862
16050	-3952.923	-4215.119	262.1954	0.7387259	0.313468	0.431318	0.190327	0.0648877	1.929859	1.366002
16056	-3961.878	-4224.203	262.3244	0.6549664	0.284668	0.391691	0.203694	0.119947	1.889582	1.366002
16062	-3962.687	-4224.908	262.2211	0.8283311	0.201207	0.508848	0.205476	0.084469	2.143112	1.083751
16068	-3976.63	-4239.083	262.4528	0.5956841	0.346335	0.333819	0.229066	0.0907798	2.070244	1.161748
16074	-3958.933	-4221.013	262.08	0.5399817	0.335744	0.282088	0.289012	0.0931569	1.8887	1.640351
16080	-3943.681	-4204.891	261.2099	0.9563292	0.382169	0.138165	0.369673	0.109993	1.918887	1.922182
16086	-3955.819	-4217.661	261.8411	0.66044	0.467867	0.169147	0.2255	0.137486	1.909541	1.70584
16092	-3955.021	-4217.196	262.175	0.7931243	0.440517	0.273315	0.189335	0.0968332	2.093547	1.20159
16098	-3946.566	-4208.41	261.8439	1.013902	0.485565	0.301264	0.106435	0.106736	2.147741	1.244507
16104	-3955.195	-4217.516	262.3207	0.6248022	0.491251	0.304792	0.112562	0.0913951	2.075057	1.244507
16110	-3950.651	-4212.776	262.1248	0.7467325	0.288731	0.396313	0.261239	0.0537171	2.106975	1.273457
16116	-3953.682	-4215.958	262.2763	0.7467325	0.438612	0.295467	0.199578	0.0663427	2.180903	1.076909
16122	-3956.661	-4218.833	262.1723	0.7467325	0.25835	0.268727	0.391928	0.0809945	2.275426	1.085726
16128	-3970.194	-4232.393	262.1991	0.7467325	0.297233	0.259351	0.274461	0.168955	2.248638	1.085726
16134	-3970.472	-4232.747	262.2757	0.693823	0.368251	0.245515	0.250602	0.135632	2.228045	1.085726
16140	-3961.058	-4223.35	262.2924	0.693823	0.228556	0.425142	0.25915	0.0871522	2.196602	1.099283
16146	-3960.297	-4222.466	262.1696	0.693823	0.420828	0.275238	0.247512	0.0564226	2.133054	1.261179
16152	-3957.14	-4219.12	261.9797	0.998861	0.520793	0.104812	0.306307	0.068088	2.149152	1.13925
16158	-3957.776	-4219.369	261.5932	1.217123	0.527431	0.177934	0.238297	0.0563379	2.192636	1.25218
16164	-3949.244	-4211.217	261.9723	0.8637611	0.356143	0.268669	0.235917	0.139271	2.129175	1.279889
16170	-3965.428	-4227.619	262.1911	0.7291896	0.351087	0.279051	0.232568	0.137294	1.953999	1.358338
16176	-3969.166	-4231.255	262.0893	0.7291896	0.304575	0.239567	0.271081	0.184777	1.982626	1.415559
16182	-3971.235	-4233.141	261.9063	0.6547348	0.509073	0.110914	0.21778	0.162234	1.944081	1.639024
16188	-3977.307	-4239.072	261.7654	0.9582037	0.385238	0.119515	0.305245	0.190002	1.891966	1.549046
16194	-3974.832	-4235.563	260.7304	1.224074	0.495537	0.137307	0.257331	0.109826	1.738936	2.185679
16200	-3968.942	-4231.364	262.4219	0.7285091	0.572947	0.12118	0.191226	0.114647	2.21025	0.9207164
16206	-3961.904	-4224.378	262.4742	0.5804194	0.376334	0.42735	0.145331	0.0509855	2.217092	1.021059
16212	-3957.202	-4219.329	262.1269	0.8017966	0.310325	0.352393	0.269242	0.0680403	2.056994	1.265209
16218	-3954.366	-4216.716	262.3496	0.5414477	0.32869	0.343009	0.262072	0.0662285	1.957807	1.385967
16224	-3952.578	-4214.503	261.925	0.7646888	0.424587	0.217743	0.246337	0.111333	1.960936	1.528037
16230	-3959.127	-4221.115	261.9879	0.8511596	0.40566	0.316981	0.235356	0.0420035	1.961426	1.411442
16236	-3932.692	-4194.852	262.1607	0.6028597	0.204606	0.538525	0.185124	0.0717455	2.032869	1.424736
16242	-3934.57	-4196.855	262.285	0.7057155	0.343541	0.413925	0.202084	0.04045	2.032869	1.237932
16248	-3937.631	-4199.843	262.2122	0.8050829	0.459968	0.187459	0.27057	0.0820024	2.03335	1.210523
16254	-3937.145	-4199.059	261.9137	0.8050829	0.465995	0.213476	0.308122	0.0124065	2.00669	1.470376
16260	-3943.096	-4205.231	262.1351	0.734236	0.442118	0.243241	0.302871	0.0117708	2.022066	1.344525
16266	-3945.195	-4207.255	262.0603	0.7985443	0.346778	0.40555	0.241199	0.00647324	2.117436	1.273065
16272	-3939.93	-4202.135	262.2048	0.7490548	0.257052	0.300617	0.423699	0.0186318	2.116133	1.196475
16278	-3957.025	-4219.177	262.1518	0.6031385	0.293591	0.283271	0.402734	0.0204037	2.148082	1.341236
16284	-3946.816	-4208.921	262.1055	0.5973741	0.390003	0.221779	0.349628	0.0385898	1.995789	1.49926
16290	-3945.223	-4207.027	261.8039	0.7165329	0.352362	0.235464	0.371202	0.0409711	1.893374	1.701581
16296	-3963.743	-4225.446	261.7031	0.8683114	0.280015	0.187119	0.385789	0.147078	1.912423	1.646408
16302	-3951.19	-4213.071	261.8815	0.8195695	0.300749	0.32484	0.308439	0.0659717	1.790314	1.642412
16308	-3956.872	-4218.185	261.3126	1.00896	0.236553	0.338326	0.246832	0.17829	1.782082	1.909507
16314	-3946.835	-4207.787	260.9525	1.183934	0.302695	0.27302	0.401791	0.0224942	1.807037	2.020154
16320	-3928.794	-4190.127	261.332	0.6969628	0.337032	0.265927	0.307339	0.0897031	1.724747	2.148905
16326	-3946.474	-4208.454	261.98	0.5603851	0.323144	0.254969	0.335881	0.0860067	1.825742	1.741099
16332	-3951.623	-4213.153	261.5296	0.6509679	0.131134	0.493416	0.35237	0.0230797	1.776755	2.016734
16338	-3938.959	-4200.948	261.9884	0.6509679	0.348353	0.267565	0.359824	0.0242579	1.885311	1.625107
16344	-3939.285	-4201.093	261.8081	0.6535881	0.370579	0.110632	0.486023	0.0327658	1.758453	1.839135
16350	-3939.321	-4200.944	261.6233	0.7552157	0.371128	0.265703	0.340232	0.0229371	1.837758	1.837734
16356	-3953.743	-4215.47	261.727	0.8373566	0.380512	0.16454	0.422629	0.032318	1.987717	1.597972
16362	-3949.455	-4211.277	261.8224	0.7652514	0.391017	0.236421	0.223268	0.149294	1.967778	1.597972
16368	-3950.095	-4212.006	261.9107	0.7067317	0.342764	0.209762	0.319068	0.128406	2.007993	1.549156
16374	-3955.949	-4217.927	261.9786	0.6886283	0.415568	0.112469	0.333136	0.138828	2.007993	1.51295
16380	-3950.063	-4211.502	261.4393	0.8170139	0.366822	0.179749	0.330885	0.122543	1.831363	1.923253
16386	-3940.007	-4201.774	261.7674	0.7342755	0.391297	0.134872	0.400753	0.0730774	1.835903	1.75452
16392	-3941.081	-4202.513	261.4314	1.01926	0.491932	0.0894256	0.31889	0.0997527	1.862857	1.765329
16398	-3949.917	-4211.592	261.6746	0.6555194	0.47306	0.239429	0.23406	0.0534513	1.862857	1.857692
16404	-3958.213	-4219.656	261.4428	0.8254707	0.347537	0.291323	0.245678	0.115461	1.915455	1.857692
16410	-3949.623	-4211.005	261.3816	0.8254707	0.447219	0.189994	0.332414	0.0303723	1.97658	1.857692
16416	-3951.167	-4212.81	261.6431	0.6483536	0.470357	0.226351	0.259675	0.0436175	1.772763	1.945343
16422	-3942.008	-4203.612	261.6037	0.6007473	0.298212	0.440741	0.196391	0.0646557	1.758619	2.014738
16428	-3940.081	-4201.957	261.8766	0.5095537	0.225706	0.333581	0.391778	0.0489355	1.798664	1.867293
16434	-3946.932	-4208.561	261.6286	0.6854374	0.257388	0.389578	0.297229	0.0558046	1.798664	1.911148
16440	-3948.208	-4209.655	261.4469	0.7808375	0.383085	0.352929	0.229945	0.0340411	1.84733	1.932912
16446	-3938.25	-4199.854	261.6033	0.7808375	0.343397	0.419184	0.206804	0.0306153	1.867649	1.812332
16452	-3959.11	-4220.679	261.5695	0.7079153	0.33761	0.178155	0.454136	0.0300994	1.908494	1.86043
16458	-3944.326	-4205.79	261.4639	0.9008089	0.495667	0.140625	0.358467	0.00524052	1.917912	1.787713
16464	-3942.857	-4204.649	261.7918	0.8035676	0.360802	0.0721303	0.56202	0.00504737	1.970744	1.588837
16470	-3947.784	-4209.242	261.4587	1.08344	0.473269	0.200371	0.274927	0.0514332	2.06688	1.554433
16476	-3942.196	-4204.185	261.988	0.6707934	0.315324	0.368458	0.28055	0.0356686	2.079563	1.466207
16482	-3941.523	-4203.489	261.9654	0.8618638	0.449422	0.261652	0.156144	0.132783	2.088633	1.320072
16488	-3948.136	-4210.368	262.2318	0.6714645	0.260159	0.260551	0.398115	0.0811753	2.118857	1.240922
16494	-3957.523	-4219.857	262.3338	0.7145809	0.257946	0.293661	0.431804	0.0165888	2.153686	1.080414
16500	-3953.199	-4214.648	261.4487	0.8239632	0.582577	0.190272	0.212584	0.0145672	1.746559	1.969083
16506	-3964.375	-4225.692	261.3168	0.940654	0.296269	0.24956	0.355037	0.0991343	1.717464	1.996318
16512	-3958.779	-4221.04	262.2609	0.7027784	0.32319	0.351826	0.214568	0.110416	2.170747	1.142505
16518	-3969.735	-4231.967	262.2319	0.7027784	0.372003	0.305464	0.317986	0.00454671	2.199805	1.142505
16524	-3962.438	-4224.765	262.3272	0.7240598	0.409909	0.33659	0.208428	0.0450736	2.081938	1.142505
16530	-3966.335	-4228.588	262.2527	0.6232375	0.293131	0.262954	0.409975	0.0339391	2.049066	1.322839
16536	-3961.926	-4224.267	262.3411	0.6232375	0.383032	0.3436	0.258252	0.0151157	2.147868	1.166256
16542	-3969.214	-4231.505	262.2909	0.6272817	0.262889	0.272366	0.452565	0.0121797	2.080529	1.262543
16548	-3973.116	-4235.328	262.2121	0.6842673	0.385767	0.137904	0.299397	0.176933	2.258049	1.12567
16554	-3963.958	-4226.343	262.3852	0.5818127	0.316296	0.3904	0.28427	0.00903456	2.192953	1.12567
16560	-3975.197	-4237.662	262.465	0.5818127	0.404157	0.271961	0.274974	0.048908	2.113226	1.12567
16566	-3960.22	-4222.184	261.9637	0.742411	0.439607	0.22863	0.299093	0.0326697	1.9369	1.534556
16572	-3956.097	-4217.678	261.581	0.6719811	0.41831	0.265999	0.284604	0.031087	1.809589	1.945497
16578	-3946.65	-4208.533	261.8826	0.7096695	0.374053	0.247735	0.342928	0.0352852	1.853366	1.679251
16584	-3951.999	-4213.497	261.4989	0.8569724	0.448491	0.08132	0.411635	0.0585538	1.804011	1.873118
16590	-3951.415	-4212.931	261.5159	0.718101	0.347263	0.283163	0.318726	0.0508483	1.703321	2.027363
16596	-3944.79	-4206.653	261.8631	0.6740118	0.365131	0.292737	0.296752	0.0453797	1.913943	1.67693
16602	-3953.413	-4215.238	261.8243	0.4599088	0.308336	0.291872	0.346764	0.0530276	1.868083	1.888739
16608	-3944.892	-4206.385	261.4924	0.7411504	0.290659	0.275139	0.326883	0.107319	1.804738	1.95909
16614	-3960.771	-4222.788	262.017	0.5986639	0.30921	0.450406	0.205628	0.0347557	1.828039	1.685161
16620	-3942.528	-4204.564	262.036	0.7059861	0.202148	0.344774	0.38757	0.0655078	1.982273	1.475357
16626	-3954.372	-4216.413	262.0409	0.6432379	0.510846	0.121314	0.313425	0.0544152	1.982273	1.521534
16632	-3952.184	-4214.093	261.9095	0.6518287	0.375004	0.146864	0.412256	0.065876	1.952047	1.633197
16638	-3942.148	-4204.507	262.3595	0.5279113	0.28156	0.201327	0.381402	0.135711	2.038686	1.325005
16644	-3936.591	-4198.666	262.0752	0.751293	0.340142	0.389721	0.163653	0.106484	2.039873	1.363618
16650	-3947.472	-4209.708	262.2354	0.6256834	0.288404	0.163984	0.366256	0.181356	1.964256	1.401485
16656	-3950.601	-4212.701	262.0999	0.6998285	0.195928	0.389457	0.328602	0.0860128	2.189569	1.266797
16662	-3961.088	-4223.324	262.2366	0.5115103	0.197058	0.465675	0.204688	0.132579	2.031517	1.439921
16668	-3955.545	-4217.555	262.0095	0.7709089	0.424981	0.28418	0.1719	0.118939	1.877695	1.522183
16674	-3964.138	-4225.691	261.5521	0.8235938	0.249385	0.434427	0.243277	0.0729106	1.896519	1.796848
16680	-3965.582	-4227.018	261.4351	1.002665	0.226972	0.449767	0.251867	0.0713941	1.830941	1.796489
16686	-3957.14	-4219.037	261.8967	0.6633112	0.346814	0.344026	0.271928	0.0372327	1.830941	1.719996
16692	-3967.222	-4229.173	261.9512	0.8106961	0.190038	0.29279	0.423113	0.0940583	1.953046	1.478153
16698	-3964.9	-4226.403	261.5023	1.244038	0.504109	0.0905664	0.298659	0.106666	1.972384	1.478153
16704	-3975.399	-4237.29	261.891	0.8564534	0.357655	0.064255	0.472473	0.105616	1.860894	1.556185
16710	-3969.403	-4231.156	261.7537	0.7349091	0.316758	0.313248	0.326776	0.0432179	1.838759	1.761628
16716	-3975.636	-4237.061	261.4251	0.9584428	0.40294	0.3438	0.175475	0.0777846	1.94149	1.757453
16722	-3952.033	-4213.715	261.6818	0.6502783	0.467657	0.122017	0.381066	0.02926	1.83795	1.873597
16728	-3963.029	-4224.774	261.7448	0.6488854	0.273427	0.402037	0.304912	0.0196243	1.959146	1.747315
16734	-3957.351	-4219.267	261.9157	0.8393855	0.472108	0.159921	0.295029	0.0729419	2.03909	1.416671
16740	-3964.334	-4226.453	262.1193	0.7219027	0.316057	0.437602	0.19751	0.0488315	2.000598	1.384257
16746	-3951.623	-4213.371	261.7482	0.9330376	0.562233	0.117737	0.27922	0.0408098	2.007761	1.494673
16752	-3956.244	-4217.953	261.7093	0.8427159	0.583035	0.0850942	0.289551	0.0423197	1.873342	1.68885
16758	-3960.944	-4222.7	261.7566	1.005181	0.342114	0.358531	0.225676	0.0736786	1.872074	1.535366
16764	-3958.85	-4220.924	262.0738	0.7223486	0.316165	0.285444	0.342435	0.0559561	1.983584	1.432301
16770	-3950.321	-4212.509	262.1878	0.630816	0.487782	0.299213	0.142868	0.0701364	1.994751	1.410523
16776	-3954.381	-4216.077	261.6956	0.8427005	0.494122	0.303102	0.186304	0.0164717	1.977457	1.624146
16782	-3958.639	-4220.402	261.7632	0.7502418	0.462845	0.257301	0.241965	0.0378897	1.978721	1.64433
16788	-3953.596	-4215.359	261.7632	0.7502418	0.456154	0.130556	0.357335	0.0559558	1.978721	1.64433
16794	-3955.214	-4216.841	261.6269	0.8218608	0.388343	0.193948	0.304215	0.113494	1.87852	1.758581
16800	-3972.004	-4233.587	261.5831	0.8218608	0.370592	0.185082	0.33602	0.108306	1.91174	1.765971
16806	-3959.269	-4221.229	261.9595	0.7076907	0.303392	0.205299	0.372723	0.118586	1.930468	1.569509
16812	-3974.284	-4235.933	261.6484	0.8224017	0.33313	0.232596	0.405255	0.0290188	1.824636	1.780758
16818	-3956.502	-4217.978	261.4762	0.7638122	0.399976	0.328497	0.266589	0.00493815	1.860246	1.916467
16824	-3950.062	-4211.327	261.2648	1.00977	0.366551	0.105207	0.429549	0.098693	1.845879	1.898119
16830	-3949.641	-4210.408	260.7662	1.327089	0.563257	0.0477787	0.281322	0.107642	1.897769	1.995316
16836	-3944.028	-4205.386	261.3586	0.9820192	0.510839	0.108481	0.255142	0.125538	1.848747	1.851162
16842	-3945.581	-4206.912	261.3317	0.9994407	0.469186	0.186178	0.230984	0.113652	1.764573	1.914897
16848	-3952.458	-4213.489	261.0312	1.072857	0.32658	0.320927	0.248892	0.103601	1.729278	2.090263
16854	-3947.179	-4208.169	260.9901	0.71177	0.369894	0.354341	0.225716	0.0500497	1.674618	2.3903
16860	-3939.153	-4200.274	261.1209	0.7402397	0.540013	0.172229	0.233155	0.0546027	1.74439	2.243188
16866	-3944.91	-4206.682	261.7723	0.7534036	0.403105	0.147408	0.410461	0.0390259	1.792357	1.767387
16872	-3949.22	-4210.978	261.7579	0.8525148	0.397628	0.217006	0.349453	0.0359132	1.886816	1.637221
16878	-3939.287	-4201.125	261.8381	0.7558009	0.483299	0.196032	0.290785	0.029884	1.993062	1.575356
16884	-3938.197	-4200.158	261.9611	0.7088371	0.421542	0.229017	0.291609	0.0578325	1.88833	1.598262
16890	-3941.041	-4202.478	261.4367	0.8729208	0.37776	0.205231	0.314086	0.102922	1.853804	1.870306
16896	-3952.136	-4213.344	261.2082	0.9270523	0.671915	0.115299	0.125366	0.0874209	1.87174	1.975092
16902	-3953.73	-4215.107	261.3767	1.073855	0.585494	0.0902659	0.233252	0.0909878	1.815983	1.798492
16908	-3956.142	-4217.334	261.1914	1.09904	0.494801	0.0618496	0.355521	0.0878285	1.762026	1.944998
16914	-3943.187	-4204.572	261.3857	1.060938	0.405488	0.0359757	0.487564	0.0709723	1.885911	1.752388
16920	-3960.5	-4222.324	261.8243	0.8079528	0.491521	0.102227	0.353697	0.0525557	1.885911	1.623453
16926	-3965.136	-4226.824	261.6883	0.8401439	0.362723	0.329155	0.253643	0.0544791	1.890359	1.693623
16932	-3953.282	-4215.038	261.756	0.7646814	0.438575	0.200148	0.230863	0.130414	1.977684	1.639275
16938	-3955.075	-4216.895	261.8202	0.7646814	0.240384	0.293647	0.394489	0.0714801	1.930462	1.627073
16944	-3955.833	-4217.892	262.0587	0.7194189	0.283721	0.352154	0.306397	0.0577278	1.900996	1.508706
16950	-3974.59	-4235.657	261.067	1.098163	0.42999	0.0687126	0.242086	0.259211	1.714555	2.060094
16956	-3966.24	-4227.656	261.4158	0.8003494	0.520233	0.150044	0.240604	0.0891184	1.667266	2.060094
16962	-3948.414	-4209.333	260.9193	0.8611273	0.369589	0.148509	0.41859	0.0633123	1.660551	2.344751
16968	-3953.449	-4214.283	260.8342	0.9180195	0.37654	0.217915	0.352265	0.0532805	1.714701	2.327204
16974	-3956.49	-4217.774	261.284	0.9329347	0.416358	0.260002	0.26007	0.0635708	1.711482	2.027354
16980	-3950.966	-4212.191	261.2245	0.7881021	0.451113	0.0991087	0.393737	0.0560408	1.815281	2.097065
16986	-3957.979	-4219.234	261.2554	0.5542998	0.313131	0.232941	0.388016	0.0659126	1.706593	2.306775
16992	-3941.456	-4202.597	261.1411	0.7199225	0.377039	0.321707	0.210224	0.0910297	1.646487	2.306775
16998	-3962.904	-4224.208	261.3033	0.7313254	0.329532	0.281172	0.25396	0.135337	1.668399	2.180525
17004	-3943.779	-4205.409	261.6303	0.8114774	0.331177	0.282575	0.255227	0.131021	1.703243	1.884499
17010	-3946.432	-4208.151	261.7185	0.6432429	0.181571	0.418704	0.264133	0.135593	1.844383	1.849152
17016	-3938.024	-4199.779	261.7556	0.6935841	0.248772	0.320283	0.300385	0.13056	1.855335	1.779215
17022	-3942.729	-4204.265	261.5361	0.7291432	0.532522	0.194732	0.237049	0.0356978	1.693619	2.012607
17028	-3962.339	-4224.018	261.679	0.803977	0.419692	0.191442	0.353772	0.0350946	1.801554	1.788884
17034	-3933.522	-4195.097	261.5751	0.724187	0.388561	0.25586	0.323489	0.0320905	1.805972	1.914585
17040	-3941.258	-4203.033	261.7746	0.7559891	0.382389	0.15913	0.303325	0.155155	1.805972	1.754341
17046	-3951.027	-4212.863	261.8364	0.7453034	0.373349	0.216788	0.302707	0.107155	1.829669	1.702126
17052	-3935.783	-4197.614	261.8317	0.6822777	0.334008	0.13039	0.386738	0.148864	1.923699	1.686078
17058	-3932.672	-4194.392	261.72	0.8489724	0.356114	0.16992	0.282523	0.191443	1.961345	1.613396
17064	-3937.673	-4199.423	261.7496	0.8489724	0.484435	0.129583	0.309355	0.0766274	1.883964	1.647861
17070	-3944.13	-4205.338	261.2079	0.7561938	0.347172	0.211222	0.42469	0.016916	1.746248	2.174903
17076	-3940.893	-4201.7	260.8073	0.8834832	0.487919	0.0743279	0.386998	0.0507559	1.726997	2.359069
17082	-3942.685	-4203.557	260.8713	0.8839939	0.483752	0.264396	0.201529	0.0503225	1.723413	2.32032
17088	-3946.857	-4207.805	260.9484	0.8647087	0.384552	0.323626	0.230225	0.0615958	1.607539	2.3576
17094	-3941.411	-4202.753	261.3421	0.8986501	0.39088	0.255202	0.197848	0.156069	1.66553	2.042522
17100	-3955	-4216.412	261.4118	0.9630326	0.609127	0.0903284	0.168011	0.132533	1.764818	1.885194
17106	-3953.247	-4214.462	261.2155	0.9720632	0.708012	0.0871358	0.161577	0.0432751	1.756231	2.016841
17112	-3962.56	-4222.965	260.4049	1.157142	0.491855	0.15506	0.243799	0.109286	1.566004	2.54211
17118	-3945.561	-4206.072	260.511	1.046376	0.411818	0.172865	0.318955	0.0963614	1.581759	2.533249
17124	-3953.66	-4214.287	260.6272	0.7769099	0.418071	0.147118	0.36789	0.0669215	1.567888	2.640534
17130	-3948.321	-4208.414	260.0926	1.167352	0.574974	0.109581	0.228605	0.0868405	1.593879	2.711777
17136	-3942.151	-4202.122	259.9706	1.116908	0.63778	0.03263	0.253577	0.0760125	1.521975	2.859432
17142	-3946.212	-4206.88	260.6678	0.8187292	0.637683	0.0550809	0.296849	0.0103874	1.616957	2.557882
17148	-3956.89	-4218.51	261.62	0.7005691	0.279331	0.353648	0.354612	0.0124087	1.769612	1.92572
17154	-3943.568	-4204.634	261.0663	0.9154614	0.419025	0.141048	0.433658	0.00626805	1.797429	2.125902
17160	-3955.994	-4217.106	261.1118	0.7782267	0.515174	0.167113	0.314888	0.00282532	1.748037	2.220905
17166	-3950.033	-4211.106	261.073	1.174971	0.459512	0.0655345	0.445613	0.0293403	1.778605	1.964352
17172	-3961.13	-4222.965	261.8348	0.8846119	0.604392	0.178739	0.189249	0.0276197	2.000316	1.472371
17178	-3949.327	-4211.114	261.7866	0.8846119	0.228896	0.474064	0.256365	0.0406749	1.962573	1.536687
17184	-3959.705	-4221.745	262.0403	0.7437475	0.339424	0.36252	0.196044	0.102012	1.830014	1.55596
17190	-3952.61	-4214.242	261.632	0.9337465	0.49419	0.109992	0.285433	0.110386	1.964038	1.612085
17196	-3959.079	-4220.901	261.8216	0.7995572	0.276806	0.241818	0.347596	0.13378	1.913123	1.612085
17202	-3951.677	-4213.674	261.9963	0.7574363	0.266153	0.401958	0.239653	0.092236	1.878304	1.542075
17208	-3954.76	-4216.567	261.8064	0.8182377	0.391262	0.337417	0.157557	0.113763	2.004441	1.542075
17214	-3956.839	-4218.115	261.2756	0.766642	0.533235	0.253759	0.168842	0.0441643	1.732409	2.132646
17220	-3944.258	-4205.302	261.0441	0.8385557	0.523938	0.0625621	0.384104	0.0293966	1.788016	2.198039
17226	-3953.296	-4214.516	261.2195	0.8725746	0.565274	0.0663974	0.33713	0.0311987	1.729441	2.098918
17232	-3977.738	-4238.805	261.0673	1.002413	0.628711	0.148919	0.18767	0.0346999	1.726767	2.113919
17238	-3959.831	-4221.249	261.4177	0.8627681	0.459507	0.24733	0.158511	0.134652	1.794149	1.930778
17244	-3952.624	-4213.631	261.0065	0.8380529	0.300119	0.360998	0.211714	0.127169	1.632794	2.322166
17250	-3964.411	-4226.311	261.8999	0.9189353	0.398733	0.302556	0.2301	0.0686104	1.978692	1.412151
17256	-3956.464	-4218.152	261.6883	0.9356096	0.372598	0.251474	0.357731	0.018197	1.907061	1.611211
17262	-3953.033	-4214.385	261.3521	1.162713	0.551395	0.106015	0.326007	0.0165833	1.804534	1.763843
17268	-3954.251	-4215.354	261.1035	1.61297	0.46138	0.0384483	0.486296	0.0138761	1.887302	1.595738
17274	-3955.812	-4217.248	261.4354	1.330517	0.478317	0.0371614	0.48068	0.00384214	1.896998	1.525181
17280	-3961.799	-4223.144	261.3448	1.190472	0.467214	0.0362988	0.469522	0.0269656	1.951149	1.646581
17286	-3958.184	-4219.448	261.2637	1.457425	0.45261	0.0642283	0.367819	0.115343	1.988442	1.500827
17292	-3940.101	-4202.084	261.9829	0.8070427	0.398765	0.0786256	0.490709	0.0319004	2.075348	1.362171
17298	-3950.451	-4212.449	261.9985	0.9206621	0.577299	0.105598	0.309649	0.00745382	1.974228	1.336742
17304	-3957.19	-4219.419	262.2288	0.8047605	0.560192	0.132102	0.300473	0.00723294	2.03218	1.19767
17310	-3943.91	-4206.149	262.2396	0.8047605	0.375936	0.222471	0.370476	0.0311162	2.084942	1.142149
17316	-3956.386	-4218.431	262.0449	0.8047605	0.189182	0.570305	0.139228	0.101285	2.082203	1.309105
17322	-3946.052	-4208.549	262.4964	0.6034332	0.356383	0.291183	0.260135	0.0922988	2.082203	1.104716
17328	-3945.336	-4207.528	262.192	0.828806	0.266965	0.325692	0.377564	0.0297801	2.148969	1.104716
17334	-3944.901	-4207.299	262.3985	0.5484338	0.215864	0.435949	0.322731	0.0254552	2.117332	1.210508
17340	-3941.702	-4204.262	262.5601	0.5484338	0.367172	0.347989	0.257615	0.0272249	2.117332	1.066263
17346	-3937.306	-4199.927	262.621	0.5602396	0.275106	0.383037	0.31189	0.0299669	2.153796	0.9578916
17352	-3947.094	-4209.254	262.1601	0.7879158	0.349286	0.239538	0.37313	0.0380472	2.205095	1.121519
17358	-3965.265	-4227.419	262.1542	0.8633892	0.417542	0.0771793	0.463481	0.0417976	2.199737	1.059267
17364	-3951.976	-4214.498	262.5217	0.533243	0.316179	0.341558	0.314168	0.0280958	2.009204	1.210876
17370	-3954.136	-4216.109	261.9724	0.8615563	0.320121	0.243661	0.415088	0.0211303	2.009204	1.377837
17376	-3958.474	-4220.37	261.8965	0.8615563	0.308805	0.182683	0.481947	0.0265649	1.944368	1.485996
17382	-3957.968	-4220.276	262.308	0.4969547	0.349829	0.383653	0.230085	0.0364335	2.099828	1.342224
17388	-3952.226	-4214.18	261.9539	1.006169	0.303812	0.275862	0.266476	0.15385	2.099828	1.198471
17394	-3932.914	-4195.228	262.3141	0.6822792	0.362384	0.319331	0.197921	0.120363	2.087997	1.187471
17400	-3952.966	-4215.236	262.2703	0.6822792	0.508038	0.236364	0.241467	0.0141313	2.106988	1.208698
17406	-3945.716	-4207.953	262.2372	0.6038965	0.400864	0.25719	0.32304	0.0189053	2.026669	1.369204
17412	-3940.374	-4202.225	261.8512	0.9077242	0.325165	0.297422	0.373573	0.00383981	1.894098	1.521982
17418	-3963.994	-4225.633	261.6388	0.8478739	0.415972	0.10063	0.4779	0.00549813	1.744582	1.824416
17424	-3946.622	-4208.273	261.6517	0.8793118	0.441882	0.0889418	0.464317	0.00485951	1.697712	1.825419
17430	-3947.215	-4208.531	261.316	0.7231925	0.451609	0.07084	0.474538	0.00301314	1.665757	2.179643
17436	-3942.793	-4203.287	260.495	0.9273465	0.425392	0.118766	0.453004	0.00283822	1.744104	2.516486
17442	-3935.881	-4197.2	261.3191	0.7956959	0.269932	0.428228	0.30004	0.00180099	1.721205	2.091468
17448	-3945.736	-4206.814	261.0777	1.14751	0.431798	0.0941815	0.453828	0.0201923	1.828385	1.945369
17454	-3950.057	-4211.199	261.1424	1.084744	0.308397	0.109673	0.518319	0.0636106	1.729455	2.008884
17460	-3940.088	-4201.59	261.5025	0.9348581	0.643521	0.121067	0.206345	0.0290673	1.786945	1.827544
17466	-3945.908	-4207.2	261.2915	0.960018	0.398202	0.0704521	0.51443	0.016915	1.822771	1.929478
17472	-3944.197	-4205.622	261.4253	1.017151	0.443925	0.137329	0.385774	0.0329717	1.791326	1.820633
17478	-3954.644	-4215.664	261.0191	1.4241	0.393559	0.0521538	0.543915	0.0103723	1.76888	1.852853
17484	-3961.899	-4223.266	261.3667	1.051746	0.390207	0.27843	0.32692	0.0044433	1.768773	1.852853
17490	-3964.688	-4226.127	261.4389	1.051746	0.404009	0.190416	0.381091	0.0244843	1.860777	1.739073
17496	-3969.296	-4230.569	261.2734	1.014832	0.343254	0.400398	0.234536	0.0218121	1.693966	1.991172
17502	-3954.32	-4215.799	261.4792	0.7029823	0.21122	0.357251	0.417081	0.014447	1.810408	1.991172
17508	-3961.49	-4222.806	261.3163	0.7170392	0.274424	0.424485	0.290748	0.0103434	1.752826	2.126985
17514	-3952.189	-4213.531	261.3417	0.8117166	0.275446	0.406173	0.304868	0.0135118	1.666614	2.101461
17520	-3957.217	-4217.841	260.6247	1.04248	0.501029	0.0320129	0.452275	0.0146833	1.76874	2.346541
17526	-3947.593	-4209.064	261.4712	0.7545726	0.433364	0.220751	0.339677	0.00620797	1.668069	2.054822
17532	-3943.726	-4205.2	261.474	0.7798401	0.42542	0.216704	0.33345	0.024426	1.85963	1.906996
17538	-3947.846	-4209.182	261.3352	0.7197222	0.470275	0.22966	0.279585	0.0204803	1.762308	2.10655
17544	-3936.585	-4197.812	261.2273	0.7407746	0.322188	0.148854	0.492855	0.0361029	1.735887	2.179582
17550	-3942.376	-4203.51	261.1345	0.7712614	0.406415	0.220403	0.313922	0.0592598	1.71635	2.23145
17556	-3945.641	-4206.393	260.7521	0.7712614	0.417365	0.194017	0.32238	0.0662375	1.643639	2.519784
17562	-3941.293	-4202.075	260.7816	0.7487714	0.352294	0.163768	0.42475	0.059188	1.660338	2.505701
17568	-3955.569	-4216.683	261.114	0.9262654	0.527261	0.292238	0.0748826	0.105619	1.80492	2.082453
17574	-3949.677	-4211.819	262.1421	0.7436984	0.386999	0.183372	0.404374	0.025254	2.111426	1.258157
17580	-3959.726	-4222.147	262.4202	0.6238158	0.307092	0.348287	0.300837	0.0437841	2.310526	0.9340136
17586	-3961.977	-4224.309	262.3328	0.7416467	0.267325	0.413928	0.245077	0.073669	2.370491	0.8207585
17592	-3952.254	-4214.516	262.2623	0.7742316	0.31719	0.346612	0.249295	0.0869034	2.415061	0.8098902
17598	-3953.849	-4216.219	262.3702	0.6414062	0.271945	0.338936	0.317869	0.0712497	2.351908	0.9232296
17604	-3965.713	-4228.112	262.3986	0.7105367	0.311718	0.242717	0.353278	0.0922865	2.298225	0.8689804
17610	-3948.936	-4211.223	262.2867	0.7289221	0.243763	0.376631	0.276262	0.103345	2.362004	0.9019345
17616	-3949.733	-4212.172	262.4391	0.6208841	0.452813	0.191747	0.294133	0.0613071	2.320993	0.9052429
17622	-3952.079	-4214.342	262.2631	0.7099395	0.379657	0.337399	0.247317	0.0356278	2.323635	0.9891097
17628	-3954.968	-4217.165	262.1969	0.7099395	0.27474	0.456853	0.145303	0.123104	2.274983	1.099333
17634	-3950.654	-4212.865	262.2108	0.6847662	0.296178	0.443349	0.141008	0.119465	2.166095	1.206844
17640	-3950.726	-4212.734	262.008	0.961004	0.243264	0.382407	0.31569	0.0586397	2.125066	1.169053
17646	-3952.995	-4215.135	262.1396	0.7472557	0.218711	0.451726	0.269735	0.0598287	2.125066	1.245726
17652	-3956.761	-4219.033	262.2724	0.6323177	0.388714	0.248911	0.320104	0.0422706	2.042374	1.304598
17658	-3940.659	-4202.621	261.962	0.7799927	0.250651	0.290053	0.425497	0.0337984	2.038083	1.429632
17664	-3942.232	-4204.287	262.0553	0.8084718	0.438675	0.220326	0.3359	0.00509954	2.062049	1.313801
17670	-3973.817	-4235.002	261.1848	0.8502936	0.438841	0.21048	0.243341	0.107338	1.637088	2.196751
17676	-3964.104	-4225.656	261.5526	0.6980436	0.425926	0.233715	0.23618	0.104179	1.723331	2.003817
17682	-3970.631	-4231.838	261.2075	0.7626813	0.428772	0.231606	0.191199	0.148422	1.776795	2.150874
17688	-3969.491	-4230.467	260.9753	0.7897821	0.235517	0.230575	0.425891	0.108018	1.656879	2.358772
17694	-3977.943	-4239.197	261.2542	1.068846	0.616624	0.0662663	0.242795	0.0743142	1.68718	1.972865
17700	-3975.191	-4236.862	261.6707	0.809668	0.475538	0.104315	0.365674	0.0544735	1.817466	1.779449
17706	-3979.833	-4241.329	261.4964	0.809668	0.578937	0.164265	0.223504	0.0332948	1.82467	1.894298
17712	-3957.613	-4218.932	261.3186	1.068421	0.475945	0.11473	0.3651	0.044225	1.77787	1.868329
17718	-3951.788	-4212.996	261.2077	0.8881201	0.385717	0.0798247	0.445938	0.0885208	1.776145	2.065435
17724	-3966.658	-4227.978	261.32	0.7260905	0.385717	0.0798247	0.445938	0.0885208	1.77134	2.106167
17730	-3956.477	-4217.905	261.4282	0.7260905	0.417064	0.0824307	0.460496	0.0400093	1.705659	2.078234
17736	-3945.083	-4206.673	261.5903	0.4877183	0.217483	0.474607	0.277755	0.030155	1.798779	2.07366
17742	-3951.143	-4212.798	261.6548	0.7941312	0.387021	0.206412	0.377693	0.0288736	1.851783	1.778006
17748	-3955.503	-4217.026	261.5234	0.645813	0.391864	0.368153	0.210748	0.0292349	1.764837	2.032397
17754	-3966.49	-4228.019	261.529	0.645813	0.323402	0.303833	0.348637	0.0241273	1.759173	2.032397
17760	-3951.481	-4212.683	261.2021	0.7034184	0.332194	0.305045	0.29711	0.0656505	1.749916	2.212449
17766	-3950.19	-4211.173	260.9831	0.735921	0.197437	0.376045	0.366263	0.0602552	1.598475	2.426638
17772	-3962.02	-4223.471	261.4509	0.742373	0.405964	0.288805	0.263243	0.041988	1.652186	2.08711
17778	-3956.082	-4217.261	261.1797	0.8767589	0.372914	0.336909	0.251608	0.0385697	1.782888	2.08711
17784	-3955.877	-4216.901	261.0245	1.226674	0.523509	0.120437	0.265692	0.0903624	1.787725	1.958046
17790	-3956.263	-4216.96	260.697	1.224375	0.490264	0.0353385	0.396576	0.0778207	1.662521	2.25637
17796	-3958.633	-4219.249	260.6157	0.9414391	0.43866	0.20043	0.193503	0.167407	1.631635	2.502381
17802	-3952.854	-4213.321	260.467	0.9414391	0.387966	0.177267	0.272079	0.162688	1.541265	2.650675
17808	-3966.555	-4227.576	261.0203	0.6458911	0.368934	0.168571	0.307789	0.154707	1.466533	2.545613
17814	-3964.189	-4225.523	261.334	0.7572524	0.298286	0.252388	0.405098	0.0442278	1.707945	2.116908
17820	-3955.582	-4217.08	261.4981	0.8200199	0.515505	0.0625925	0.408259	0.013643	1.724477	1.95352
17826	-3950.697	-4212.042	261.3453	1.123625	0.465817	0.173157	0.341744	0.0192815	1.810303	1.79068
17832	-3959.166	-4220.414	261.2475	0.9198926	0.345748	0.175027	0.45358	0.025645	1.772667	2.019784
17838	-3960.743	-4221.926	261.1824	0.8247229	0.389202	0.2251	0.352717	0.0329817	1.715308	2.164841
17844	-3960.546	-4221.764	261.2178	0.7712904	0.437804	0.315725	0.209371	0.0371003	1.735882	2.164841
17850	-3955.173	-4216.521	261.3477	0.9447613	0.29353	0.288613	0.323026	0.0948314	1.779485	1.931227
17856	-3962.375	-4224.02	261.645	0.9447613	0.425326	0.195009	0.274378	0.105287	1.882419	1.653419
17862	-3958.05	-4219.466	261.4154	0.8667915	0.298549	0.165998	0.457012	0.078441	1.824117	1.909274
17868	-3956.047	-4217.458	261.4103	0.8453167	0.46064	0.256122	0.192458	0.0907805	1.763248	1.968749
17874	-3957.634	-4218.619	260.9854	1.038271	0.420462	0.233783	0.175671	0.170084	1.855927	2.059442
17880	-3949.715	-4211.044	261.3297	0.9664123	0.428894	0.102033	0.313457	0.155616	1.739891	1.955239
17886	-3956.767	-4218.309	261.5417	0.7998118	0.390062	0.203364	0.352153	0.0544199	1.739891	1.927993
17892	-3974.409	-4235.892	261.4834	0.7443599	0.472187	0.179642	0.301194	0.0469775	1.852029	1.931017
17898	-3979.045	-4240.546	261.5008	0.7616996	0.443504	0.168758	0.335422	0.052316	1.852029	1.90694
17904	-3981.504	-4242.647	261.1428	0.9951724	0.371993	0.350958	0.164744	0.112304	1.709515	2.080452
17910	-3978.087	-4240.099	262.0125	0.74295	0.416214	0.153434	0.29341	0.136942	1.994508	1.454209
17916	-3955.946	-4218.034	262.0882	0.793201	0.390358	0.231982	0.307732	0.0699285	2.160815	1.218214
17922	-3958.255	-4219.566	261.3112	1.042852	0.391485	0.166641	0.252899	0.188976	1.866941	1.829561
17928	-3965.323	-4226.762	261.4383	1.20054	0.455557	0.1908	0.223767	0.129876	1.860002	1.638098
17934	-3959.255	-4221.119	261.864	0.7816606	0.403166	0.177371	0.269961	0.149502	1.882612	1.617093
17940	-3959.176	-4221.517	262.3412	0.5980383	0.328127	0.412302	0.219715	0.0398562	1.899358	1.392276
17946	-3954.252	-4216.155	261.9036	0.7943659	0.263364	0.364586	0.36239	0.00966019	1.974921	1.510306
17952	-3950.894	-4212.923	262.0282	0.8545457	0.259064	0.358633	0.356472	0.0258319	1.974325	1.367081
17958	-3957.542	-4219.695	262.1536	0.782768	0.396337	0.237411	0.307901	0.0583518	2.076364	1.243459
17964	-3963.252	-4225.299	262.0472	0.7744061	0.350584	0.325442	0.272357	0.0516158	2.191579	1.243459
17970	-3947.291	-4209.237	261.9455	0.9705443	0.336519	0.357207	0.250969	0.0553049	2.125022	1.21464
17976	-3958.447	-4220.25	261.8025	0.9389275	0.253388	0.343615	0.359915	0.0430821	2.163481	1.327249
17982	-3955.115	-4217.145	262.0299	0.6646607	0.3573	0.304791	0.300546	0.0373625	2.124208	1.404781
17988	-3957.398	-4219.429	262.0309	0.6774355	0.284041	0.316243	0.350932	0.0487839	2.042093	1.456795
17994	-3970.023	-4232.229	262.2065	0.6166126	0.339569	0.334377	0.274473	0.0515812	2.098954	1.325471
18000	-3976.204	-4238.038	261.8343	0.7820789	0.401746	0.369116	0.0743263	0.154812	1.832368	1.674196
18006	-3974.433	-4235.894	261.4603	0.9728783	0.577987	0.18874	0.137936	0.0953367	1.81174	1.812945
18012	-3958.979	-4220.077	261.0986	1.085863	0.459231	0.0297752	0.462593	0.0484013	1.795158	1.993583
18018	-3960.386	-4222.126	261.7402	0.7814062	0.435142	0.0875875	0.438327	0.0389431	1.845322	1.732158
18024	-3948.927	-4210.669	261.7411	0.8047588	0.385321	0.161076	0.391893	0.0617095	1.917251	1.663129
18030	-3959.985	-4221.733	261.7474	0.88561	0.38749	0.182638	0.400829	0.029043	2.026234	1.517744
18036	-3952.812	-4214.487	261.6754	1.14347	0.534902	0.158844	0.280003	0.0262514	1.931548	1.449843
18042	-3956.301	-4217.736	261.4354	0.9770617	0.501986	0.176563	0.262773	0.0586771	1.952108	1.729563
18048	-3958.22	-4218.905	260.6854	1.005263	0.459804	0.284085	0.216699	0.0394118	1.618916	2.426273
18054	-3954.274	-4215.765	261.491	0.8006106	0.369625	0.338315	0.224742	0.0673179	1.732926	1.966225
18060	-3950.285	-4211.495	261.2097	0.8460009	0.459268	0.222936	0.260281	0.057515	1.814483	2.067537
18066	-3960.67	-4221.784	261.1138	0.4572903	0.25778	0.503433	0.222724	0.0160638	1.599755	2.52449
18072	-3949.079	-4210.672	261.5929	0.5146931	0.296048	0.376845	0.308659	0.0184485	1.677059	2.134142
18078	-3958.457	-4220.307	261.8503	0.4938615	0.135061	0.433746	0.406874	0.0243188	1.797739	1.896443
18084	-3953.562	-4214.95	261.3887	0.5990353	0.171135	0.573357	0.21853	0.0369789	1.714915	2.185719
18090	-3943.121	-4204.425	261.3043	0.4591926	0.240107	0.357684	0.306604	0.0956047	1.714915	2.330861
18096	-3947.188	-4208.694	261.5061	0.5629638	0.211173	0.384174	0.329311	0.0753417	1.819386	2.065262
18102	-3937.026	-4198.65	261.6237	0.8063747	0.331988	0.188448	0.361119	0.118445	1.879739	1.771222
18108	-3953.768	-4215.287	261.5188	0.8999281	0.403822	0.210231	0.13511	0.250837	1.879739	1.776718
18114	-3964.181	-4226.317	262.1355	0.4674246	0.227683	0.467076	0.283433	0.0218079	1.857429	1.674752
18120	-3961.779	-4223.463	261.684	0.9350299	0.326904	0.396642	0.253143	0.0233119	1.961756	1.574869
18126	-3960.533	-4222.05	261.5169	1.151253	0.469094	0.272816	0.227623	0.0304679	1.880678	1.600106
18132	-3961.419	-4222.971	261.5522	0.8330649	0.411997	0.254732	0.298366	0.0349048	1.939989	1.759658
18138	-3951.383	-4213.508	262.125	0.5273486	0.239912	0.301563	0.417204	0.0413218	1.966176	1.560615
18144	-3951.981	-4213.673	261.6926	0.7463722	0.263274	0.299367	0.404586	0.0327737	1.868498	1.775002
18150	-3959.12	-4220.585	261.4651	0.7384747	0.384586	0.20237	0.346929	0.0661143	1.893234	1.919803
18156	-3949.82	-4211.053	261.2333	0.8544107	0.361894	0.241232	0.349067	0.0478076	1.831769	2.034764
18162	-3952.499	-4214.462	261.9626	0.7613904	0.453362	0.300092	0.229072	0.0174741	2.046676	1.437591
18168	-3949.877	-4211.926	262.0494	0.6781207	0.453362	0.300092	0.229072	0.0174741	2.018219	1.460331
18174	-3946.99	-4209.209	262.219	0.6773161	0.296257	0.292797	0.384837	0.0261093	2.043985	1.30792
18180	-3971.133	-4233.134	262.0004	0.933598	0.408484	0.403713	0.162591	0.0252121	2.107248	1.214891
18186	-3960.982	-4223.074	262.0926	0.6883858	0.377218	0.397967	0.160277	0.0645383	2.190668	1.281866
18192	-3953.043	-4215.397	262.3543	0.6026367	0.233347	0.246182	0.470554	0.0499166	2.214607	1.114327
18198	-3955.304	-4217.362	262.0578	0.7152732	0.273981	0.387306	0.226492	0.11222	2.120236	1.343827
18204	-3959.968	-4222.274	262.3059	0.6414685	0.152405	0.498803	0.298953	0.0498395	2.182651	1.149668
18210	-3946.058	-4208.116	262.0582	0.6790161	0.215189	0.472867	0.237806	0.074138	2.013113	1.456737
18216	-3940.778	-4202.923	262.1446	0.6074376	0.137546	0.523495	0.29385	0.0451093	1.989727	1.466361
18222	-3948.657	-4210.221	261.5642	0.5388154	0.309965	0.384944	0.280906	0.0241846	1.656746	2.150144
18228	-3953.828	-4215.048	261.2201	0.5056052	0.23496	0.323775	0.427064	0.0142012	1.673955	2.381494
18234	-3938.013	-4198.749	260.7367	0.582415	0.258712	0.460811	0.276968	0.00350927	1.618318	2.668502
18240	-3936.804	-4197.226	260.4215	0.9096463	0.371765	0.223193	0.398	0.00704273	1.590221	2.668502
18246	-3938.85	-4199.577	260.727	0.7011042	0.267197	0.414996	0.313666	0.00414132	1.613542	2.600118
18252	-3944.771	-4206.38	261.6085	0.7530174	0.326338	0.19688	0.454332	0.0224501	1.77928	1.889407
18258	-3941.05	-4202.458	261.4084	0.5504408	0.274012	0.327352	0.38714	0.0114972	1.757493	2.178149
18264	-3943.584	-4204.64	261.0568	0.7917297	0.21693	0.311727	0.46224	0.0091021	1.68653	2.286706
18270	-3970.771	-4233.295	262.524	0.6427458	0.309391	0.235026	0.327224	0.128359	2.088279	1.034222
18276	-3956.641	-4219.124	262.483	0.6437427	0.300243	0.405005	0.166746	0.128006	2.110685	1.050996
18282	-3949.413	-4211.343	261.9307	0.6097721	0.417422	0.317213	0.162526	0.102838	1.940682	1.658069
18288	-3942.235	-4203.897	261.6618	0.6097721	0.292687	0.3258	0.275891	0.105622	1.924461	1.857395
18294	-3944.912	-4206.457	261.5448	0.739384	0.434642	0.288722	0.244493	0.0321429	1.770795	1.94796
18300	-3954.793	-4215.946	261.1535	0.9814172	0.335011	0.222539	0.417676	0.0247749	1.892337	1.961059
18306	-3944.391	-4205.545	261.1543	0.7474733	0.365702	0.275017	0.331805	0.0274758	1.788151	2.188487
18312	-3945.164	-4206.147	260.9828	0.8380961	0.286684	0.319834	0.296362	0.0971193	1.808774	2.224564
18318	-3949.965	-4211.061	261.0964	0.8552489	0.245853	0.275009	0.395631	0.0835078	1.838479	2.119869
18324	-3954.864	-4216.172	261.308	0.7006981	0.321488	0.377938	0.23557	0.0650049	1.729016	2.159158
18330	-3937.291	-4199.188	261.8964	0.5670226	0.200637	0.435257	0.289243	0.0748637	1.785145	1.822647
18336	-3946.655	-4208.251	261.5959	0.7985682	0.311033	0.305761	0.301723	0.0814823	1.897772	1.78369
18342	-3980.872	-4242.911	262.0384	0.5197855	0.221367	0.263135	0.387252	0.128245	1.807975	1.74179
18348	-3971.918	-4233.992	262.0734	0.4697527	0.364492	0.382199	0.190291	0.0630181	1.847504	1.724212
18354	-3954.807	-4216.921	262.1136	0.784315	0.35884	0.32881	0.156964	0.155386	1.916114	1.403233
18360	-3960.536	-4222.198	261.6624	0.9721169	0.502563	0.183207	0.292897	0.0213333	1.866054	1.632798
18366	-3957.583	-4219.327	261.7439	0.7434622	0.313556	0.21193	0.338819	0.135696	1.804177	1.786223
18372	-3958.298	-4219.403	261.1046	1.090516	0.399004	0.31971	0.184591	0.0966955	1.837532	1.958148
18378	-3952.214	-4213.824	261.6101	1.122801	0.539595	0.24492	0.141409	0.0740755	1.919413	1.523186
18384	-3950.108	-4211.562	261.4539	1.15803	0.467301	0.210126	0.27185	0.0507222	1.785021	1.709212
18390	-3979.034	-4240.605	261.5707	0.8618664	0.368403	0.186892	0.419291	0.0254131	1.799189	1.823724
18396	-3964.926	-4226.527	261.6012	0.8872937	0.492434	0.138051	0.350743	0.0187718	1.799189	1.784445
18402	-3954.082	-4215.648	261.5655	0.8534983	0.431787	0.244206	0.307547	0.0164599	1.756547	1.862483
18408	-3967.312	-4229.021	261.709	0.6375896	0.441959	0.274601	0.245225	0.0382155	1.840381	1.862483
18414	-3963.42	-4224.671	261.2513	0.6647813	0.2741	0.357201	0.318989	0.0497108	1.676237	2.254587
18420	-3960.353	-4221.442	261.0887	0.9538864	0.590876	0.0529446	0.311969	0.0442113	1.847645	2.052472
18426	-3957.479	-4219.047	261.5681	0.4565122	0.231796	0.500598	0.23501	0.0325956	1.741216	2.14565
18432	-3954.297	-4215.326	261.0283	0.7688968	0.44708	0.123883	0.373644	0.0553942	1.68695	2.319947
18438	-3963.369	-4224.331	260.9618	0.6628332	0.356929	0.182194	0.404397	0.0564798	1.656374	2.452306
18444	-3953.548	-4214.694	261.1461	0.8575678	0.415771	0.104319	0.471065	0.0088446	1.665338	2.198666
18450	-3954.622	-4215.859	261.2366	0.8254064	0.416718	0.104556	0.472137	0.00658833	1.745924	2.109034
18456	-3957.082	-4218.132	261.05	0.8834704	0.315148	0.103124	0.465671	0.116057	1.803357	2.154076
18462	-3950.431	-4211.009	260.5779	0.7521794	0.331462	0.183806	0.405083	0.0796501	1.659585	2.630435
18468	-3946.002	-4207.18	261.1774	0.7267685	0.370966	0.207628	0.40433	0.0170758	1.641534	2.28214
18474	-3946.357	-4207.527	261.1694	0.6787932	0.296872	0.349606	0.323572	0.0299511	1.700339	2.28214
18480	-3949.252	-4209.873	260.6211	0.7386261	0.273419	0.356083	0.329567	0.0409307	1.613872	2.64082
18486	-3954.08	-4214.285	260.2049	1.009317	0.298547	0.420263	0.180838	0.100352	1.671028	2.690073
18492	-3952.45	-4213.355	260.9053	0.6663773	0.240231	0.338172	0.352803	0.0687946	1.537408	2.559578
18498	-3959.805	-4219.789	259.9839	1.175841	0.426665	0.211546	0.318754	0.043035	1.567726	2.789252
18504	-3946.981	-4207.919	260.938	0.913422	0.484693	0.1527	0.248728	0.113879	1.717527	2.262068
18510	-3958.285	-4219.402	261.1173	0.726665	0.391196	0.180405	0.293857	0.134541	1.732982	2.262068
18516	-3950.095	-4211.44	261.3446	0.8014098	0.293111	0.385903	0.220178	0.100808	1.774731	2.03539
18522	-3953.931	-4214.885	260.9542	0.7800518	0.385333	0.259074	0.289454	0.0661391	1.745285	2.322484
18528	-3952.643	-4214.143	261.4993	0.6411237	0.388472	0.226395	0.349145	0.0359883	1.78573	2.037787
18534	-3952.723	-4214.707	261.9844	0.6803358	0.266368	0.429715	0.257362	0.0465549	1.868124	1.6179
18540	-3962.147	-4224.25	262.1023	0.5192021	0.294243	0.277873	0.36234	0.0655446	1.932814	1.607641
18546	-3966.964	-4228.77	261.806	0.8479313	0.231494	0.293567	0.382805	0.0921347	2.018936	1.50855
18552	-3958.257	-4220.496	262.2386	0.6980812	0.209812	0.267955	0.43501	0.0872234	2.048839	1.269985
18558	-3965.591	-4227.939	262.3481	0.5520986	0.239517	0.219049	0.411926	0.129508	2.128611	1.240346
18564	-3947.227	-4209.568	262.3405	0.6580905	0.241027	0.22043	0.408218	0.130324	2.243105	1.046129
18570	-3951.887	-4214.29	262.4032	0.6580905	0.267046	0.243647	0.451213	0.0380942	2.24957	0.9777498
18576	-3951.405	-4213.559	262.1544	0.9181601	0.336555	0.333624	0.256519	0.0733019	2.1704	1.033161
18582	-3951.542	-4213.673	262.1311	0.6859039	0.385896	0.283928	0.267793	0.0623831	2.160959	1.276826
18588	-3959.91	-4221.715	261.8049	0.8988147	0.422953	0.311194	0.22045	0.0454024	1.938621	1.530108
18594	-3945.672	-4207.29	261.618	0.7522098	0.337682	0.342272	0.238142	0.0819045	1.861344	1.827341
18600	-3955.75	-4217.579	261.8297	0.8482834	0.337682	0.342272	0.238142	0.0819045	2.018338	1.490967
18606	-3954.078	-4216.227	262.1497	0.8482834	0.437084	0.179426	0.308243	0.0752472	1.943797	1.299515
18612	-3934.633	-4196.706	262.0726	0.8078358	0.48913	0.162836	0.279743	0.06829	2.167675	1.212637
18618	-3942.5	-4204.244	261.7445	0.8617846	0.48763	0.162337	0.278885	0.0711475	1.937191	1.60355
18624	-3949.597	-4211.758	262.1604	0.7357877	0.434363	0.164746	0.313697	0.0871946	2.036435	1.311384
18630	-3945.457	-4207.592	262.1351	0.7820948	0.309549	0.369906	0.25368	0.0668649	2.003237	1.319177
18636	-3961.774	-4223.781	262.0074	0.8900769	0.313388	0.374493	0.256826	0.0552934	1.980818	1.349358
18642	-3971.992	-4233.559	261.5673	0.7331359	0.188607	0.341859	0.382375	0.0871586	1.763776	1.941992
18648	-3950.548	-4212.324	261.7761	0.6991535	0.365072	0.270541	0.270101	0.0942859	1.943765	1.698641
18654	-3952.972	-4214.702	261.7306	0.8607345	0.489368	0.0571584	0.36934	0.0841341	1.947429	1.606988
18660	-3960.384	-4221.535	261.1504	1.469266	0.479147	0.0374792	0.400997	0.0823769	1.947429	1.606988
18666	-3961.268	-4223.165	261.8969	0.9190814	0.44338	0.0314434	0.424635	0.100542	1.88816	1.48348
18672	-3964.385	-4226.819	262.4333	0.6835617	0.198586	0.403077	0.382689	0.0156472	2.056009	1.108997
18678	-3952.679	-4215.075	262.3961	0.6328346	0.259281	0.344602	0.391475	0.00464209	2.159744	1.097202
18684	-3942.679	-4205.074	262.3945	0.6328346	0.284225	0.318649	0.361992	0.0351329	2.137368	1.119099
18690	-3960.876	-4223.39	262.5146	0.6071718	0.143619	0.588921	0.252615	0.0148457	2.04429	1.119099
18696	-3953.906	-4215.933	262.0279	0.8211479	0.50935	0.111616	0.3151	0.0639339	1.97117	1.397034
18702	-3970.409	-4231.574	261.165	0.9591792	0.460648	0.130486	0.284971	0.123895	1.918338	1.950876
18708	-3970.158	-4231.451	261.2932	0.8067551	0.487655	0.187798	0.193388	0.131159	1.756668	2.077583
18714	-3961.295	-4222.379	261.0847	0.7942489	0.40182	0.155801	0.2636	0.178778	1.623295	2.307578
18720	-3949.356	-4209.862	260.5063	0.7483335	0.42132	0.197133	0.253615	0.127932	1.623295	2.699367
18726	-3940.93	-4202.191	261.2607	0.7544193	0.319308	0.390067	0.192208	0.0984167	1.839087	2.080951
18732	-3938.003	-4199.734	261.7313	0.7544193	0.377342	0.192752	0.302922	0.126984	1.841314	1.76108
18738	-3943.448	-4204.774	261.3266	0.6904552	0.366846	0.240509	0.331182	0.0614626	1.823701	2.092202
18744	-3956.062	-4217.418	261.3557	0.618891	0.353104	0.23729	0.326023	0.0835829	1.737882	2.178681
18750	-3960.835	-4222.242	261.407	0.6279433	0.29214	0.522415	0.145061	0.0403836	1.73507	2.140933
18756	-3963.716	-4225.427	261.7109	0.6033447	0.163429	0.558088	0.215968	0.062515	1.751973	1.945687
18762	-3947.417	-4208.849	261.4322	0.7314054	0.254523	0.419333	0.163142	0.163002	1.766282	2.031796
18768	-3937.414	-4198.576	261.1617	0.7314054	0.447468	0.197105	0.23857	0.116857	1.712212	2.243696
18774	-3949.37	-4210.511	261.1403	0.7314054	0.404085	0.177995	0.312392	0.105528	1.607563	2.324397
18780	-3943.135	-4204.134	260.9981	0.806184	0.468057	0.128649	0.304487	0.0988063	1.710631	2.299108
18786	-3957.249	-4218.086	260.8372	0.8509445	0.421097	0.307265	0.182745	0.0888931	1.627285	2.424431
18792	-3956.282	-4216.724	260.4426	0.8842959	0.370122	0.181646	0.343747	0.104486	1.581556	2.676878
18798	-3963.553	-4224.404	260.8508	0.7710856	0.327826	0.275164	0.304465	0.0925454	1.591771	2.490589
18804	-3978.049	-4238.981	260.9328	0.8069887	0.392821	0.199253	0.364827	0.0430986	1.622976	2.395758
18810	-3960.511	-4221.987	261.476	0.688375	0.329228	0.110858	0.5356	0.0243145	1.772781	2.028645
18816	-3977.342	-4238.76	261.4181	0.7794968	0.426873	0.328034	0.219644	0.0254488	1.846488	1.953828
18822	-3958.443	-4220.044	261.6011	0.9075237	0.406078	0.364645	0.190725	0.0385525	1.940813	1.670241
18828	-3954.285	-4216.315	262.03	0.7377751	0.198713	0.313557	0.357126	0.130604	1.966178	1.466609
18834	-3950.767	-4212.731	261.9641	0.7177401	0.343968	0.2801	0.259264	0.116668	2.002543	1.504817
18840	-3946.699	-4208.68	261.9812	0.7177401	0.285999	0.259338	0.359781	0.0948821	2.002543	1.491995
18846	-3957.712	-4219.911	262.1988	0.7007602	0.270849	0.482789	0.186721	0.0596411	1.850459	1.456046
18852	-3964.172	-4226.072	261.8994	0.7606604	0.357238	0.354821	0.191312	0.0966291	1.964846	1.547222
18858	-3944.382	-4206.367	261.9853	0.7328463	0.407594	0.236806	0.24535	0.11025	1.923683	1.535833
18864	-3941.509	-4202.667	261.1577	0.9416889	0.393112	0.26409	0.236632	0.106165	1.827359	2.028344
18870	-3940.766	-4202.236	261.4697	0.8690532	0.390448	0.250134	0.248453	0.110965	1.822558	1.871824
18876	-3948.14	-4210.047	261.9063	0.7071075	0.395766	0.168337	0.262226	0.173671	1.871607	1.651235
18882	-3962.717	-4224.313	261.5964	0.7894282	0.416879	0.146921	0.276215	0.159985	1.968148	1.740951
18888	-3966.545	-4228.813	262.2684	0.5680314	0.438394	0.154504	0.365041	0.0420607	1.976569	1.413155
18894	-3971.637	-4233.722	262.0853	0.7593933	0.300504	0.419532	0.251038	0.0289251	2.054075	1.337549
18900	-3967.357	-4229.301	261.9441	0.8347787	0.428641	0.235265	0.223929	0.112164	2.056651	1.384656
18906	-3947.803	-4209.749	261.9458	0.7531504	0.340212	0.11665	0.424126	0.119011	2.059582	1.447225
18912	-3947.293	-4209.327	262.0343	0.7290968	0.313105	0.121442	0.441552	0.123901	2.028144	1.422933
18918	-3954.357	-4216.163	261.8065	0.8680151	0.33061	0.127119	0.466238	0.0760331	1.960964	1.53588
18924	-3953.453	-4215.456	262.0038	0.8044231	0.343425	0.304406	0.275848	0.0763205	2.095961	1.331339
18930	-3967.315	-4229.164	261.8487	1.191215	0.561931	0.0534903	0.354878	0.0297001	2.210758	1.029818
18936	-3959.023	-4221.488	262.4649	0.5739148	0.459308	0.267147	0.243124	0.0304209	2.19057	1.062063
18942	-3953.865	-4216.14	262.2748	0.8039559	0.426102	0.247833	0.297843	0.0282215	2.174783	1.026806
18948	-3962.473	-4224.306	261.8329	1.232911	0.417902	0.235468	0.33037	0.0162603	2.174026	1.04269
18954	-3958.548	-4220.498	261.9494	1.082181	0.354048	0.280631	0.27989	0.0854307	2.174026	1.068873
18960	-3956.411	-4218.376	261.965	1.077594	0.346161	0.232393	0.275919	0.145528	2.162924	1.068873
18966	-3962.952	-4225.416	262.4642	0.5493602	0.120101	0.285542	0.389122	0.205235	2.196757	1.08074
18972	-3957.198	-4219.743	262.5452	0.5493602	0.240191	0.380469	0.2148	0.16454	2.115828	1.08074
18978	-3956.873	-4219.283	262.4101	0.6650836	0.326138	0.221375	0.242907	0.20958	2.196495	1.016648
18984	-3968.526	-4230.73	262.2038	0.9263347	0.512719	0.197888	0.204669	0.0847243	2.093014	1.052083
18990	-3953.279	-4215.672	262.3924	0.7224365	0.529147	0.172187	0.211227	0.087439	2.09753	1.070301
18996	-3958.187	-4220.338	262.1508	0.8508953	0.511405	0.166414	0.204145	0.118036	2.15319	1.117396
19002	-3950.76	-4212.826	262.0658	0.8840613	0.545071	0.177369	0.217584	0.0599764	2.222199	1.100763
19008	-3955.637	-4217.938	262.3013	0.786465	0.29004	0.365913	0.290123	0.0539234	2.224575	0.9687583
19014	-3953.268	-4215.634	262.3658	0.7121902	0.225144	0.356054	0.353162	0.06564	2.30114	0.901374
19020	-3943.474	-4205.84	262.3658	0.7121902	0.225144	0.356054	0.353162	0.06564	2.30114	0.901374
19026	-3954.142	-4216.34	262.1984	0.9194166	0.415002	0.251433	0.238584	0.0949811	2.344391	0.7883425
19032	-3950.701	-4212.99	262.2896	0.83696	0.303529	0.269388	0.345778	0.0813053	2.286273	0.8546842
19038	-3945.502	-4207.711	262.209	0.8219187	0.320411	0.228752	0.36501	0.0858275	2.472642	0.7326465
19044	-3947.923	-4209.723	261.7999	1.316725	0.290838	0.278403	0.375507	0.0552518	2.297617	0.8658253
19050	-3956.522	-4218.024	261.5016	1.662893	0.540175	0.0263565	0.365701	0.0677676	2.33508	0.8179302
19056	-3950.68	-4212.79	262.1104	0.9240106	0.548029	0.0267397	0.371018	0.0542135	2.246865	0.9953374
19062	-3944.362	-4206.13	261.7677	0.7265985	0.249199	0.280367	0.409022	0.0614116	1.923283	1.698508
19068	-3932.538	-4194.16	261.6219	0.7265985	0.273134	0.375909	0.241325	0.109632	1.914805	1.806445
19074	-3935.431	-4197.351	261.9202	0.7265985	0.40822	0.223034	0.210216	0.15853	1.914805	1.595049
19080	-3943.844	-4205.705	261.8612	0.7862418	0.464535	0.269536	0.153488	0.112441	1.928236	1.582433
19086	-3939.54	-4201.274	261.7343	0.7395448	0.306517	0.43053	0.176357	0.0865966	1.788743	1.806443
19092	-3945.941	-4207.023	261.0817	1.048563	0.477016	0.187234	0.272402	0.0633484	1.781826	2.038012
19098	-3947.527	-4208.614	261.0875	1.012511	0.467542	0.188626	0.281741	0.0620903	1.811739	2.038012
19104	-3951.389	-4212.578	261.1889	0.9790358	0.425548	0.257208	0.256436	0.060808	1.860581	1.960222
19110	-3956.262	-4217.299	261.0369	0.8392971	0.43269	0.261525	0.260739	0.0450456	1.759854	2.220402
19116	-3954.668	-4216.541	261.8732	0.7742625	0.276679	0.380088	0.29267	0.050562	1.799735	1.675606
19122	-3955.503	-4217.211	261.7073	0.7749853	0.224248	0.536764	0.185658	0.0533298	1.853734	1.753998
19128	-3968.862	-4230.758	261.8958	0.8654034	0.216081	0.549264	0.178897	0.0557573	1.921956	1.500379
19134	-3960.641	-4221.58	260.9391	0.9420942	0.448695	0.202093	0.286477	0.062735	1.602306	2.316406
19140	-3957.826	-4220.112	262.2861	0.7044112	0.228685	0.31959	0.339501	0.112224	1.947697	1.308343
19146	-3963.856	-4225.763	261.9071	0.8020929	0.483513	0.193653	0.205717	0.117117	1.947697	1.52195
19152	-3964.416	-4226.308	261.8921	0.8564572	0.417016	0.287025	0.194949	0.10101	1.92133	1.510522
19158	-3948.486	-4210.344	261.8577	0.8572812	0.187299	0.340965	0.394676	0.07706	1.871353	1.572349
19164	-3945.481	-4206.9	261.419	0.7126554	0.359314	0.211773	0.376657	0.0522552	1.711302	2.089871
19170	-3957.978	-4219.416	261.4386	1.042573	0.52677	0.0754782	0.394761	0.00299118	1.741643	1.828327
19176	-3939.707	-4200.825	261.1183	1.042573	0.485931	0.123206	0.362777	0.0280864	1.66781	2.093013
19182	-3953.038	-4214.132	261.0937	0.8014182	0.377088	0.283088	0.259346	0.0804775	1.69592	2.250484
19188	-3968.611	-4229.8	261.189	0.7792333	0.41665	0.3363	0.23283	0.0142199	1.622694	2.251279
19194	-3935.357	-4197.178	261.8207	0.6013673	0.246967	0.420587	0.313542	0.0189048	1.737551	1.882517
19200	-3946.29	-4208.031	261.7416	0.6203655	0.341185	0.248643	0.405057	0.00511492	1.790147	1.886965
19206	-3939.979	-4201.531	261.5526	0.7263256	0.37154	0.261504	0.353555	0.0134014	1.759397	1.959651
19212	-3939.08	-4200.94	261.8597	0.5799282	0.203196	0.306879	0.481225	0.00869958	1.689116	1.904175
19218	-3944.53	-4206.07	261.54	0.6361358	0.431654	0.206491	0.274025	0.0878309	1.689116	2.078214
19224	-3933.542	-4195.235	261.6929	0.6357024	0.426335	0.216268	0.270648	0.0867487	1.853519	1.865921
19230	-3941.803	-4203.353	261.5499	0.8284614	0.480069	0.117488	0.30476	0.0976822	1.875525	1.809333
19236	-3959.142	-4220.657	261.5145	0.8003312	0.393568	0.245147	0.284424	0.0768609	1.797052	1.90736
19242	-3957.945	-4219.247	261.3019	0.8823113	0.368677	0.287352	0.240591	0.103381	1.772313	2.009493
19248	-3966.564	-4227.571	261.0076	0.8532633	0.424876	0.256116	0.155591	0.163417	1.646512	2.302672
19254	-3965.747	-4227.988	262.2407	0.8535071	0.254176	0.530747	0.11059	0.104487	2.180517	1.003865
19260	-3967.704	-4230.092	262.3882	0.6985212	0.243653	0.398796	0.218552	0.139	2.214241	0.9854394
19266	-3957.908	-4220.323	262.4156	0.6985212	0.348563	0.341266	0.157379	0.152792	2.094017	1.075624
19272	-3953.714	-4215.659	261.9445	0.8713646	0.340818	0.328564	0.167753	0.162864	1.994545	1.403135
19278	-3972.279	-4234.527	262.2478	0.7363399	0.324326	0.33665	0.172019	0.167005	2.045495	1.2314
19284	-3946.638	-4208.606	261.9687	0.6799951	0.250151	0.432488	0.281656	0.0357058	1.972017	1.55376
19290	-3940.027	-4202.22	262.1928	0.6578326	0.290726	0.286771	0.325928	0.0965756	1.940871	1.426246
19296	-3951.639	-4213.832	262.1935	0.7059906	0.328534	0.249273	0.337267	0.0849251	1.926265	1.397456
19302	-3954.524	-4216.466	261.9419	0.6555825	0.394716	0.1607	0.405208	0.0393765	1.977923	1.588084
19308	-3948.588	-4210.323	261.7347	0.7727644	0.400813	0.256333	0.322592	0.0202617	1.996312	1.635077
19314	-3968.473	-4229.83	261.3566	0.8641637	0.431809	0.190721	0.280354	0.0971159	1.820766	1.953058
19320	-3979.661	-4241.587	261.9263	0.7619182	0.252948	0.331744	0.409435	0.0058738	1.948269	1.538619
19326	-3968.843	-4230.671	261.8279	0.8637421	0.352026	0.17729	0.466504	0.0041799	1.940247	1.538619
19332	-3959.068	-4221.117	262.0492	0.7624812	0.342977	0.424568	0.149209	0.0832461	1.875298	1.500969
19338	-3958.591	-4220.68	262.0884	0.6901386	0.373716	0.394952	0.203232	0.0280997	1.969288	1.458188
19344	-3940.298	-4202.401	262.1031	0.7625196	0.339035	0.262736	0.355488	0.0427414	1.969288	1.387813
19350	-3950.552	-4212.19	261.6382	0.8599737	0.45689	0.133943	0.377177	0.0319897	1.986584	1.646004
19356	-3947.924	-4209.873	261.9492	0.7791211	0.304765	0.423055	0.262582	0.00959771	1.931551	1.520592
19362	-3944.602	-4206.513	261.9102	0.7306433	0.464808	0.237952	0.275647	0.0215922	1.921293	1.594489
19368	-3951.455	-4213.308	261.853	0.8635434	0.425921	0.218045	0.336248	0.0197858	1.87394	1.569192
19374	-3944.152	-4206.052	261.8992	0.835	0.419605	0.290373	0.247311	0.0427109	1.89022	1.544936
19380	-3959.933	-4221.644	261.7111	0.8842805	0.242905	0.48934	0.227291	0.0404641	1.802578	1.70728
19386	-3956.828	-4219.047	262.2191	0.4870554	0.0548142	0.611948	0.282635	0.0506027	1.804205	1.639316
19392	-3960.911	-4223.145	262.2345	0.4626362	0.0572322	0.638943	0.281414	0.0224105	1.778753	1.663509
19398	-3961.425	-4223.612	262.1868	0.3261856	0.0207974	0.710251	0.236592	0.0323594	1.756602	1.790187
19404	-3968.364	-4229.991	261.6268	0.8698714	0.331271	0.448117	0.184019	0.0365931	1.87996	1.722613
19410	-3952.477	-4214.137	261.6598	0.7371952	0.41221	0.180574	0.384739	0.0224774	1.937638	1.756413
19416	-3952.127	-4214.252	262.1252	0.5814381	0.243575	0.378637	0.358677	0.0191114	1.850965	1.603932
19422	-3947.552	-4209.517	261.9652	0.6758002	0.337469	0.285416	0.361413	0.0157028	1.858922	1.641899
19428	-3955.745	-4217.23	261.4847	0.8567441	0.222629	0.458692	0.305409	0.0132696	1.853615	1.849094
19434	-3977.443	-4239.665	262.2224	0.6809209	0.339867	0.286097	0.355448	0.018588	2.07926	1.273281
19440	-3954.981	-4217.161	262.1804	0.6568815	0.216975	0.404388	0.346545	0.0320919	2.01118	1.381998
19446	-3963.087	-4225.153	262.0663	0.8288217	0.35307	0.367363	0.211777	0.0677901	2.085922	1.267972
19452	-3951.257	-4213.143	261.8867	0.9585645	0.346069	0.293594	0.29389	0.0664461	2.085922	1.305852
19458	-3941.344	-4203.209	261.8651	1.034149	0.406684	0.137423	0.428951	0.0269417	2.011863	1.322027
19464	-3948.19	-4210.286	262.0965	0.8425044	0.366341	0.100505	0.520186	0.0129675	2.029978	1.277481
19470	-3949.879	-4211.728	261.8495	0.9546634	0.406758	0.0938161	0.476248	0.0231779	2.05616	1.362586
19476	-3938.982	-4200.901	261.9195	0.9034945	0.412827	0.0952158	0.483354	0.00860412	2.066466	1.340215
19482	-3952.348	-4214.508	262.1605	0.6663344	0.392219	0.172968	0.427613	0.00720057	1.867925	1.499341
19488	-3965.24	-4227.072	261.8312	0.984884	0.403575	0.193342	0.391702	0.0113816	1.866092	1.499341
19494	-3974.852	-4235.349	260.4971	0.935376	0.522651	0.00290745	0.369828	0.104613	1.684727	2.547036
19500	-3972.307	-4233.221	260.9147	0.85673	0.474515	0.00592185	0.455301	0.0642625	1.730035	2.306347
19506	-3971.982	-4233.176	261.1941	0.85673	0.505304	0.00630609	0.445106	0.0432841	1.677769	2.159991
19512	-3962.255	-4224.381	262.1259	0.6367128	0.25899	0.416885	0.250687	0.073438	1.881957	1.538024
19518	-3962.855	-4224.546	261.6904	1.047269	0.374234	0.309894	0.275884	0.039988	1.963694	1.485124
19524	-3961.267	-4223.426	262.1582	0.7116166	0.264092	0.370411	0.32976	0.0357376	1.987747	1.372304
19530	-3954.492	-4216.756	262.2635	0.6511825	0.270994	0.343085	0.355429	0.0304922	1.925026	1.38916
19536	-3957.605	-4220.077	262.4712	0.5440212	0.231973	0.344012	0.304249	0.119766	2.115359	1.153117
19542	-3948.472	-4210.625	262.1538	0.8009034	0.22504	0.394507	0.264267	0.116186	2.273071	1.051808
19548	-3954.822	-4217.079	262.2566	0.8009034	0.297487	0.403213	0.18055	0.11875	2.170268	1.051808
19554	-3938.173	-4200.455	262.2815	0.6622243	0.2913	0.32544	0.251848	0.131412	2.107275	1.217036
19560	-3955.99	-4218.387	262.3973	0.6415552	0.137139	0.490596	0.276017	0.096248	2.12891	1.115827
19566	-3953.371	-4215.849	262.4774	0.5587667	0.163445	0.44242	0.268436	0.1257	2.135668	1.115827
19572	-3947.131	-4209.49	262.3586	0.6652809	0.383853	0.316465	0.176605	0.123077	2.142552	1.115827
19578	-3957.722	-4220.109	262.3873	0.5910925	0.41962	0.345953	0.0998824	0.134545	2.192124	1.115827
19584	-3945.788	-4207.996	262.2073	0.811188	0.194257	0.447921	0.152457	0.205365	1.997449	1.23963
19590	-3953.832	-4215.882	262.0504	0.8256664	0.223134	0.514504	0.165197	0.0971656	2.073668	1.293795
19596	-3950.512	-4212.784	262.2721	0.7200819	0.322061	0.425274	0.19101	0.0616547	2.10452	1.174784
19602	-3949.687	-4211.923	262.2361	0.7200819	0.325163	0.478003	0.157771	0.039063	2.169277	1.149582
19608	-3942.294	-4204.599	262.3047	0.6721868	0.335568	0.493299	0.130819	0.0403131	2.150916	1.150004
19614	-3955.402	-4217.521	262.1192	0.8744353	0.257329	0.43134	0.193632	0.117699	2.150916	1.125989
19620	-3937.362	-4199.532	262.1695	0.8919766	0.375388	0.261981	0.225538	0.137093	2.30547	0.9056647
19626	-3949.47	-4211.71	262.2399	0.8310372	0.478835	0.143566	0.234847	0.142752	2.30547	0.8974783
19632	-3943.717	-4206.08	262.3625	0.7273633	0.456999	0.128075	0.301214	0.113712	2.291787	0.8974783
19638	-3942.512	-4204.661	262.1483	0.867826	0.372168	0.291416	0.271228	0.0651872	2.430019	0.8115713
19644	-3946.01	-4208.422	262.412	0.7540916	0.430018	0.317708	0.158293	0.0939814	2.327773	0.7525904
19650	-3962.369	-4224.842	262.4729	0.6964929	0.246672	0.608616	0.0908018	0.0539107	2.327773	0.7525904
19656	-3962.092	-4224.694	262.6027	0.5210868	0.297173	0.431488	0.150538	0.1208	2.391652	0.7372973
19662	-3961.794	-4224.284	262.4898	0.6551265	0.165169	0.433414	0.261475	0.139943	2.312488	0.8112507
19668	-3966.37	-4228.286	261.9156	1.122181	0.375934	0.22461	0.373539	0.0259168	2.315122	0.9217529
19674	-3971.238	-4233.445	262.2073	0.820175	0.445762	0.392552	0.130956	0.0307307	2.263607	0.9888851
19680	-3975.213	-4237.49	262.2773	0.7305701	0.453555	0.126801	0.38593	0.0337142	2.01213	1.239738
19686	-3971.534	-4233.164	261.6297	1.120358	0.519562	0.101301	0.170485	0.208652	2.121068	1.355417
19692	-3966.193	-4227.924	261.731	0.9955188	0.33639	0.297669	0.153438	0.212503	1.889194	1.548809
19698	-3956.112	-4217.472	261.3598	0.9331822	0.525369	0.0800345	0.284622	0.109975	1.908259	1.843362
19704	-3959.483	-4221.305	261.8225	0.8669776	0.567657	0.0726339	0.292611	0.0670981	2.041297	1.464385
19710	-3958.796	-4220.53	261.734	0.7391235	0.448435	0.195262	0.231155	0.125148	1.970713	1.679327
19716	-3960.603	-4222.813	262.2103	0.7391235	0.27627	0.269418	0.410839	0.043473	1.992691	1.303508
19722	-3960.231	-4222.267	262.0364	0.7391235	0.324495	0.311153	0.319292	0.0450598	1.944525	1.477038
19728	-3961.628	-4224.176	262.5471	0.5636393	0.18461	0.518393	0.252239	0.0447582	2.079685	1.098674
19734	-3955.463	-4217.949	262.4864	0.6177329	0.366441	0.355412	0.23145	0.0466966	2.105763	1.078318
19740	-3962.625	-4225.243	262.6179	0.5859075	0.326901	0.40119	0.206476	0.0654334	2.093483	0.9954925
19746	-3961.35	-4223.822	262.4718	0.5808021	0.405115	0.329681	0.24669	0.0185133	2.106714	1.126349
19752	-3966.369	-4228.401	262.032	0.5530805	0.226847	0.471968	0.225388	0.0757969	1.738468	1.77106
19758	-3950.828	-4212.818	261.9897	0.550936	0.204012	0.255989	0.458749	0.0812491	1.785147	1.769567
19764	-3954.566	-4216.579	262.0135	0.5691164	0.196716	0.328772	0.442342	0.0321711	1.742508	1.769567
19770	-3932.774	-4194.464	261.6898	0.8310639	0.254204	0.39749	0.286319	0.0619869	1.735597	1.807482
19776	-3942.09	-4204.045	261.9543	0.4549383	0.230627	0.493601	0.254987	0.0207842	1.849548	1.815637
19782	-3937.621	-4199.291	261.6705	0.8140527	0.341999	0.458468	0.156682	0.0428507	1.795702	1.791536
19788	-3947.548	-4209.495	261.9471	0.7667793	0.419324	0.33603	0.192107	0.0525391	1.915375	1.543777
19794	-3957.425	-4219.335	261.9093	0.8535317	0.364253	0.257035	0.303339	0.0753732	1.985505	1.451375
19800	-3942.444	-4204.416	261.972	0.732047	0.363594	0.288048	0.286331	0.0620267	1.858369	1.59423
19806	-3941.819	-4204.011	262.1912	0.732047	0.39756	0.255676	0.313079	0.0336844	1.964881	1.347174
19812	-3947.645	-4209.765	262.1198	0.7631783	0.389085	0.233576	0.33315	0.0441889	2.04738	1.311948
19818	-3942.298	-4204.398	262.1006	0.7631783	0.369437	0.392298	0.209346	0.0289186	2.04738	1.327407
19824	-3950.51	-4212.208	261.6982	0.9190353	0.303345	0.479848	0.152199	0.0646078	2.004527	1.544968
19830	-3930.808	-4192.888	262.0793	0.8208327	0.347475	0.264697	0.352188	0.0356394	1.979872	1.350014
19836	-3941.154	-4203.58	262.4254	0.4514016	0.224887	0.368817	0.331982	0.0743136	1.943135	1.407726
19842	-3950.651	-4212.559	261.9077	0.8361129	0.300267	0.207816	0.442475	0.0494427	2.036193	1.427681
19848	-3948.29	-4210.119	261.8289	0.8843136	0.314149	0.0529949	0.53034	0.102516	1.995071	1.480979
19854	-3947.914	-4209.998	262.0844	0.7285409	0.270358	0.28987	0.368534	0.0712381	1.883539	1.495271
19860	-3945.854	-4207.852	261.9984	0.5940299	0.290054	0.220266	0.459264	0.0304166	1.998523	1.579184
19866	-3943.525	-4205.382	261.8566	0.752643	0.399639	0.274794	0.221049	0.104518	1.943105	1.600719
19872	-3954.174	-4216.394	262.2201	0.6326698	0.325472	0.223797	0.365611	0.0851207	1.943105	1.423943
19878	-3946.128	-4208.054	261.9264	0.7463347	0.44835	0.154412	0.27998	0.117257	2.008937	1.505624
19884	-3933.908	-4195.568	261.6596	0.9119621	0.452351	0.15071	0.278635	0.118303	2.01054	1.574266
19890	-3944.291	-4206.424	262.1337	0.7477912	0.385234	0.0655067	0.409399	0.139861	2.01054	1.343429
19896	-3950.979	-4212.92	261.9414	0.8107263	0.290467	0.299698	0.351409	0.0584251	1.884823	1.536452
19902	-3954.161	-4215.591	261.4299	0.7837658	0.24835	0.256243	0.300455	0.194951	1.977803	1.853716
19908	-3937.678	-4199.782	262.1042	0.6233294	0.258512	0.434014	0.202888	0.104587	1.949717	1.514291
19914	-3939.49	-4201.757	262.267	0.6051904	0.337036	0.229322	0.313064	0.120578	1.998376	1.366904
19920	-3938.394	-4200.398	262.0041	0.7301541	0.428782	0.314635	0.203152	0.0534317	2.065196	1.41676
19926	-3935.891	-4198.167	262.2756	0.7004212	0.383171	0.280055	0.313905	0.0228686	2.129204	1.168339
19932	-3942.328	-4204.94	262.612	0.4312854	0.523149	0.216876	0.24309	0.0168849	2.067457	1.168339
19938	-3938.923	-4201.347	262.4243	0.5290877	0.490175	0.279139	0.227767	0.00291893	2.141108	1.184963
19944	-3947.016	-4209.367	262.3501	0.7044547	0.355654	0.415157	0.21762	0.0115685	2.031332	1.184963
19950	-3948.121	-4209.91	261.7894	0.8890599	0.456037	0.164332	0.343348	0.0362836	1.882884	1.589876
19956	-3942.049	-4203.792	261.7429	0.810466	0.364938	0.250292	0.235583	0.149187	1.788949	1.748387
19962	-3950.626	-4212.914	262.288	0.7294704	0.258401	0.384443	0.260819	0.096336	2.236395	1.030359
19968	-3946.752	-4209.213	262.4618	0.636005	0.359737	0.35086	0.238035	0.051368	2.161535	1.030359
19974	-3946.453	-4208.812	262.3587	0.6456119	0.212492	0.375968	0.356496	0.0550439	2.020864	1.239591
19980	-3940.243	-4201.809	261.5662	1.063939	0.467897	0.163499	0.307225	0.0613789	1.837249	1.656997
19986	-3951.505	-4213.814	262.3091	0.5972276	0.143049	0.561533	0.274244	0.0211739	1.902942	1.415101
19992	-3948.595	-4211.083	262.4886	0.5062694	0.153165	0.530526	0.293638	0.0226713	1.998737	1.27026
19998	-3957.062	-4219.027	261.9653	0.744188	0.139993	0.465909	0.246503	0.147595	1.824343	1.614521
20004	-3949.761	-4211.113	261.3524	0.714058	0.354827	0.286116	0.229295	0.129763	1.721021	2.126192
20010	-3955.218	-4216.61	261.3922	0.8324273	0.380722	0.337408	0.246029	0.0358417	1.714834	2.022024
20016	-3956.678	-4218.154	261.4759	0.6795994	0.227758	0.487125	0.27139	0.0137275	1.730493	2.06287
20022	-3946.92	-4207.751	260.8314	0.7777375	0.430346	0.243113	0.289418	0.0371236	1.604225	2.490612
20028	-3945.918	-4207.02	261.1028	0.7681826	0.339196	0.252764	0.398197	0.00984265	1.695751	2.267149
20034	-3962.453	-4224.042	261.5899	0.6574224	0.428926	0.197014	0.354827	0.0192326	1.795851	1.959145
20040	-3951.386	-4213.012	261.6259	0.7695839	0.292697	0.365955	0.336936	0.00441207	1.869177	1.803826
20046	-3937.633	-4199.61	261.9768	0.5020997	0.296229	0.297397	0.395511	0.0108633	1.82464	1.785511
20052	-3954.086	-4216.232	262.1454	0.6353836	0.277608	0.278704	0.433508	0.0101804	1.944482	1.477697
20058	-3954.253	-4216.689	262.4362	0.5138312	0.277608	0.278704	0.433508	0.0101804	1.96639	1.33288
20064	-3958.139	-4219.812	261.6727	0.7830383	0.27168	0.154772	0.42309	0.150459	1.848438	1.775958
20070	-3953.085	-4214.918	261.8334	0.7270642	0.426264	0.159045	0.288237	0.126454	1.877022	1.684369
20076	-3959.723	-4221.825	262.1021	0.7401435	0.410261	0.158335	0.331149	0.100255	1.946552	1.424568
20082	-3939.783	-4201.895	262.1114	0.4578316	0.428353	0.150805	0.351665	0.0691778	1.88125	1.681481
20088	-3932.269	-4194.105	261.8361	0.7389329	0.388195	0.196774	0.343934	0.0710974	1.865775	1.681481
20094	-3944.413	-4205.51	261.097	1.086088	0.429509	0.228704	0.274571	0.0672168	1.873085	1.942283
20100	-3941.76	-4202.854	261.0939	0.9474665	0.463428	0.277345	0.177714	0.0815128	1.803525	2.082381
20106	-3940.774	-4202.362	261.5883	0.8120251	0.289955	0.200712	0.415209	0.0941242	1.893304	1.782285
20112	-3946.64	-4207.821	261.1805	0.8091343	0.293951	0.203478	0.420932	0.081639	1.679426	2.199908
20118	-3954.219	-4215.204	260.9856	0.8266071	0.452051	0.104487	0.33373	0.109731	1.735087	2.277818
20124	-3955.798	-4217.434	261.6361	0.8756882	0.380155	0.165176	0.330663	0.124007	2.02532	1.607776
20130	-3952.319	-4213.5	261.181	0.7231725	0.325579	0.475225	0.158819	0.0403771	1.761466	2.205101
20136	-3945.829	-4207.275	261.446	0.6530797	0.258713	0.341503	0.267214	0.13257	1.722731	2.106112
20142	-3953.791	-4214.655	260.8635	0.7605289	0.362221	0.293818	0.229902	0.114059	1.623119	2.469992
20148	-3953.438	-4214.111	260.6726	0.7889373	0.347412	0.281805	0.220502	0.15028	1.594349	2.58829
20154	-3957.961	-4219.247	261.2858	0.763792	0.371739	0.203099	0.378917	0.0462446	1.63773	2.189541
20160	-3966.903	-4228.183	261.28	0.7632668	0.345958	0.189014	0.336361	0.128667	1.660803	2.178756
20166	-3958.204	-4219.682	261.4781	0.7632668	0.420795	0.258963	0.252106	0.0681365	1.659918	2.049578
20172	-3965.783	-4226.921	261.1375	0.7403074	0.28307	0.282239	0.282688	0.152003	1.643833	2.297
20178	-3960.295	-4221.588	261.2934	0.7806655	0.318733	0.320079	0.318304	0.0428837	1.589948	2.20411
20184	-3946.657	-4207.376	260.7193	0.8282501	0.308125	0.433614	0.207954	0.0503059	1.55984	2.555177
20190	-3949.495	-4210.498	261.0022	1.025244	0.350314	0.198741	0.420148	0.0307968	1.658465	2.186046
20196	-3967.75	-4228.581	260.8309	0.9093844	0.540208	0.0646375	0.317266	0.0778884	1.672332	2.36187
20202	-3957.617	-4218.479	260.8624	0.9295619	0.487915	0.0990109	0.357819	0.0552547	1.605866	2.370952
20208	-3942.348	-4202.634	260.286	1.25059	0.423933	0.228341	0.306376	0.0413501	1.618772	2.528475
20214	-3958.71	-4219.26	260.5497	1.099126	0.471108	0.344342	0.169095	0.0154545	1.544766	2.499945
20220	-3960.844	-4221.218	260.3745	0.9515394	0.327028	0.239031	0.383844	0.0500969	1.573746	2.681338
20226	-3964.987	-4224.969	259.9819	0.9973652	0.385584	0.366506	0.171097	0.0768135	1.519987	2.924904
20232	-3955.706	-4216.412	260.7059	0.7754205	0.441093	0.314645	0.195728	0.0485343	1.607368	2.56837
20238	-3956.608	-4217.907	261.2989	0.6791131	0.337239	0.31974	0.274863	0.0681574	1.650816	2.230513
20244	-3940.255	-4201.83	261.5747	0.7180399	0.280286	0.302041	0.361026	0.056647	1.772937	1.941581
20250	-3931.909	-4193.75	261.841	0.6349209	0.341867	0.286623	0.359473	0.0120375	1.780892	1.81468
20256	-3938.515	-4199.724	261.2091	0.8464775	0.296455	0.248089	0.379982	0.0754736	1.816981	2.065932
20262	-3943.518	-4204.646	261.1283	1.239226	0.411337	0.149175	0.342907	0.0965804	1.925857	1.784945
20268	-3964.943	-4226.676	261.7324	0.9207282	0.423798	0.183987	0.290881	0.101334	1.912071	1.586495
20274	-3948.169	-4210.284	262.1147	0.6187894	0.438625	0.277476	0.228343	0.0555565	2.03042	1.449091
20280	-3950.882	-4212.995	262.1129	0.6859494	0.350116	0.422194	0.197055	0.030635	1.910732	1.487301
20286	-3941.988	-4204.179	262.1912	0.5860811	0.185198	0.484805	0.248533	0.0814635	1.883065	1.528295
20292	-3947.797	-4210.026	262.2291	0.8018146	0.169315	0.312606	0.434079	0.0839996	2.12674	1.116791
20298	-3942.951	-4205.154	262.2024	0.7812028	0.227873	0.338212	0.320864	0.113051	2.154306	1.135535
20304	-3949.511	-4211.688	262.177	0.7812028	0.324138	0.428355	0.206085	0.041423	2.260282	1.061569
20310	-3948.059	-4210.263	262.2037	0.7682061	0.48024	0.230385	0.151092	0.138283	2.071814	1.217993
20316	-3938.083	-4199.724	261.6413	1.115395	0.638911	0.112582	0.196465	0.0520421	1.93468	1.493839
20322	-3932.5	-4194.277	261.7765	1.115395	0.411227	0.168307	0.304641	0.115826	1.934794	1.390222
20328	-3963.092	-4224.979	261.8866	1.034994	0.370091	0.41208	0.1254	0.0924286	1.998394	1.314838
20334	-3955.732	-4217.854	262.1215	0.7035099	0.241862	0.269302	0.436341	0.0524955	2.028716	1.375691
20340	-3957.817	-4219.77	261.9528	0.90221	0.275524	0.306784	0.333278	0.0844132	1.95079	1.406014
20346	-3986.21	-4247.917	261.707	1.159444	0.4413	0.0228418	0.495413	0.0404449	1.917954	1.42438
20352	-3972.023	-4234.227	262.2034	0.7055758	0.198107	0.525143	0.266825	0.00992476	2.112972	1.239328
20358	-3951.326	-4213.75	262.4239	0.6569018	0.297145	0.287752	0.400217	0.0148864	2.09953	1.103604
20364	-3944.565	-4207.052	262.4875	0.5981417	0.276797	0.275445	0.428961	0.0187971	2.142864	1.061857
20370	-3937.542	-4199.634	262.0927	0.8978708	0.427693	0.216124	0.333291	0.0228923	2.129103	1.147633
20376	-3951.011	-4213.485	262.4738	0.5895337	0.447566	0.193389	0.348778	0.0102666	2.175848	1.052113
20382	-3950.377	-4212.552	262.1748	0.7277684	0.452424	0.238743	0.26266	0.0461731	2.139172	1.221622
20388	-3939.282	-4201.492	262.2108	0.6803377	0.355389	0.293004	0.29494	0.0566673	2.149661	1.224711
20394	-3936.408	-4198.736	262.3279	0.7231976	0.337108	0.253344	0.357553	0.0519948	2.121774	1.106852
20400	-3958.202	-4220.551	262.3498	0.7493796	0.314195	0.384202	0.250183	0.0514195	2.150042	1.033783
20406	-3944.965	-4207.379	262.4141	0.6585706	0.276432	0.338024	0.355039	0.0305052	2.181799	1.033783
20412	-3939.542	-4201.822	262.2804	0.7570619	0.156185	0.436579	0.373445	0.0337915	2.235659	1.009935
20418	-3938.448	-4200.934	262.486	0.5779316	0.230972	0.38365	0.368909	0.0164697	2.160028	1.066969
20424	-3938.479	-4200.885	262.4061	0.555735	0.365367	0.410109	0.216348	0.00817641	2.120143	1.195159
20430	-3949.822	-4212.151	262.3289	0.615794	0.482836	0.127534	0.354928	0.0347025	2.124251	1.203977
20436	-3933.451	-4195.276	261.8244	0.8824447	0.299784	0.201383	0.464639	0.034194	2.162272	1.356811
20442	-3943.733	-4205.259	261.5254	0.8824447	0.385735	0.142286	0.409479	0.0625006	1.970564	1.72112
20448	-3944.458	-4206.324	261.8655	0.672921	0.289127	0.31229	0.358825	0.0397582	1.904105	1.683056
20454	-3948.218	-4209.965	261.7477	0.7211788	0.286832	0.338016	0.355976	0.0191749	1.984746	1.673114
20460	-3968.769	-4230.84	262.0713	0.7996267	0.485913	0.16556	0.329641	0.0188851	1.967926	1.383294
20466	-3948.778	-4211.102	262.3239	0.6956815	0.312785	0.265029	0.395329	0.0268567	2.088162	1.166395
20472	-3982.308	-4243.775	261.4667	0.9226511	0.46342	0.169038	0.246261	0.121282	1.78626	1.861065
20478	-3964.564	-4226.166	261.6021	0.9226511	0.490152	0.159781	0.204525	0.145543	1.809414	1.751458
20484	-3951.327	-4213.173	261.8463	0.8932821	0.577344	0.135348	0.240907	0.0464004	1.916888	1.519694
20490	-3958.539	-4220.305	261.7658	0.9577598	0.643376	0.0364563	0.26846	0.0517074	2.007133	1.462848
20496	-3968.666	-4229.874	261.2084	1.630801	0.566949	0.0825752	0.268898	0.0815777	2.093422	1.348674
20502	-3968.719	-4230.255	261.5362	1.235933	0.433735	0.100774	0.343666	0.121825	1.982227	1.450664
20508	-3966.883	-4228.638	261.7556	0.8310421	0.327497	0.303729	0.259489	0.109285	1.81527	1.705837
20514	-3951.434	-4213.064	261.6293	0.9443624	0.331879	0.306094	0.299912	0.0621148	1.824898	1.705837
20520	-3945.857	-4207.407	261.5493	0.9286515	0.555095	0.166628	0.230532	0.0477455	1.893875	1.72492
20526	-3958.857	-4220	261.1429	0.7611923	0.382519	0.227381	0.314586	0.0755139	1.816048	2.168367
20532	-3943.133	-4204.255	261.122	0.793347	0.407478	0.226239	0.265796	0.100487	1.63611	2.276107
20538	-3945.021	-4206.965	261.944	0.7176292	0.396185	0.0961415	0.446058	0.0616161	1.815818	1.656192
20544	-3959.878	-4221.6	261.7218	0.7815922	0.363574	0.132897	0.409342	0.0941867	1.876079	1.723258
20550	-3957.219	-4219.06	261.8409	0.9441019	0.454582	0.215686	0.176107	0.153626	1.884377	1.509207
20556	-3956.16	-4217.774	261.6139	0.8853331	0.418384	0.150584	0.23021	0.200822	1.855336	1.737827
20562	-3961.255	-4222.653	261.3977	0.9255431	0.345512	0.140498	0.421735	0.092256	1.938891	1.801544
20568	-3950.828	-4212.641	261.8129	0.7782807	0.340714	0.216588	0.300478	0.14222	1.845907	1.682644
20574	-3943.858	-4205.537	261.6787	0.6004389	0.485083	0.265197	0.169496	0.0802244	1.809703	1.93053
20580	-3947.212	-4209.166	261.9543	0.83302	0.4246	0.304818	0.186171	0.0844104	1.8608	1.527468
20586	-3947.238	-4208.598	261.3601	0.7964412	0.4246	0.304818	0.186171	0.0844104	1.743076	2.049515
20592	-3940.743	-4201.881	261.1382	1.070941	0.460011	0.282098	0.179771	0.0781188	1.787504	1.981967
20598	-3949.722	-4211.145	261.423	0.7525391	0.333369	0.253507	0.39266	0.0204646	1.789687	2.007498
20604	-3961.517	-4223.152	261.6342	0.7455435	0.418259	0.373053	0.176411	0.0322769	1.763176	1.888271
20610	-3941.241	-4203.018	261.7768	0.5682024	0.366988	0.346547	0.268992	0.0174725	1.777183	1.908951
20616	-3943.112	-4204.665	261.5534	0.7651094	0.426504	0.25444	0.310241	0.00881474	1.817806	1.891986
20622	-3943.219	-4204.687	261.468	0.6809749	0.391312	0.238873	0.363475	0.00633944	1.83286	1.999203
20628	-3940.317	-4201.735	261.4188	0.893348	0.35883	0.384833	0.251785	0.00455218	1.952992	1.799988
20634	-3949.009	-4210.975	261.9656	0.6915492	0.358047	0.383993	0.253418	0.00454225	1.952992	1.561031
20640	-3951.946	-4213.664	261.7174	1.139628	0.622112	0.136232	0.231418	0.010237	1.900736	1.444155
20646	-3956.461	-4218.716	262.255	0.705497	0.507522	0.16868	0.321578	0.00221905	2.041472	1.256005
20652	-3954.373	-4216.759	262.3851	0.5734839	0.5842	0.240652	0.168553	0.00659599	2.050623	1.256005
20658	-3965.914	-4228.157	262.2425	0.6307448	0.335658	0.372549	0.235644	0.0561497	2.100341	1.2831
20664	-3958.187	-4220.444	262.2572	0.6872711	0.279881	0.240856	0.369342	0.109921	2.025775	1.2831
20670	-3957.118	-4219.542	262.4235	0.6000465	0.364093	0.285529	0.207221	0.143157	2.086284	1.169359
20676	-3951.113	-4213.473	262.3602	0.7175824	0.466992	0.272879	0.186159	0.0739702	2.036257	1.159788
20682	-3938.062	-4200.338	262.2754	0.7255359	0.365517	0.320669	0.233397	0.0804166	2.112667	1.159788
20688	-3950.317	-4212.516	262.1992	0.6179576	0.327706	0.287186	0.286422	0.0986862	2.04313	1.37451
20694	-3946.078	-4208.305	262.2268	0.7002212	0.399052	0.27641	0.297686	0.0268523	2.088581	1.244926
20700	-3951.161	-4213.08	261.9197	0.8826502	0.368985	0.195685	0.287606	0.147724	1.999993	1.409173
20706	-3943.335	-4205.407	262.0722	0.6454103	0.445852	0.206591	0.290117	0.0574398	1.999993	1.48308
20712	-3943.845	-4206.188	262.3435	0.6546596	0.463426	0.150369	0.320066	0.0661388	2.169137	1.115608
20718	-3940.963	-4203.248	262.285	0.8569424	0.474064	0.169106	0.332283	0.0245477	2.159647	0.9766194
20724	-3944.725	-4206.941	262.2161	0.8015379	0.486836	0.182304	0.245378	0.0854812	2.325424	0.935637
20730	-3953.951	-4216.163	262.2118	0.8211605	0.496849	0.241201	0.194272	0.0676775	2.28785	0.9582618
20736	-3942.072	-4204.515	262.4431	0.6301523	0.310565	0.430633	0.232644	0.0261581	2.418302	0.7665874
20742	-3944.523	-4206.701	262.1784	0.7663123	0.430409	0.210921	0.322419	0.0362522	2.228325	1.104474
20748	-3955.185	-4217.795	262.6091	0.5245258	0.290641	0.197573	0.478858	0.0329276	2.180871	0.9800612
20754	-3934.115	-4195.705	261.5895	0.8362664	0.478747	0.169771	0.331333	0.0201493	1.880053	1.773134
20760	-3932.98	-4194.803	261.823	0.7186111	0.510231	0.115171	0.353123	0.0214744	1.917681	1.669183
20766	-3958.773	-4220.999	262.2263	0.7508834	0.307495	0.284209	0.278057	0.130239	2.01968	1.258055
20772	-3959.497	-4221.872	262.3754	0.6205484	0.31202	0.394923	0.183163	0.109894	1.996965	1.267623
20778	-3950.23	-4211.863	261.6322	0.6663646	0.407894	0.373934	0.181251	0.0369209	1.754583	1.952058
20784	-3964.699	-4226.517	261.8181	0.6663646	0.422987	0.203328	0.304679	0.0690066	1.809535	1.787663
20790	-3961.536	-4223.49	261.9536	0.7010916	0.408448	0.200747	0.335631	0.0551736	1.942025	1.570467
20796	-3946.629	-4208.815	262.1867	0.7415733	0.385111	0.250524	0.316455	0.0479098	1.950238	1.354415
20802	-3950.05	-4212.483	262.4332	0.6697419	0.331092	0.3354	0.117536	0.215972	2.131591	1.052314
20808	-3940.501	-4202.877	262.3767	0.6764704	0.322628	0.332516	0.134405	0.210451	2.181016	1.052314
20814	-3950.426	-4212.99	262.5645	0.6764704	0.328052	0.30715	0.170401	0.194397	1.993171	1.052314
20820	-3939.309	-4201.817	262.5081	0.6389227	0.294481	0.277253	0.252632	0.175635	2.229528	0.9090777
20826	-3945.512	-4208.004	262.4925	0.6707248	0.325443	0.306403	0.279194	0.0889594	2.155273	0.9691342
20832	-3941.405	-4203.894	262.4884	0.6707248	0.439237	0.24755	0.241341	0.0718722	2.159402	0.9691342
20838	-3950.401	-4212.664	262.2635	0.7343422	0.449688	0.276133	0.247083	0.0270966	2.159402	1.120432
20844	-3943.178	-4205.377	262.1991	0.7979298	0.38917	0.312368	0.229579	0.0688827	2.182393	1.097125
20850	-3951.224	-4213.669	262.4446	0.6125098	0.396246	0.2183	0.30086	0.0845951	2.111253	1.116755
20856	-3954.508	-4216.824	262.3158	0.6893332	0.305209	0.396958	0.208073	0.0897599	2.125374	1.146712
20862	-3951.563	-4213.878	262.3154	0.7021447	0.279962	0.353903	0.306256	0.0598792	2.125374	1.134999
20868	-3957.482	-4219.854	262.372	0.7685553	0.437533	0.297532	0.221606	0.0433286	2.14064	1.001332
20874	-3955.025	-4216.902	261.8774	0.9660219	0.524609	0.103374	0.313413	0.0586044	1.941591	1.421271
20880	-3956.685	-4218.968	262.2835	0.5790995	0.179101	0.475568	0.29093	0.0544004	1.909735	1.444155
20886	-3949.061	-4211.274	262.2129	0.7267175	0.332308	0.372675	0.227985	0.0670322	1.888819	1.394405
20892	-3950.419	-4212.467	262.0478	0.9433181	0.282969	0.317343	0.313073	0.0866147	2.050791	1.214248
20898	-3950.399	-4212.524	262.1247	0.7158619	0.334983	0.339265	0.223217	0.102536	2.048926	1.346861
20904	-3941	-4203.066	262.0658	0.6420293	0.277283	0.450585	0.253589	0.018543	1.89324	1.569886
20910	-3953.824	-4215.446	261.6226	0.9627557	0.476177	0.197678	0.303462	0.0226829	1.942941	1.612875
20916	-3949.886	-4211.947	262.0616	0.8841818	0.241007	0.219237	0.512158	0.0275976	2.119337	1.195523
20922	-3953.229	-4215.564	262.3344	0.6360337	0.317219	0.340484	0.301866	0.0404315	2.069672	1.227536
20928	-3952.894	-4215.167	262.2721	0.6542754	0.321389	0.355224	0.280807	0.0425794	2.024555	1.300455
20934	-3935.985	-4198.226	262.2418	0.6497176	0.321389	0.355224	0.280807	0.0425794	2.003349	1.34574
20940	-3959.682	-4221.94	262.2582	0.6497176	0.361303	0.353747	0.191478	0.0934721	1.986919	1.34574
20946	-3960.92	-4223.269	262.3487	0.6632836	0.385171	0.283895	0.160354	0.17058	2.063876	1.195726
20952	-3947.954	-4210.033	262.0789	0.7981461	0.373731	0.342686	0.17999	0.103593	2.072251	1.295192
20958	-3964.357	-4226.618	262.2606	0.7254688	0.231436	0.400219	0.235544	0.1328	2.149769	1.140067
20964	-3970.362	-4232.644	262.2818	0.784378	0.40872	0.366459	0.0815826	0.143238	2.119597	1.091931
20970	-3962.538	-4224.83	262.2919	0.7822152	0.397384	0.208464	0.367683	0.0264688	2.177106	1.030133
20976	-3941.977	-4204.353	262.3753	0.6833642	0.329804	0.421645	0.218406	0.0301454	2.242107	0.9865086
20982	-3948.065	-4210.581	262.5154	0.6147401	0.289219	0.416745	0.215867	0.0781686	2.175107	0.9860336
20988	-3942.6	-4205.063	262.4631	0.6209202	0.265714	0.531768	0.130703	0.0718156	2.127515	1.076628
20994	-3944.852	-4207.375	262.523	0.5593964	0.3054	0.501859	0.123352	0.0693893	2.151585	1.058235
21000	-3942.143	-4204.502	262.3589	0.5337301	0.298167	0.327952	0.278174	0.0957075	2.045505	1.315247
21006	-3944.266	-4206.625	262.3594	0.6078121	0.324086	0.35646	0.302355	0.0170992	2.207203	1.111534
21012	-3956.58	-4219.112	262.5317	0.5900554	0.368595	0.268079	0.343879	0.0194475	2.16703	1.003827
21018	-3941.295	-4203.78	262.4842	0.6570098	0.345378	0.467038	0.165368	0.0222153	2.205596	0.9403301
21024	-3942.937	-4205.446	262.509	0.5939778	0.321714	0.435038	0.154038	0.0892105	2.279219	0.9054197
21030	-3955.894	-4218.345	262.4513	0.6595963	0.181378	0.493614	0.248157	0.0768517	2.27451	0.8978345
21036	-3959.127	-4221.582	262.455	0.7185906	0.110821	0.692001	0.156333	0.0408449	2.167941	0.9420573
21042	-3971.098	-4233.454	262.3555	0.6619326	0.410274	0.412487	0.149564	0.0276755	2.078964	1.17806
21048	-3953.896	-4216.359	262.4629	0.638907	0.284895	0.444798	0.190814	0.079493	2.082207	1.101184
21054	-3955.539	-4217.485	261.9454	0.8559126	0.429069	0.133441	0.377199	0.0602915	2.065914	1.359082
21060	-3946.558	-4208.538	261.9802	0.8559126	0.266514	0.252228	0.410199	0.0710591	2.031115	1.359082
21066	-3958.475	-4220.071	261.5967	1.038321	0.392052	0.119	0.458926	0.030022	2.01568	1.522976
21072	-3954.353	-4216.63	262.2768	0.7441344	0.497674	0.166434	0.304427	0.0314651	1.939254	1.288562
21078	-3944.565	-4206.542	261.977	1.028095	0.385631	0.290448	0.293436	0.0304848	2.008804	1.237553
21084	-3951.966	-4214.311	262.345	0.6410495	0.402789	0.131383	0.387837	0.0779911	2.110872	1.178678
21090	-3949.782	-4212.436	262.6537	0.5297552	0.253272	0.44721	0.243871	0.0556463	2.10302	1.008129
21096	-3942.951	-4205.368	262.417	0.7106686	0.405343	0.363969	0.198478	0.0322091	2.122314	1.035144
21102	-3933.662	-4196.092	262.4304	0.6749823	0.406045	0.145073	0.428706	0.0201762	2.066021	1.110797
21108	-3951.472	-4213.528	262.0559	1.02739	0.456109	0.0996168	0.416973	0.0273015	2.068827	1.11741
21114	-3952.605	-4214.809	262.2035	0.8670466	0.362615	0.304077	0.2821	0.0512082	2.073191	1.126931
21120	-3976.138	-4237.794	261.6561	1.075905	0.458271	0.139009	0.271406	0.131315	1.942452	1.505689
21126	-3960.088	-4221.737	261.6483	1.146059	0.447149	0.329014	0.170555	0.0532818	1.833828	1.541772
21132	-3947.887	-4209.242	261.355	1.112806	0.551287	0.124478	0.239598	0.0846369	1.835623	1.773584
21138	-3962.373	-4223.955	261.5826	0.8337756	0.424721	0.0959001	0.444993	0.0343862	1.88887	1.773584
21144	-3959.113	-4221.11	261.9973	0.7251242	0.357231	0.141993	0.45967	0.0411053	1.90495	1.546897
21150	-3945.346	-4207.085	261.7389	0.7455675	0.390707	0.189754	0.381594	0.0379454	1.855456	1.752392
21156	-3949.314	-4211.708	262.3943	0.5280395	0.273995	0.420299	0.275052	0.0306529	2.036834	1.298323
21162	-3938.708	-4200.835	262.1279	0.7467732	0.272269	0.417651	0.229543	0.0805382	2.075975	1.296277
21168	-3939.455	-4201.156	261.7014	1.150248	0.450907	0.132586	0.363497	0.0530101	2.053322	1.329314
21174	-3945.181	-4207.531	262.3498	0.7591196	0.294169	0.267878	0.372343	0.0656113	2.278472	0.8889859
21180	-3933.362	-4195.087	261.7245	0.9241471	0.368652	0.280749	0.318287	0.0323123	1.923215	1.581561
21186	-3933.765	-4195.544	261.779	0.8648914	0.401504	0.216567	0.346519	0.0354098	1.856246	1.634769
21192	-3938.535	-4200.155	261.6205	0.7718981	0.387265	0.229722	0.345452	0.0375606	1.925448	1.766825
21198	-3931.204	-4192.159	260.9552	0.715769	0.297534	0.3463	0.326906	0.0292599	1.712437	2.385768
21204	-3940.492	-4201.695	261.2031	0.5721093	0.31974	0.377687	0.286121	0.0164524	1.616101	2.385768
21210	-3948.747	-4209.54	260.7935	0.8547008	0.423516	0.216717	0.340204	0.0195623	1.663844	2.426488
21216	-3941.683	-4203.058	261.3755	0.9053782	0.428328	0.219179	0.344069	0.00842402	1.774174	1.943099
21222	-3940.653	-4201.946	261.2937	0.8423398	0.411638	0.219732	0.330663	0.0379666	1.693975	2.094043
21228	-3931.418	-4192.584	261.1654	0.8423398	0.412819	0.188762	0.360343	0.0380756	1.645972	2.208932
21234	-3939.358	-4200.433	261.0743	0.7330787	0.508521	0.20914	0.221984	0.0603557	1.608446	2.364644
21240	-3945.164	-4205.777	260.6129	1.114689	0.280386	0.431642	0.229952	0.0580208	1.615907	2.406099
21246	-3944.575	-4205.529	260.9546	1.137919	0.358882	0.150106	0.408889	0.0821232	1.779797	2.065821
21252	-3938.437	-4199.315	260.878	0.9660844	0.456546	0.237986	0.292064	0.0134045	1.803327	2.211016
21258	-3954.596	-4215.151	260.5554	1.005826	0.553031	0.192933	0.19586	0.0581759	1.588234	2.526593
21264	-3944.012	-4204.219	260.2066	0.8705493	0.367878	0.278914	0.283145	0.0700632	1.547852	2.850192
21270	-3945.52	-4205.803	260.2829	1.012032	0.482134	0.12549	0.332941	0.0594348	1.503049	2.743551
21276	-3949.027	-4209.044	260.0167	1.035656	0.53934	0.119804	0.317855	0.0230013	1.519284	2.881298
21282	-3962.174	-4222.449	260.2748	0.8326193	0.507319	0.116891	0.349215	0.0265749	1.564908	2.822372
21288	-3949.756	-4210.162	260.4059	0.9163586	0.367561	0.151523	0.421821	0.0590944	1.525798	2.713439
21294	-3956.116	-4216.348	260.2315	0.9762998	0.459363	0.129615	0.360832	0.0501903	1.507836	2.793839
21300	-3952.973	-4213.293	260.3204	0.8050704	0.375765	0.101634	0.452836	0.0697647	1.504942	2.84852
21306	-3961.177	-4221.018	259.8405	1.2111	0.416512	0.203842	0.234594	0.145052	1.531369	2.878123
21312	-3948.986	-4209.492	260.5062	0.8200087	0.526285	0.08202	0.32256	0.0691353	1.531369	2.709623
21318	-3973.009	-4232.872	259.8632	0.9705255	0.444872	0.188564	0.307573	0.0589915	1.520615	3.012098
21324	-3952.023	-4214.346	262.3233	0.6928836	0.404073	0.178719	0.380138	0.0370694	2.021932	1.226359
21330	-3952.204	-4214.054	261.8507	0.9328617	0.376973	0.186014	0.395655	0.0413578	1.990166	1.430267
21336	-3953.335	-4215.047	261.7121	1.049851	0.40561	0.261438	0.262228	0.070723	2.051441	1.399415
21342	-3951.49	-4213.356	261.8664	0.8887512	0.444064	0.286224	0.242226	0.0274868	1.978524	1.461715
21348	-3945.756	-4207.565	261.8097	0.87492	0.409716	0.209594	0.35533	0.0253607	1.985959	1.50955
21354	-3945.18	-4206.946	261.7657	0.9999231	0.500273	0.261138	0.202109	0.0364804	2.056187	1.392549
21360	-3949.048	-4210.807	261.759	0.8129015	0.4491	0.242562	0.249833	0.0585048	1.963783	1.610588
21366	-3957.271	-4218.608	261.3376	1.009077	0.407832	0.369623	0.206639	0.0159061	1.911433	1.803778
21372	-3951.929	-4213.156	261.2267	1.032143	0.538666	0.177962	0.255284	0.0280884	1.999472	1.803778
21378	-3944.881	-4206.64	261.7587	0.7912112	0.473138	0.156313	0.315805	0.0547446	1.937588	1.64615
21384	-3941.209	-4203.113	261.9036	0.820084	0.433411	0.214113	0.294785	0.0576907	1.904735	1.542471
21390	-3949.459	-4211.366	261.9076	0.8773966	0.417612	0.206309	0.320491	0.0555877	2.065453	1.371662
21396	-3953.947	-4216.229	262.282	0.6433402	0.371989	0.430313	0.148183	0.0495149	2.096067	1.24292
21402	-3953.452	-4215.516	262.0641	0.8447991	0.355051	0.373695	0.20625	0.0650044	2.037044	1.2962
21408	-3966.194	-4228.109	261.9156	0.8149021	0.361315	0.414922	0.173382	0.0503809	1.927113	1.520962
21414	-3979.258	-4241.292	262.034	0.8213556	0.371575	0.398957	0.183307	0.0461611	1.986683	1.38001
21420	-3964.587	-4226.702	262.1149	0.8347098	0.216063	0.377517	0.339418	0.0670014	2.04116	1.259759
21426	-3958.484	-4221.047	262.5624	0.4423986	0.241629	0.422186	0.324305	0.0118808	2.0348	1.230168
21432	-3952.608	-4215.029	262.421	0.5831336	0.305943	0.363895	0.279528	0.0506328	2.120577	1.156975
21438	-3958.696	-4221.215	262.5188	0.5831336	0.387609	0.350614	0.188875	0.0729023	2.183351	1.007536
21444	-3954.472	-4216.948	262.4757	0.5831336	0.423611	0.284458	0.209813	0.0821187	2.226892	1.007183
21450	-3968.366	-4230.919	262.5535	0.5831336	0.378065	0.204021	0.337192	0.0807213	2.142082	1.014046
21456	-3958.847	-4221.055	262.2075	0.8562166	0.403767	0.275161	0.212204	0.108868	2.105444	1.104313
21462	-3954.077	-4216.511	262.4343	0.6267146	0.405418	0.16058	0.310777	0.123225	2.120296	1.104313
21468	-3954.317	-4216.677	262.3603	0.6267146	0.262674	0.241398	0.41609	0.0798384	2.148806	1.145276
21474	-3951.686	-4214.04	262.3533	0.7347491	0.349482	0.248517	0.266657	0.135344	2.232321	0.9633424
21480	-3943.558	-4205.831	262.274	0.7347491	0.34145	0.240547	0.260528	0.157475	2.246862	1.028361
21486	-3941.633	-4203.93	262.2969	0.6925784	0.247748	0.384869	0.239358	0.128025	2.259969	1.036748
21492	-3943.641	-4205.886	262.2452	0.7349127	0.389373	0.363442	0.167954	0.0792311	2.234337	1.067675
21498	-3942.939	-4205.175	262.2354	0.73735	0.251794	0.355592	0.356516	0.0360979	2.096531	1.197639
21504	-3934.685	-4197.039	262.354	0.6424428	0.353583	0.341281	0.250189	0.054947	2.011015	1.254569
21510	-3959.546	-4221.81	262.2644	0.7484581	0.285359	0.397031	0.308065	0.00954489	2.021216	1.227111
21516	-3947.651	-4209.991	262.3399	0.5348137	0.229725	0.535779	0.221616	0.0128805	2.022843	1.347732
21522	-3949.564	-4211.94	262.3753	0.6894693	0.259561	0.4934	0.225641	0.0213976	2.035778	1.173049
21528	-3953.044	-4215.186	262.1418	0.6083802	0.282825	0.537623	0.156237	0.0233155	1.964034	1.487155
21534	-3960.113	-4221.9	261.7874	0.8498749	0.239379	0.315149	0.236034	0.209438	1.934584	1.583179
21540	-3959.204	-4221.086	261.8819	0.76332	0.247056	0.325548	0.373868	0.0535283	1.926483	1.586247
21546	-3933.177	-4195.049	261.8722	0.9343395	0.408584	0.177832	0.326827	0.0867576	1.992495	1.41074
21552	-3938.775	-4200.992	262.217	0.6100194	0.272755	0.454608	0.191861	0.0807765	2.016478	1.387991
21558	-3938.397	-4200.65	262.2527	0.6145588	0.321034	0.404282	0.170622	0.104061	2.092163	1.29535
21564	-3939.099	-4201.164	262.065	0.8268783	0.291272	0.384573	0.22214	0.102015	2.069483	1.284267
21570	-3955.488	-4217.64	262.1524	0.6422663	0.294307	0.301111	0.300354	0.104228	2.035477	1.396997
21576	-3941.17	-4203.371	262.2014	0.4808854	0.190605	0.392365	0.332411	0.0846188	2.049599	1.476028
21582	-3942.574	-4204.937	262.3622	0.4162154	0.29314	0.38906	0.223608	0.0941918	1.949085	1.476028
21588	-3940.032	-4202.238	262.2053	0.5204491	0.284629	0.393745	0.226301	0.095326	2.003079	1.478512
21594	-3951.935	-4213.996	262.0613	0.6170857	0.288152	0.367831	0.254648	0.0893691	2.003079	1.511417
21600	-3944.91	-4206.655	261.7442	0.7004984	0.360564	0.230566	0.318641	0.0902279	1.92466	1.733589
21606	-3961.654	-4223.066	261.4116	0.7486025	0.347694	0.298489	0.314988	0.0388297	1.832181	1.989523
21612	-3959.993	-4221.507	261.5138	0.6376806	0.341003	0.442572	0.162282	0.0541432	1.77882	2.035204
21618	-3947.567	-4208.848	261.2808	0.8358337	0.212454	0.444813	0.287542	0.0551903	1.871306	1.989665
21624	-3954.555	-4216.633	262.078	0.6997857	0.329122	0.290674	0.318819	0.0613847	2.001702	1.433528
21630	-3932.574	-4194.203	261.6292	0.7813782	0.27109	0.479684	0.208988	0.0402381	1.822542	1.825178
21636	-3945.477	-4207.642	262.1657	0.3791139	0.361515	0.279492	0.333329	0.0256644	1.820591	1.73475
21642	-3953.391	-4215.522	262.1311	0.5782161	0.276086	0.582892	0.110993	0.0300293	1.793794	1.643384
21648	-3936.763	-4198.999	262.2361	0.4138558	0.270904	0.235589	0.467575	0.0259325	1.859338	1.63662
21654	-3940.915	-4202.821	261.9062	0.6072204	0.203125	0.380583	0.338621	0.0776699	1.713488	1.836297
21660	-3949.485	-4211.102	261.6166	0.4437295	0.396393	0.319199	0.232229	0.0521792	1.658237	2.175881
21666	-3961.165	-4222.387	261.2223	0.8309387	0.396393	0.319199	0.232229	0.0521792	1.651927	2.175881
21672	-3955.107	-4216.382	261.2752	0.8257912	0.295469	0.318284	0.315384	0.0708632	1.603015	2.176804
21678	-3951.842	-4213.844	262.0028	0.5190772	0.385696	0.274852	0.327603	0.0118481	1.878295	1.717899
21684	-3953.593	-4215.416	261.8222	0.7905432	0.278223	0.277487	0.421063	0.0232264	1.93923	1.599552
21690	-3941.516	-4203.723	262.2074	0.6402256	0.264087	0.463691	0.2082	0.0640217	2.008755	1.376571
21696	-3944.942	-4206.781	261.8394	0.5995382	0.260057	0.466231	0.20934	0.0643723	1.923849	1.742256
21702	-3932.119	-4194.067	261.9486	0.7257159	0.415122	0.315445	0.206067	0.063366	1.95592	1.54475
21708	-3939.808	-4201.754	261.9462	0.6890376	0.372049	0.325973	0.245186	0.0567913	1.997188	1.54475
21714	-3949.713	-4211.916	262.2024	0.6889515	0.268397	0.440105	0.278779	0.0127183	2.189103	1.190512
21720	-3948.633	-4210.837	262.2037	0.6439268	0.217047	0.355905	0.3704	0.0566481	2.086782	1.314286
21726	-3958.672	-4221.003	262.3309	0.7233455	0.329737	0.415755	0.17456	0.079948	2.225852	1.00493
21732	-3948.568	-4210.889	262.3204	0.6299691	0.339259	0.377797	0.227106	0.0558384	2.274657	1.063533
21738	-3940.837	-4203.142	262.3054	0.6454674	0.177297	0.448345	0.316795	0.0575625	2.125988	1.195746
21744	-3952.135	-4214.42	262.2855	0.6454674	0.250269	0.413945	0.28264	0.053146	2.145928	1.195746
21750	-3943.467	-4205.71	262.2426	0.6340697	0.297067	0.35242	0.305266	0.0452468	2.055204	1.316789
21756	-3942.384	-4204.852	262.4679	0.5186854	0.286213	0.372094	0.308407	0.0332853	2.057252	1.22828
21762	-3951.047	-4213.516	262.4692	0.5799819	0.288507	0.331044	0.310879	0.0695697	2.110958	1.125595
21768	-3952.952	-4215.198	262.2458	0.704684	0.159227	0.584397	0.198561	0.0578144	2.10508	1.211034
21774	-3962.111	-4224.374	262.2624	0.6880417	0.296568	0.431954	0.220103	0.0513748	2.140676	1.181273
21780	-3969.515	-4231.805	262.2904	0.5757135	0.360861	0.308807	0.267819	0.0625124	2.08006	1.307656
21786	-3970.804	-4232.891	262.0867	0.6735773	0.231515	0.371303	0.322019	0.0751634	2.011081	1.440957
21792	-3980.126	-4241.903	261.7764	1.055021	0.491268	0.20339	0.24877	0.0565715	2.101482	1.30465
21798	-3963.588	-4225.547	261.9593	0.8530017	0.455723	0.159161	0.315848	0.0692686	2.027314	1.380858
21804	-3955.42	-4217.407	261.9871	0.6756839	0.365732	0.399731	0.161899	0.0726383	2.035382	1.49633
21810	-3964.239	-4226.445	262.206	0.6756839	0.284537	0.249291	0.393369	0.0728025	2.035382	1.326776
21816	-3954.709	-4216.995	262.286	0.4702698	0.205427	0.464931	0.300796	0.0288459	2.199412	1.300788
21822	-3942.984	-4205.5	262.5167	0.5502087	0.282775	0.46085	0.217565	0.0388094	2.14605	1.078298
21828	-3960.107	-4222.114	262.0069	0.9675293	0.518363	0.226694	0.201384	0.0535585	2.14605	1.145761
21834	-3946.423	-4208.488	262.0649	0.7780399	0.482929	0.270537	0.187618	0.0589153	2.120285	1.284634
21840	-3945.152	-4207.439	262.2865	0.5709081	0.282324	0.305106	0.340087	0.0724825	1.938833	1.426058
21846	-3952.41	-4214.333	261.9239	0.6962302	0.633239	0.172608	0.187491	0.00666242	1.938833	1.598315
21852	-3943.311	-4204.897	261.5867	0.9514714	0.354126	0.30266	0.331532	0.0116823	1.933161	1.653959
21858	-3951.666	-4213.745	262.0793	0.4988449	0.330738	0.434361	0.163977	0.070924	1.797678	1.735078
21864	-3950.401	-4211.89	261.4885	0.6763432	0.110259	0.564084	0.204924	0.120733	1.753046	2.041928
21870	-3953.018	-4214.452	261.4341	0.8913174	0.226462	0.427417	0.24574	0.100381	1.784782	1.906121
21876	-3949.373	-4211.092	261.7194	0.7622046	0.300542	0.334255	0.347999	0.0172041	1.810176	1.785345
21882	-3975.54	-4237.372	261.832	0.6191328	0.300542	0.334255	0.347999	0.0172041	1.834077	1.795619
21888	-3968.29	-4230.095	261.8053	0.5214351	0.259727	0.357103	0.371786	0.0113844	1.706564	1.96972
21894	-3970.72	-4232.204	261.4832	0.7620356	0.271791	0.408912	0.312409	0.00688802	1.659106	2.047572
21900	-3956.095	-4217.609	261.5143	0.7804918	0.389814	0.286573	0.301767	0.0218459	1.659755	2.013617
21906	-3946.804	-4208.262	261.4582	0.6378282	0.359393	0.26421	0.278218	0.0981789	1.620192	2.175579
21912	-3955.41	-4216.455	261.0449	0.6493898	0.226386	0.391686	0.302975	0.0789534	1.683774	2.391676
21918	-3960.224	-4221.073	260.8487	0.8317458	0.171052	0.243891	0.549476	0.0355798	1.665442	2.405722
21924	-3949.773	-4210.638	260.8655	0.9265316	0.409541	0.246223	0.329311	0.0149248	1.59732	2.376383
21930	-3968.616	-4229.974	261.3579	0.8508083	0.524119	0.120358	0.292962	0.0625607	1.685028	2.051864
21936	-3950.739	-4211.743	261.004	1.099665	0.513363	0.117887	0.331801	0.0369486	1.723452	2.094753
21942	-3961.308	-4222.14	260.8324	0.9569683	0.477479	0.277311	0.158294	0.0869157	1.712407	2.304618
21948	-3946.977	-4208.046	261.0689	1.081588	0.45849	0.266283	0.100351	0.174876	1.713739	2.070052
21954	-3955.226	-4216.55	261.3233	1.044143	0.323924	0.417217	0.11647	0.142389	1.8482	1.833261
21960	-3948.935	-4210.685	261.7491	0.90275	0.369944	0.292939	0.196532	0.140585	1.951841	1.558568
21966	-3960.818	-4222.362	261.5448	0.9075017	0.490623	0.238555	0.260643	0.0101782	1.816549	1.797138
21972	-3961.875	-4222.777	260.9015	1.835913	0.396033	0.0794316	0.493404	0.0311314	1.863871	1.628364
21978	-3964.7	-4226.294	261.5942	0.9148066	0.350029	0.121242	0.465883	0.0628461	1.761136	1.79617
21984	-3973.213	-4234.837	261.6239	0.890789	0.26735	0.330032	0.355838	0.0467801	1.911334	1.687214
21990	-3958.166	-4219.995	261.8287	0.740812	0.509569	0.221865	0.226365	0.042201	1.863167	1.687214
21996	-3957.936	-4219.684	261.7474	0.8121313	0.429747	0.312742	0.16781	0.0897015	1.786539	1.745686
22002	-3952.941	-4215.137	262.1966	0.6290592	0.3125	0.307329	0.255473	0.124698	1.851726	1.513937
22008	-3951.742	-4213.971	262.2287	0.5962462	0.284157	0.466811	0.144806	0.104225	1.916185	1.467255
22014	-3953.891	-4215.1	261.2096	0.9025968	0.400293	0.24644	0.261649	0.0916173	1.807452	2.033633
22020	-3954.857	-4216.648	261.7912	0.8106528	0.409896	0.198844	0.297228	0.0940326	1.807452	1.701251
22026	-3959.842	-4221.264	261.4218	1.152608	0.491669	0.155799	0.317492	0.0350403	1.784732	1.735678
22032	-3948.44	-4209.552	261.1119	1.204612	0.551604	0.128837	0.185896	0.133663	1.683726	1.983049
22038	-3952.632	-4213.628	260.9957	0.8845863	0.41875	0.261012	0.30636	0.013878	1.741094	2.228849
22044	-3947.573	-4208.426	260.853	1.122037	0.56113	0.154321	0.25107	0.0334797	1.646593	2.228849
22050	-3959.471	-4220.534	261.0631	1.244975	0.489859	0.17138	0.278824	0.0599367	1.74402	1.950018
22056	-3971.153	-4232.44	261.2871	0.9887159	0.421387	0.165797	0.354832	0.0579843	1.708861	1.989495
22062	-3973.838	-4234.34	260.502	0.9885185	0.450225	0.244431	0.219858	0.085485	1.674747	2.516735
22068	-3961.649	-4222.775	261.1256	0.7675407	0.477984	0.148905	0.241981	0.13113	1.607396	2.309522
22074	-3962.763	-4223.787	261.0248	0.7432213	0.373392	0.216608	0.219249	0.190752	1.548328	2.427129
22080	-3972.872	-4234.013	261.1407	1.162472	0.54763	0.0857462	0.242274	0.12435	1.773919	1.929991
22086	-3966.154	-4227.487	261.3337	1.356517	0.59456	0.0930944	0.266159	0.0461865	1.891382	1.586968
22092	-3962.296	-4223.83	261.5332	1.053275	0.387681	0.125238	0.415056	0.0720245	1.963668	1.597154
22098	-3960.117	-4221.344	261.2277	1.271681	0.522317	0.0782695	0.259396	0.140018	1.967198	1.664627
22104	-3953.065	-4214.82	261.7548	0.8139096	0.34521	0.227758	0.322871	0.104162	1.88277	1.671111
22110	-3960.222	-4222.03	261.8079	0.9079738	0.433823	0.272142	0.222314	0.071721	1.980708	1.489347
22116	-3963.757	-4225.744	261.9871	0.9266022	0.190447	0.328742	0.363531	0.117279	1.998235	1.321807
22122	-3956.929	-4218.707	261.7779	0.8467066	0.385641	0.179595	0.373338	0.0614259	1.908094	1.611715
22128	-3955.988	-4217.714	261.7262	0.8089891	0.461099	0.136656	0.362256	0.0399888	1.999151	1.611715
22134	-3949.699	-4210.884	261.185	1.233737	0.445918	0.0999542	0.415456	0.0386721	1.871952	1.786533
22140	-3960.173	-4221.731	261.5576	0.9606528	0.461888	0.155729	0.235261	0.147122	1.905739	1.68769
22146	-3948.144	-4210.142	261.9979	0.7333936	0.42352	0.321715	0.129582	0.125183	1.963363	1.496467
22152	-3957.428	-4219.31	261.8818	0.7614261	0.315101	0.260415	0.333811	0.0906734	2.049818	1.496467
22158	-3944.487	-4206.387	261.8998	1.056495	0.325545	0.209506	0.37127	0.0936789	2.057383	1.238022
22164	-3942.883	-4204.539	261.6556	0.6763691	0.356909	0.277043	0.349375	0.0166733	1.86411	1.854735
22170	-3940.05	-4201.601	261.5507	0.5933251	0.334088	0.29801	0.330628	0.0372737	1.894883	1.964324
22176	-3936.98	-4198.496	261.5155	0.6905721	0.249357	0.394242	0.240454	0.115947	1.857009	1.944416
22182	-3934.353	-4196.384	262.031	0.6651938	0.246453	0.41327	0.237106	0.10317	1.953815	1.532788
22188	-3940.003	-4202.103	262.0992	0.6544914	0.290544	0.346477	0.246347	0.116632	1.902294	1.528789
22194	-3948.178	-4209.952	261.7737	0.8445667	0.460952	0.281606	0.162647	0.0947947	1.962371	1.576887
22200	-3945.578	-4207.469	261.891	0.7168634	0.219103	0.457164	0.254692	0.0690411	1.979163	1.576887
22206	-3949.776	-4211.562	261.7864	0.7715261	0.22065	0.509006	0.200815	0.0695285	1.7968	1.741051
22212	-3961.099	-4222.621	261.5223	0.8447222	0.214108	0.493916	0.194862	0.0971145	1.78141	1.881252
22218	-3949.335	-4210.808	261.4732	0.766286	0.208961	0.432317	0.268393	0.0903295	1.78141	1.969858
22224	-3954.672	-4216.013	261.3411	0.4619949	0.25651	0.380182	0.334428	0.0288794	1.639843	2.35347
22230	-3954.904	-4215.985	261.0817	0.780567	0.273282	0.339656	0.356294	0.0307677	1.672483	2.287234
22236	-3957.5	-4218.972	261.4717	0.808693	0.263903	0.393859	0.289106	0.0531316	1.810502	1.921309
22242	-3943.826	-4205.859	262.0331	0.6296559	0.327628	0.247495	0.358916	0.0659612	1.94619	1.564594
22248	-3944.405	-4206.317	261.9119	0.5772207	0.346943	0.262085	0.322726	0.0682462	1.899203	1.72502
22254	-3947.1	-4208.806	261.7055	0.827289	0.336961	0.205178	0.377939	0.0799219	1.917081	1.671857
22260	-3958.866	-4220.441	261.5747	0.9191893	0.365874	0.288491	0.273559	0.0720759	1.917081	1.697439
22266	-3963.741	-4225.634	261.8931	0.7070034	0.321427	0.375308	0.243086	0.0601795	1.807657	1.706246
22272	-3947.029	-4208.428	261.3988	0.8986732	0.298955	0.349069	0.226092	0.125884	1.807657	1.9094
22278	-3940.624	-4202.378	261.7544	0.7116093	0.366595	0.242379	0.251176	0.13985	1.905133	1.731872
22284	-3942.522	-4204.033	261.5111	0.8129319	0.337212	0.305769	0.212982	0.144037	1.930464	1.809434
22290	-3934.438	-4196.29	261.8524	0.8129319	0.325799	0.225031	0.28305	0.16612	1.895069	1.592665
22296	-3968.049	-4229.928	261.8781	0.8531646	0.407486	0.193843	0.274022	0.124649	1.987169	1.474145
22302	-3956.488	-4218.555	262.067	0.6757409	0.193898	0.343845	0.244779	0.217477	1.944204	1.504768
22308	-3952.644	-4214.622	261.978	0.7316003	0.393315	0.287064	0.204358	0.115263	1.905239	1.555843
22314	-3959.951	-4221.661	261.7093	0.8486893	0.32442	0.273394	0.380994	0.0211921	1.821895	1.720847
22320	-3946.396	-4208.211	261.815	0.7986724	0.386252	0.232123	0.360121	0.0215044	1.831264	1.676318
22326	-3932.109	-4193.56	261.4507	0.7815137	0.307405	0.296642	0.345124	0.0508285	1.796598	1.963984
22332	-3955.779	-4217.379	261.5999	0.7815137	0.280555	0.270732	0.314979	0.133733	1.82742	1.841866
22338	-3948.258	-4209.91	261.6524	0.5857582	0.274634	0.311766	0.36272	0.0508795	1.694267	2.035571
22344	-3933.197	-4194.85	261.6531	0.5857582	0.300793	0.408924	0.220418	0.0698654	1.754347	1.995115
22350	-3947.096	-4208.636	261.5399	0.9072584	0.270242	0.36739	0.268066	0.0943021	1.808752	1.806082
22356	-3945.378	-4206.892	261.5141	1.046138	0.270656	0.396388	0.2641	0.0688556	1.93357	1.637829
22362	-3954.415	-4215.719	261.3037	1.084869	0.39768	0.384049	0.1171	0.101171	1.862586	1.80932
22368	-3936.629	-4198.51	261.8815	0.9030372	0.423403	0.0608802	0.425755	0.0899624	1.971178	1.44462
22374	-3935.256	-4197.45	262.1936	0.6182856	0.376193	0.320061	0.22531	0.0784361	2.053276	1.370616
22380	-3947.635	-4210.009	262.3742	0.590168	0.370662	0.274633	0.26311	0.091595	2.151323	1.16467
22386	-3943.719	-4206.057	262.3376	0.6267561	0.359826	0.23835	0.32233	0.079494	2.195444	1.123815
22392	-3935.749	-4198.149	262.4001	0.6267561	0.212195	0.48909	0.26194	0.0367743	2.176607	1.083925
22398	-3928.915	-4191.153	262.2383	0.7712573	0.425173	0.342268	0.194903	0.0376565	2.103035	1.158403
22404	-3936.827	-4199.187	262.3598	0.6393385	0.425173	0.342268	0.194903	0.0376565	2.157047	1.126451
22410	-3929.246	-4191.095	261.8496	0.8064846	0.308845	0.333876	0.335913	0.021365	2.11126	1.438363
22416	-3931.169	-4193.24	262.0713	0.6973088	0.391265	0.238844	0.345443	0.0244481	2.031792	1.41755
22422	-3928.242	-4190.203	261.9612	0.8192731	0.368768	0.28261	0.32558	0.0230424	1.977145	1.445411
22428	-3940.326	-4202.665	262.3385	0.4064447	0.309055	0.37183	0.298023	0.021092	1.985787	1.472576
22434	-3936.431	-4198.744	262.3128	0.6087836	0.455625	0.206932	0.295758	0.0416852	2.014766	1.314333
22440	-3956.818	-4219.281	262.4631	0.6374937	0.420209	0.228693	0.332958	0.0181397	1.993405	1.181416
22446	-3953.765	-4215.711	261.9461	0.8079618	0.490299	0.0961542	0.388495	0.0250519	1.951227	1.485517
22452	-3961.032	-4222.391	261.359	1.39139	0.581365	0.0949729	0.298918	0.0247442	1.957694	1.496022
22458	-3961.684	-4223.406	261.7216	0.7856387	0.474344	0.0695955	0.413712	0.0423491	1.951871	1.666649
22464	-3970.053	-4231.861	261.8081	0.7965805	0.562129	0.0824753	0.256401	0.0989949	1.990141	1.568035
22470	-3958.36	-4220.295	261.9346	0.7391913	0.245639	0.323876	0.310574	0.119911	1.991547	1.518153
22476	-3965.051	-4226.408	261.3568	0.8684612	0.269139	0.165592	0.340288	0.224981	1.838244	1.938196
22482	-3963.475	-4224.634	261.1584	1.047246	0.379873	0.179165	0.21949	0.221472	1.81507	1.965599
22488	-3950.105	-4211.967	261.8622	0.9350388	0.493608	0.131294	0.186706	0.188392	1.893986	1.492973
22494	-3947.036	-4208.347	261.3106	1.204428	0.47996	0.0519319	0.284926	0.183183	1.831179	1.746587
22500	-3968.211	-4230.706	262.4953	0.5942852	0.283084	0.204807	0.386127	0.125983	2.394784	0.7794098
22506	-3953.739	-4215.981	262.2422	0.8502244	0.303537	0.253897	0.286387	0.156179	2.394784	0.7557095
22512	-3953.001	-4214.594	261.5921	0.85203	0.497067	0.036323	0.371814	0.0947956	1.795867	1.81828
22518	-3958.453	-4220.337	261.8834	0.6729134	0.375741	0.271541	0.28106	0.0716575	1.892903	1.678272
22524	-3937.367	-4199.466	262.099	0.7317261	0.420127	0.23849	0.263082	0.0783006	1.942288	1.437054
22530	-3940.209	-4202.371	262.1623	0.6941486	0.263304	0.193312	0.370953	0.172432	2.108814	1.286856
22536	-3946.698	-4208.925	262.2271	0.6941486	0.252373	0.460173	0.115441	0.172013	2.002407	1.320569
22542	-3942.022	-4203.996	261.975	1.024067	0.465894	0.153264	0.286924	0.0939183	2.012229	1.239762
22548	-3940.643	-4202.48	261.8376	0.9320848	0.457004	0.112268	0.338602	0.0921261	1.965957	1.459393
22554	-3934.918	-4196.898	261.98	0.8481697	0.453945	0.0899399	0.330637	0.125478	2.007496	1.384138
22560	-3942.505	-4204.474	261.9691	0.9649585	0.375333	0.162671	0.3349	0.127096	2.048689	1.263557
22566	-3951.791	-4213.898	262.1066	0.7994484	0.341645	0.391523	0.193426	0.0734057	2.081721	1.263557
22572	-3946.998	-4209.243	262.2458	0.6729728	0.457691	0.0980556	0.281544	0.162709	2.031483	1.300077
22578	-3938.379	-4200.151	261.7724	0.934891	0.472624	0.134199	0.29073	0.102446	2.02602	1.461166
22584	-3940.174	-4202.163	261.9893	0.8470087	0.516499	0.148763	0.292268	0.0424696	2.02602	1.363171
22590	-3937.983	-4199.9	261.9166	0.8470087	0.454754	0.152959	0.380303	0.011984	2.049151	1.402011
22596	-3939.162	-4200.986	261.8245	0.8696791	0.271146	0.400552	0.296898	0.0314047	1.970905	1.513812
22602	-3950.8	-4212.58	261.7801	0.7792647	0.34192	0.24184	0.367368	0.0488719	1.970905	1.615753
22608	-3963.823	-4225.947	262.1244	0.6848854	0.211663	0.280558	0.448158	0.0596196	2.06169	1.362971
22614	-3944.907	-4206.836	261.9295	0.8678404	0.219982	0.450035	0.276719	0.0532632	2.06446	1.362971
22620	-3946.816	-4208.9	262.084	0.8111429	0.194254	0.563024	0.193323	0.0493982	2.054696	1.294252
22626	-3933.257	-4195.454	262.1971	0.7037589	0.482238	0.234683	0.230872	0.0522063	2.054696	1.294252
22632	-3943.931	-4206.387	262.4555	0.6210186	0.210396	0.461537	0.24671	0.0813567	2.101512	1.107538
22638	-3934.425	-4196.651	262.2263	0.8507959	0.238107	0.522324	0.224355	0.0152135	2.099368	1.097799
22644	-3933.431	-4195.266	261.8344	1.0987	0.573484	0.102389	0.311744	0.0123837	2.086948	1.233445
22650	-3943.451	-4205.463	262.0116	0.8663799	0.487274	0.183035	0.271729	0.0579629	2.08962	1.277868
22656	-3954.049	-4216.004	261.9545	0.8663799	0.478592	0.140066	0.341272	0.0400701	2.065515	1.343575
22662	-3951.54	-4213.366	261.8258	1.17253	0.485636	0.142128	0.29503	0.0772064	2.087264	1.179892
22668	-3960.073	-4221.681	261.6076	1.214727	0.505458	0.0956784	0.261944	0.13692	2.022433	1.379723
22674	-3953.89	-4215.575	261.6856	1.114715	0.508073	0.137255	0.228662	0.126011	1.912915	1.477299
22680	-3953.556	-4215.193	261.6373	0.8076405	0.418265	0.180683	0.359333	0.0417193	1.895439	1.749847
22686	-3954.927	-4216.71	261.7822	0.8894009	0.419796	0.105607	0.451233	0.0233648	1.884682	1.593556
22692	-3964.52	-4226.239	261.7193	0.9768394	0.464326	0.14401	0.323917	0.0677472	1.855116	1.596105
22698	-3955.905	-4216.998	261.0931	1.581703	0.55904	0.148015	0.155464	0.13748	1.894785	1.616914
22704	-3957.45	-4218.877	261.4273	1.581703	0.435254	0.0756976	0.388155	0.100893	2.103587	1.193643
22710	-3951.048	-4213.2	262.1511	0.9036467	0.303146	0.267721	0.340601	0.0885327	2.135572	1.083406
22716	-3957.388	-4219.683	262.2954	0.6236109	0.298151	0.279786	0.334989	0.087074	2.192842	1.166514
22722	-3948.7	-4210.893	262.1928	0.727357	0.369692	0.29122	0.284971	0.054117	2.030552	1.297073
22728	-3958.755	-4220.965	262.2094	0.593896	0.171551	0.481851	0.289137	0.0574609	1.985823	1.43071
22734	-3968.348	-4230.815	262.4674	0.6256389	0.479379	0.188064	0.292376	0.0401816	2.405635	0.7564662
22740	-3965.098	-4227.571	262.4724	0.5953315	0.278552	0.208106	0.469613	0.0437285	2.432557	0.7564662
22746	-3957.874	-4220.29	262.4164	0.6737835	0.356843	0.238362	0.375796	0.0289991	2.405294	0.757122
22752	-3967.823	-4230.384	262.5604	0.5363771	0.265437	0.310062	0.385948	0.0385532	2.405294	0.757122
22758	-3966.591	-4229.188	262.597	0.5620112	0.356029	0.415885	0.175154	0.0529324	2.36972	0.7142784
22764	-3947.792	-4209.103	261.3113	1.464707	0.436203	0.110237	0.438896	0.0146631	1.917368	1.513636
22770	-3972.016	-4234.549	262.533	0.6435206	0.248454	0.360609	0.356558	0.0343791	2.15071	0.9617725
22776	-3961.888	-4224.273	262.3849	0.6685645	0.437601	0.136325	0.246646	0.179429	2.180309	1.053084
22782	-3953.845	-4215.995	262.1503	0.5982836	0.356913	0.306621	0.202166	0.1343	1.886656	1.546434
22788	-3960.884	-4222.88	261.9956	0.6362424	0.267813	0.255217	0.318031	0.158938	1.838155	1.66497
22794	-3956.177	-4217.972	261.7951	0.8691772	0.321467	0.255661	0.318584	0.104287	1.87658	1.605224
22800	-3953.024	-4215.078	262.054	0.6780051	0.469932	0.262389	0.196261	0.0714179	1.914619	1.534681
22806	-3948.065	-4209.868	261.803	0.7548903	0.256619	0.281473	0.380217	0.0816904	1.954467	1.62958
22812	-3953.249	-4215.098	261.8484	0.7775907	0.364615	0.277013	0.286144	0.0722279	1.922421	1.602598
22818	-3946.194	-4208.089	261.895	0.6644629	0.421521	0.257497	0.265984	0.0549988	1.930908	1.649229
22824	-3954.852	-4216.678	261.8251	0.8289724	0.422818	0.185132	0.293503	0.0985468	1.869806	1.618694
22830	-3932.793	-4194.6	261.8072	0.8002042	0.382171	0.284421	0.265288	0.0681201	1.969726	1.580883
22836	-3938.67	-4200.536	261.8654	0.8063883	0.253589	0.390191	0.260835	0.095385	2.024561	1.492251
22842	-3944.197	-4205.898	261.7009	0.6639813	0.40528	0.322552	0.186476	0.085692	1.737889	1.918727
22848	-3945.612	-4207.362	261.7503	0.6373977	0.233523	0.474351	0.24275	0.049376	1.631844	1.975715
22854	-3951.285	-4213.033	261.748	0.8739972	0.488019	0.339038	0.125686	0.0472566	1.815091	1.67973
22860	-3973.151	-4235.027	261.8754	0.8237357	0.490269	0.202114	0.265567	0.0420494	1.988101	1.498513
22866	-3971.444	-4233.262	261.8184	1.029801	0.393945	0.0891651	0.467827	0.0490628	1.917891	1.435783
22872	-3970.95	-4232.872	261.9215	0.6846886	0.447557	0.18083	0.330683	0.0409298	1.741617	1.749401
22878	-3970.048	-4231.115	261.067	1.475953	0.509269	0.187841	0.249892	0.0529989	1.738626	1.809495
22884	-3975.169	-4235.799	260.6295	1.058238	0.612894	0.102173	0.135924	0.149009	1.632744	2.419726
22890	-3952.718	-4213.327	260.6088	1.032526	0.585569	0.166644	0.119815	0.127972	1.635181	2.447168
22896	-3974.438	-4234.511	260.0727	0.9973278	0.442306	0.308659	0.0899871	0.159048	1.549124	2.852402
22902	-3943.996	-4205.853	261.857	0.7298234	0.351764	0.322699	0.272347	0.05319	1.929478	1.627776
22908	-3946.934	-4209.28	262.3469	0.6246799	0.387916	0.355865	0.143037	0.113182	2.029611	1.260624
22914	-3948.553	-4210.566	262.013	0.9557922	0.309813	0.457306	0.142487	0.0903938	2.096486	1.194115
22920	-3942.396	-4204.655	262.2586	0.7013425	0.209342	0.548182	0.167099	0.075377	1.960878	1.322492
22926	-3934.887	-4197.153	262.2666	0.5953731	0.205886	0.368307	0.351674	0.0741328	1.99605	1.377184
22932	-3948.995	-4211.259	262.2635	0.6156034	0.321428	0.47158	0.161697	0.0452951	1.99605	1.362828
22938	-3959.076	-4221.195	262.119	0.6130518	0.270954	0.532833	0.0792481	0.116965	1.910352	1.540608
22944	-3953.43	-4215.239	261.8088	0.8416562	0.477757	0.169534	0.316321	0.0363887	1.859965	1.628032
22950	-3952.875	-4214.674	261.7989	0.8310683	0.261286	0.36787	0.307714	0.0631299	1.88089	1.628032
22956	-3947.918	-4209.907	261.9886	0.7231378	0.234297	0.440248	0.27593	0.0495243	1.894204	1.56279
22962	-3944.449	-4206.729	262.2793	0.6615749	0.326037	0.296748	0.32597	0.0512449	1.889809	1.395658
22968	-3948.703	-4210.538	261.835	0.8860113	0.350728	0.243489	0.350657	0.0551259	1.99171	1.477624
22974	-3948.538	-4210.519	261.9805	0.7920403	0.351546	0.207202	0.357174	0.0840783	1.944031	1.477583
22980	-3939.114	-4201.302	262.1879	0.631394	0.32094	0.398191	0.268847	0.0120215	1.906383	1.477583
22986	-3944.782	-4207.024	262.2425	0.6741314	0.335847	0.31937	0.332537	0.012246	2.017354	1.313228
22992	-3944.541	-4206.784	262.2429	0.6598861	0.4057	0.371692	0.20366	0.0189476	1.955894	1.373846
22998	-3934.978	-4196.793	261.815	0.7940243	0.349203	0.313973	0.310361	0.0264633	1.955894	1.590016
23004	-3951.7	-4213.583	261.8835	0.7214495	0.324004	0.364473	0.280804	0.0307197	1.956038	1.595768
23010	-3949.497	-4211.026	261.5294	0.8994104	0.503478	0.118936	0.357117	0.0204696	1.863806	1.780779
23016	-3957.802	-4219.11	261.3085	0.753478	0.400948	0.12158	0.456548	0.0209246	1.683657	2.152038
23022	-3951.603	-4212.647	261.0444	0.8939685	0.308302	0.186034	0.482438	0.0232249	1.672455	2.235459
23028	-3957.925	-4218.848	260.9236	0.8176113	0.454739	0.144567	0.394648	0.00604557	1.710665	2.338974
23034	-3960.107	-4220.044	259.9377	1.082143	0.328292	0.335312	0.26742	0.0689752	1.401131	2.972613
23040	-3952.29	-4213.832	261.5416	0.6774996	0.449647	0.236492	0.296646	0.017215	1.777435	1.989573
23046	-3941.914	-4203.578	261.6644	0.6053742	0.392465	0.180528	0.417031	0.00997577	1.766528	1.965695
23052	-3935.929	-4196.547	260.6179	1.127361	0.334853	0.304237	0.306078	0.0548313	1.567677	2.425639
23058	-3936.472	-4197.414	260.9417	0.8420647	0.393685	0.339607	0.202243	0.0644648	1.68907	2.32499
23064	-3933.403	-4194.092	260.6885	1.033793	0.347398	0.275897	0.227706	0.148999	1.747426	2.32499
23070	-3942.402	-4204.023	261.6208	0.8226608	0.373135	0.276474	0.213615	0.136777	1.85094	1.78142
23076	-3944.154	-4205.637	261.4836	0.6441503	0.451937	0.315666	0.154591	0.0778063	1.802432	2.035035
23082	-3965.635	-4226.879	261.2439	1.001531	0.337343	0.297366	0.145629	0.219662	1.795841	1.951576
23088	-3956.522	-4218.131	261.6095	0.7681245	0.40539	0.26683	0.130675	0.197105	1.731714	1.910197
23094	-3958.332	-4219.585	261.2528	0.7681245	0.518114	0.159077	0.200039	0.122771	1.753352	2.132884
23100	-3950.565	-4212.299	261.7349	0.861626	0.417263	0.337166	0.152176	0.0933955	1.896869	1.639755
23106	-3959.402	-4220.987	261.5857	0.9035338	0.427169	0.345171	0.163481	0.0641793	1.81623	1.771797
23112	-3961.895	-4222.904	261.009	1.229713	0.400761	0.323832	0.182336	0.0930706	1.772621	1.976654
23118	-3965.404	-4225.43	260.0259	1.186667	0.549497	0.200176	0.160646	0.0896815	1.702185	2.674958
23124	-3950.917	-4212.022	261.1047	0.9054577	0.355556	0.179314	0.367026	0.0981035	1.83519	2.082676
23130	-3957.74	-4218.875	261.1348	0.692556	0.34843	0.2084	0.354417	0.0887522	1.814617	2.221516
23136	-3958.685	-4220.038	261.3523	0.8513343	0.462587	0.218178	0.25978	0.0594555	1.902725	1.909657
23142	-3950.753	-4212.429	261.6762	0.692171	0.395062	0.278287	0.27189	0.0547615	1.854494	1.835732
23148	-3943.495	-4204.716	261.221	0.8636961	0.395062	0.278287	0.27189	0.0547615	1.785126	2.067366
23154	-3964.954	-4226.788	261.8342	0.7440697	0.393888	0.27746	0.274053	0.0545988	1.802296	1.723975
23160	-3964.2	-4225.522	261.322	0.8880999	0.409793	0.189566	0.358487	0.0421543	1.81425	1.964074
23166	-3948.058	-4209.52	261.4621	0.9391372	0.419585	0.109706	0.459083	0.0116258	1.818646	1.830485
23172	-3939.027	-4200.753	261.7254	0.7519923	0.422888	0.11057	0.434317	0.0322257	1.903598	1.723309
23178	-3944.691	-4206.14	261.4483	0.9251929	0.32571	0.150355	0.487746	0.03619	1.732919	1.908137
23184	-3947.509	-4208.314	260.8048	0.9389062	0.337141	0.142122	0.503921	0.0168165	1.75521	2.306604
23190	-3956.287	-4216.769	260.4815	1.549878	0.372929	0.0302769	0.564374	0.0324202	1.769138	2.138851
23196	-3943.875	-4204.031	260.156	1.890712	0.521023	0.0175288	0.434738	0.0267099	1.71166	2.208203
23202	-3941.494	-4202.126	260.6319	1.118053	0.462789	0.0314653	0.465185	0.0405609	1.664602	2.361181
23208	-3945.057	-4204.943	259.8856	1.029854	0.382965	0.203558	0.380316	0.0331609	1.551109	2.944712
23214	-3953.504	-4214.035	260.5305	0.9868754	0.460586	0.0843676	0.415164	0.0398821	1.603204	2.544606
23220	-3954.792	-4216.087	261.2948	0.8355737	0.384501	0.12193	0.429248	0.0643206	1.691538	2.0996
23226	-3943.701	-4204.587	260.8853	0.7674621	0.343473	0.336501	0.275442	0.0445838	1.655265	2.431521
23232	-3953.982	-4214.992	261.0102	0.62445	0.220768	0.38947	0.318107	0.0716549	1.644543	2.454821
23238	-3953.554	-4214.668	261.115	0.5106043	0.373264	0.329237	0.26891	0.0285889	1.657045	2.455257
23244	-3935.487	-4196.729	261.2421	1.105751	0.519034	0.0929111	0.373926	0.0141287	1.776734	1.896359
23250	-3948.892	-4210.146	261.2544	0.8169054	0.469886	0.164775	0.338519	0.0268208	1.778718	2.081637
23256	-3942.559	-4203.78	261.2207	0.9072603	0.442951	0.155329	0.376437	0.0252834	1.643276	2.131189
23262	-3941.17	-4202.732	261.5625	0.9072603	0.396992	0.185203	0.41068	0.0071243	1.718019	1.852994
23268	-3938.523	-4199.801	261.2782	0.9916647	0.45115	0.245329	0.298881	0.00464006	1.848676	1.899413
23274	-3947.992	-4209.64	261.6488	0.8101634	0.347132	0.317995	0.330931	0.00394276	1.817546	1.794224
23280	-3956.318	-4217.693	261.3741	0.8584277	0.395127	0.207819	0.386151	0.0109022	1.671147	2.045101
23286	-3954.397	-4215.552	261.1553	0.6998366	0.331153	0.430847	0.234026	0.00397484	1.677326	2.291579
23292	-3969.984	-4231.518	261.5333	0.7084634	0.378742	0.233945	0.384073	0.00324017	1.755415	1.987902
23298	-3964.506	-4225.679	261.1731	0.9243774	0.370809	0.187125	0.439547	0.00251788	1.740818	2.087003
23304	-3954.414	-4215.644	261.2299	0.4668607	0.200014	0.37478	0.413766	0.0114404	1.657324	2.409854
23310	-3953.597	-4214.69	261.0927	0.8445446	0.262096	0.430523	0.171992	0.135389	1.674313	2.236073
23316	-3951.684	-4212.572	260.8874	1.033263	0.3641	0.35496	0.0884224	0.192518	1.723441	2.213113
23322	-3962.617	-4223.899	261.2815	0.7167333	0.308487	0.300743	0.227656	0.163113	1.749988	2.151755
23328	-3962.391	-4223.017	260.6255	0.7992688	0.326429	0.260075	0.240897	0.172599	1.587369	2.615058
23334	-3958.622	-4220.066	261.4437	0.9764928	0.409729	0.236214	0.190379	0.163678	1.751688	1.863101
23340	-3950.524	-4211.471	260.9475	0.7691332	0.216203	0.338143	0.358535	0.0871201	1.767634	2.319823
23346	-3958.475	-4219.743	261.2678	0.5555977	0.40693	0.260603	0.267474	0.0649934	1.662465	2.326144
23352	-3952.206	-4213.363	261.1569	0.5905985	0.334442	0.214181	0.417224	0.0341543	1.652139	2.379988
23358	-3942.761	-4203.537	260.7757	0.7433494	0.466279	0.114537	0.402883	0.0162999	1.623296	2.536067
23364	-3948.177	-4207.917	259.7401	0.7533688	0.492738	0.111474	0.392108	0.00368019	1.525219	3.216458
23370	-3948.111	-4208.332	260.2212	1.1538	0.507291	0.058588	0.416103	0.0180174	1.494144	2.701985
23376	-3943.794	-4204.545	260.7515	0.8505586	0.523719	0.0182238	0.429578	0.0284788	1.613921	2.486893
23382	-3947.49	-4207.887	260.3968	0.8897248	0.530921	0.0165498	0.385463	0.0670664	1.705295	2.625409
23388	-3946.024	-4206.696	260.6726	0.8548875	0.513996	0.0497238	0.371352	0.0649283	1.702186	2.478238
23394	-3968.985	-4231.176	262.1911	0.4543868	0.1754	0.379845	0.408896	0.0358588	1.948596	1.577742
23400	-3948.942	-4210.963	262.0218	0.6510152	0.319046	0.271069	0.344659	0.0652259	1.93416	1.565162
23406	-3957.691	-4219.961	262.27	0.701837	0.288188	0.16574	0.52911	0.0169625	2.031547	1.25506
23412	-3957.799	-4219.315	261.5166	0.8201852	0.306566	0.144853	0.420674	0.127907	1.81643	1.878661
23418	-3949.653	-4210.974	261.3211	1.004731	0.416533	0.196813	0.255236	0.131417	1.8232	1.878661
23424	-3939.552	-4200.921	261.3689	0.8411282	0.284349	0.238147	0.439115	0.0383888	1.788302	1.982575
23430	-3957.145	-4218.141	260.9954	1.232547	0.330378	0.130774	0.468174	0.0706752	1.774729	1.982575
23436	-3956.476	-4217.725	261.2498	0.9071935	0.442406	0.168864	0.313645	0.0750846	1.676784	2.090235
23442	-3957.25	-4218.267	261.0171	1.333956	0.556835	0.0740465	0.269703	0.0994156	1.747191	1.923822
23448	-3939.549	-4200.785	261.2368	1.071711	0.434434	0.17052	0.351545	0.0435023	1.8248	1.889877
23454	-3959.298	-4220.48	261.1819	0.8799151	0.423146	0.135858	0.375232	0.0657653	1.654375	2.167558
23460	-3958.719	-4219.344	260.6248	1.032409	0.420849	0.177947	0.328435	0.0727688	1.572337	2.476634
23466	-3959.283	-4220.283	260.9998	0.6903223	0.332851	0.317067	0.248396	0.101687	1.678111	2.396329
23472	-3955.732	-4216.628	260.8958	0.9898111	0.43497	0.414343	0.121814	0.0288733	1.674246	2.26725
23478	-3956.75	-4217.845	261.0952	0.8848432	0.28862	0.35678	0.306219	0.0483815	1.703441	2.188707
23484	-3942.944	-4204.11	261.1662	0.6684117	0.335476	0.376302	0.254247	0.0339761	1.76746	2.248174
23490	-3950.125	-4212.158	262.0331	0.4365433	0.369801	0.351378	0.227584	0.0512362	1.869351	1.75903
23496	-3962.085	-4223.973	261.8885	0.7481261	0.237943	0.450109	0.257203	0.0547452	2.029626	1.517063
23502	-3950.111	-4211.989	261.8779	0.6955073	0.326148	0.314463	0.30354	0.0558501	1.881859	1.67299
23508	-3938.65	-4200.828	262.178	0.6735076	0.369578	0.363556	0.153051	0.113815	1.904743	1.452521
23514	-3942.396	-4204.6	262.2041	0.6397682	0.403571	0.228433	0.23399	0.134006	2.054678	1.343283
23520	-3939.001	-4200.586	261.5843	0.9746917	0.345549	0.253355	0.286357	0.11474	1.944386	1.630821
23526	-3942.123	-4203.682	261.5582	0.8203961	0.405384	0.230191	0.260176	0.104249	1.813801	1.851911
23532	-3948.686	-4210.129	261.4433	0.8824715	0.389459	0.221148	0.249955	0.139437	1.864265	1.851911
23538	-3937.685	-4198.901	261.2156	0.6050022	0.334871	0.325563	0.262493	0.0770727	1.763581	2.261954
23544	-3938.187	-4199.174	260.9877	0.7537735	0.430071	0.261904	0.211166	0.0968588	1.627469	2.393543
23550	-3951.063	-4211.768	260.7046	0.9988907	0.425427	0.119521	0.424897	0.030156	1.652255	2.397157
23556	-3930.843	-4191.18	260.3371	0.9747259	0.355944	0.212808	0.355501	0.0757479	1.614264	2.664991
23562	-3928.761	-4189.229	260.4677	0.9747259	0.436059	0.123866	0.348862	0.091213	1.654102	2.559623
23568	-3939.585	-4199.149	259.5639	1.056897	0.488455	0.0679129	0.341459	0.102173	1.602895	3.090427
23574	-3947.603	-4208.872	261.2692	0.7399424	0.378225	0.233374	0.360476	0.0279258	1.784515	2.12119
23580	-3946.14	-4206.974	260.8336	0.921364	0.400008	0.257249	0.278794	0.0639496	1.693817	2.338729
23586	-3936.976	-4197.735	260.7589	0.7518816	0.455853	0.153553	0.317716	0.0728776	1.693817	2.496948
23592	-3971.714	-4231.977	260.2631	1.084608	0.462873	0.0194118	0.373581	0.144135	1.608307	2.647119
23598	-3957.791	-4218.164	260.3727	1.059019	0.453198	0.00898184	0.488084	0.049736	1.597357	2.601696
23604	-3960.294	-4220.556	260.2618	1.401544	0.528115	0.00787487	0.406053	0.0579577	1.622303	2.455606
23610	-3956.125	-4217.138	261.0132	0.9645442	0.50318	0.00750306	0.434096	0.0552213	1.633267	2.234477
23616	-3954.919	-4216.179	261.2593	0.914337	0.506054	0.00183482	0.436575	0.0555367	1.741714	2.036257
23622	-3950.635	-4211.713	261.0777	0.914337	0.523283	0.00233652	0.451438	0.0229425	1.723633	2.167272
23628	-3974.318	-4235.208	260.8896	1.119769	0.637894	0.0121106	0.314426	0.0355691	1.729029	2.15317
23634	-3954.318	-4215.969	261.6513	0.7860843	0.491071	0.127233	0.313109	0.068587	1.802672	1.820282
23640	-3962.379	-4223.626	261.2469	0.7860843	0.469677	0.125964	0.365384	0.0389742	1.861004	2.053585
23646	-3957.303	-4218.42	261.1165	0.8390943	0.334531	0.283337	0.313617	0.0685151	1.773009	2.160427
23652	-3963.138	-4224.679	261.5404	0.7605384	0.431804	0.214726	0.303797	0.0496729	1.748705	1.950722
23658	-3963.137	-4224.19	261.0532	0.7637891	0.350268	0.243971	0.348739	0.0570212	1.717497	2.287932
23664	-3950.674	-4211.811	261.1368	0.6443859	0.312921	0.385466	0.238404	0.0632091	1.715901	2.316265
23670	-3951.323	-4212.994	261.6711	0.5291096	0.292179	0.348675	0.300126	0.0590194	1.795939	1.994461
23676	-3956.188	-4217.743	261.5547	0.6196444	0.255888	0.263756	0.415632	0.0647243	1.818144	1.994461
23682	-3954.752	-4216.444	261.6926	0.7548521	0.322819	0.438609	0.156919	0.0816538	1.897981	1.748197
23688	-3940.779	-4202.791	262.0124	0.450999	0.405884	0.280807	0.261031	0.0522766	1.892223	1.748197
23694	-3954.156	-4216.059	261.9027	0.4926993	0.222669	0.39673	0.325343	0.055258	1.939652	1.763556
23700	-3968.703	-4230.587	261.8834	0.5858255	0.223364	0.381699	0.343797	0.05114	1.863819	1.763556
23706	-3956.861	-4218.641	261.7802	0.6654	0.334359	0.175068	0.427049	0.0635239	1.883037	1.763556
23712	-3958.157	-4219.737	261.5806	0.6740849	0.36671	0.280352	0.283267	0.0696702	1.927155	1.864558
23718	-3963.277	-4224.763	261.4863	0.7711907	0.382388	0.321394	0.257757	0.0384611	1.882482	1.889323
23724	-3956.136	-4217.201	261.0648	0.8244117	0.338047	0.214663	0.421602	0.0256886	1.889938	2.127901
23730	-3956.055	-4216.854	260.7995	0.8854431	0.40214	0.0657648	0.501536	0.0305591	1.804564	2.31336
23736	-3972.893	-4233.866	260.9736	0.8281683	0.39973	0.0747213	0.48913	0.0364186	1.754622	2.27196
23742	-3973.809	-4235.658	261.8486	0.6768534	0.264125	0.280618	0.431193	0.0240639	1.796503	1.767779
23748	-3962.885	-4224.48	261.5948	0.8692093	0.347653	0.324329	0.27397	0.0540478	1.796503	1.803689
23754	-3959.899	-4221.191	261.2927	0.8190505	0.49429	0.175538	0.259981	0.0701905	1.78189	2.052774
23760	-3941.78	-4203.245	261.4646	0.8482657	0.406525	0.303202	0.248111	0.0421622	1.873202	1.855465
23766	-3947.485	-4209.002	261.5172	0.8482657	0.414977	0.309506	0.235075	0.0404412	1.855793	1.831302
23772	-3951.901	-4213.672	261.7711	0.7091186	0.343459	0.214808	0.369571	0.0721614	1.947338	1.692112
23778	-3956.417	-4218.23	261.8135	0.7272931	0.424539	0.246281	0.22095	0.108231	1.885786	1.692112
23784	-3947.636	-4209.221	261.5849	0.909372	0.44232	0.256596	0.263083	0.0380017	1.937926	1.682523
23790	-3948.538	-4210.193	261.6555	1.031527	0.298165	0.234645	0.305545	0.161646	1.936148	1.543367
23796	-3946.954	-4208.407	261.4525	0.8884554	0.456665	0.198575	0.265523	0.0792374	1.947532	1.783884
23802	-3970.481	-4232.966	262.4853	0.6077954	0.40471	0.241183	0.305414	0.0486938	2.367746	0.8101294
23808	-3977.637	-4240.075	262.4374	0.6508374	0.46699	0.345619	0.17234	0.015051	2.346218	0.8406322
23814	-3943.141	-4205.211	262.0704	0.8012381	0.399533	0.166952	0.365854	0.0676609	2.175899	1.213347
23820	-3952.205	-4214.489	262.2839	0.7849299	0.399533	0.166952	0.365854	0.0676609	2.194459	1.018204
23826	-3951.143	-4213.215	262.0725	0.7849299	0.343674	0.353971	0.148524	0.153831	2.242852	1.168579
23832	-3946.911	-4208.99	262.0794	0.9281036	0.4134	0.131152	0.353492	0.101957	2.087627	1.168579
23838	-3953.338	-4215.56	262.2217	0.7894182	0.354604	0.39721	0.195352	0.0528347	2.10287	1.156389
23844	-3958.403	-4220.812	262.4092	0.6582157	0.414431	0.374845	0.160864	0.0498599	2.097846	1.117255
23850	-3952.66	-4214.934	262.2732	0.6582157	0.282986	0.388488	0.166719	0.161808	2.209066	1.139497
23856	-3959.769	-4221.988	262.2187	0.6582157	0.20484	0.276755	0.337388	0.181017	2.198677	1.196255
23862	-3949.503	-4211.416	261.9136	0.8821191	0.303175	0.350008	0.22272	0.124097	2.108443	1.328966
23868	-3957.577	-4219.591	262.0146	0.8821191	0.371756	0.29738	0.298545	0.0323187	2.008762	1.327907
23874	-3938.145	-4200.016	261.8708	0.9608391	0.385012	0.179245	0.34698	0.0887631	2.034366	1.357991
23880	-3954.799	-4217.096	262.2965	0.6078282	0.478223	0.22264	0.210245	0.0888922	2.166574	1.202639
23886	-3950.026	-4212.245	262.219	0.8013885	0.26272	0.269921	0.410946	0.0564137	2.08979	1.159209
23892	-3949.021	-4211.221	262.1992	0.7226716	0.405375	0.247384	0.284101	0.0631404	2.158398	1.188905
23898	-3960.728	-4222.807	262.0798	0.6988816	0.363681	0.354891	0.254881	0.0265471	2.011719	1.425186
23904	-3954.784	-4216.885	262.101	0.8398481	0.363946	0.355149	0.255067	0.0258375	2.065101	1.246957
23910	-3943.712	-4205.867	262.1557	0.7783206	0.391993	0.163461	0.304617	0.139929	1.973805	1.329479
23916	-3944.91	-4206.941	262.0306	0.862236	0.341015	0.300231	0.265003	0.0937509	2.040417	1.306023
23922	-3947.429	-4209.518	262.0897	0.862236	0.436496	0.164593	0.347515	0.0513962	2.190075	1.128703
23928	-3958.596	-4220.551	261.9547	1.051505	0.459216	0.130065	0.303219	0.107501	2.190075	1.077022
23934	-3967.947	-4229.861	261.9134	0.98934	0.384652	0.162321	0.378416	0.0746117	2.187692	1.172098
23940	-3964.602	-4226.867	262.2652	0.6981136	0.219683	0.181603	0.53522	0.063495	2.219457	1.099146
23946	-3966.73	-4229.079	262.3486	0.6192908	0.365322	0.255879	0.351527	0.027272	2.219457	1.099146
23952	-3962.66	-4224.928	262.2679	0.67452	0.283343	0.334735	0.370456	0.0114664	2.255752	1.086222
23958	-3941.578	-4203.872	262.2941	0.7590845	0.299229	0.332832	0.297677	0.0702625	2.266201	0.9629264
23964	-3941.732	-4203.979	262.2477	0.6945984	0.336435	0.253321	0.33301	0.0772342	2.266201	1.075532
23970	-3959.014	-4221.514	262.5001	0.5829728	0.331371	0.293332	0.285864	0.0894331	2.190743	1.018935
23976	-3948.955	-4211.295	262.3401	0.7185452	0.331371	0.293332	0.285864	0.0894331	2.166809	1.058179
23982	-3956.761	-4218.588	261.8269	1.040459	0.547326	0.0615962	0.348979	0.042099	2.041373	1.323969
23988	-3955.42	-4217.034	261.6142	1.185356	0.363054	0.143262	0.381452	0.112233	2.113785	1.323969
23994	-3936.719	-4198.816	262.0968	0.6897267	0.380718	0.13378	0.435351	0.0501514	2.133182	1.323969
24000	-3949.756	-4211.756	261.9995	0.7370914	0.335561	0.281787	0.342965	0.039686	2.180287	1.323969
24006	-3962.388	-4224.496	262.1084	0.737841	0.333369	0.255633	0.34363	0.0673676	2.180287	1.233892
24012	-3942.92	-4205.162	262.2416	0.6752295	0.329791	0.252889	0.339942	0.0773771	2.180287	1.176768
24018	-3953.791	-4216.134	262.3428	0.5593127	0.321834	0.338795	0.33174	0.00763044	2.11478	1.250059
24024	-3947.292	-4209.408	262.1168	0.776781	0.34012	0.248726	0.350589	0.0605653	2.074579	1.280664
24030	-3936.013	-4198.217	262.2041	0.6881108	0.280035	0.314906	0.312972	0.092087	2.080979	1.280664
24036	-3941.67	-4203.5	261.8295	0.8362507	0.435181	0.224651	0.286734	0.0534341	2.117137	1.425464
24042	-3933.574	-4195.351	261.7768	0.9209601	0.435181	0.224651	0.286734	0.0534341	1.893826	1.567129
24048	-3928.263	-4190.14	261.8772	0.6995314	0.435181	0.224651	0.286734	0.0534341	2.024695	1.567129
24054	-3937.215	-4199.648	262.4334	0.5999494	0.397584	0.205243	0.319585	0.0775879	1.989417	1.243761
24060	-3942.027	-4203.856	261.8293	0.648309	0.434043	0.315984	0.237251	0.0127219	1.827353	1.780755
24066	-3947.899	-4209.454	261.5549	0.8096765	0.466277	0.265185	0.254871	0.0136666	1.98272	1.744926
24072	-3935.842	-4197.43	261.5881	0.8640956	0.383823	0.293417	0.29721	0.0255501	1.869287	1.761436
24078	-3951.149	-4212.793	261.6437	0.9995324	0.412215	0.213504	0.216265	0.158016	1.888979	1.609906
24084	-3941.711	-4203.528	261.8168	0.7357209	0.348579	0.322885	0.15491	0.173626	1.86783	1.696195
24090	-3933.854	-4195.55	261.6958	0.7244433	0.291472	0.285555	0.269421	0.153552	1.843655	1.806127
24096	-3943.297	-4204.896	261.5988	0.6384864	0.231602	0.313247	0.247813	0.207338	1.790722	1.970027
24102	-3943.778	-4205.438	261.66	0.733307	0.344029	0.418764	0.124308	0.112899	1.929927	1.764583
24108	-3946.179	-4207.812	261.632	0.6972377	0.389747	0.222403	0.294847	0.0930033	1.817789	1.887331
24114	-3947.828	-4209.23	261.4023	0.9123029	0.368208	0.197019	0.380333	0.0544405	1.786168	1.912133
24120	-3939.469	-4200.752	261.283	0.9329144	0.363848	0.194686	0.325474	0.115992	1.751735	2.001269
24126	-3967.222	-4229.253	262.031	0.5890211	0.288319	0.224821	0.375854	0.111007	1.87507	1.648796
24132	-3945.523	-4207.831	262.3079	0.636473	0.180595	0.480246	0.220532	0.118627	2.158084	1.174078
24138	-3953.21	-4215.404	262.1937	0.7279807	0.175027	0.542213	0.110235	0.172525	2.158965	1.18834
24144	-3953.491	-4215.716	262.2244	0.618715	0.305743	0.220544	0.287488	0.186226	2.113571	1.297389
24150	-3956.472	-4218.321	261.8484	0.4164701	0.213573	0.344185	0.398418	0.0438242	1.814108	1.935927
24156	-3968.597	-4230.022	261.4252	0.6640642	0.306067	0.312325	0.285928	0.0956794	1.823969	2.045458
24162	-3970.268	-4232.602	262.3344	0.5868943	0.32615	0.321849	0.324387	0.0276131	2.150249	1.203025
24168	-3958.059	-4220.3	262.2407	0.7544265	0.34177	0.337262	0.263334	0.0576338	2.176747	1.106143
24174	-3950.102	-4212.383	262.2812	0.6553769	0.393687	0.3331	0.245575	0.0276385	2.171545	1.168228
24180	-3954.828	-4217.138	262.3094	0.6724483	0.30289	0.246573	0.431572	0.0189651	2.184072	1.115866
24186	-3955.332	-4217.687	262.3547	0.6199002	0.334689	0.343625	0.291713	0.0299736	2.184072	1.125182
24192	-3945.36	-4207.468	262.1088	0.7865676	0.463425	0.130787	0.367979	0.0378099	2.110066	1.249401
24198	-3946.593	-4208.33	261.7372	0.8226951	0.447099	0.192798	0.340696	0.0194067	2.092465	1.524595
24204	-3952.7	-4214.675	261.9749	0.7598472	0.439308	0.284508	0.207229	0.068955	2.066266	1.414268
24210	-3958.215	-4220.365	262.1505	0.7144093	0.300221	0.446412	0.169936	0.0834307	2.096866	1.288685
24216	-3949.303	-4211.286	261.9837	0.8770015	0.28079	0.450769	0.19041	0.078031	2.093412	1.288685
24222	-3943.296	-4205.165	261.8689	0.8770015	0.267291	0.334665	0.324233	0.0738105	2.020849	1.436691
24228	-3932.709	-4194.742	262.0334	0.7212587	0.311844	0.320343	0.310357	0.057456	2.065594	1.401046
24234	-3946.494	-4208.595	262.1012	0.7212587	0.360542	0.219606	0.358822	0.0610302	2.02863	1.376979
24240	-3945.711	-4207.711	261.9995	0.7412986	0.366246	0.207259	0.364499	0.0619958	2.02863	1.439396
24246	-3941.201	-4203.143	261.9419	0.8504594	0.240891	0.246173	0.479531	0.0334044	2.091666	1.345913
24252	-3960.548	-4222.658	262.1098	0.7731447	0.418641	0.325297	0.211921	0.0441412	2.004517	1.345913
24258	-3949.796	-4211.773	261.9771	0.7037609	0.267355	0.177111	0.429643	0.125891	1.981523	1.521882
24264	-3959.016	-4220.959	261.9431	0.6972398	0.367547	0.238923	0.312846	0.0806835	1.986929	1.548221
24270	-3965.469	-4227.64	262.1708	0.6972398	0.325412	0.326173	0.276981	0.0714339	2.02459	1.345241
24276	-3962.923	-4224.887	261.964	0.8957014	0.33741	0.3382	0.287194	0.0371968	2.218644	1.183856
24282	-3970.607	-4231.336	260.7291	0.9151067	0.506935	0.162698	0.198924	0.131443	1.601267	2.46722
24288	-3969.777	-4230.305	260.5282	0.8377064	0.316612	0.293257	0.297732	0.0923994	1.571888	2.659852
24294	-3955.834	-4215.81	259.9764	1.027174	0.353285	0.381146	0.141794	0.123776	1.45601	2.948872
24300	-3947.729	-4208.059	260.3302	0.7844316	0.286878	0.309502	0.389874	0.0137461	1.586255	2.806331
24306	-3946.625	-4206.713	260.0879	0.9985488	0.398368	0.0801985	0.502921	0.0185123	1.564028	2.833374
24312	-3945.631	-4206.432	260.8015	0.9861841	0.333738	0.229425	0.421328	0.0155089	1.622725	2.362574
24318	-3950.084	-4211.242	261.1589	0.5457684	0.225454	0.336447	0.415356	0.0227434	1.624379	2.425672
24324	-3948.72	-4210.25	261.53	0.6757368	0.305946	0.336605	0.336165	0.0212838	1.63256	2.094424
24330	-3959.595	-4221.084	261.4888	0.6218309	0.355886	0.312385	0.311977	0.0197523	1.730768	2.094424
24336	-3944.902	-4206.818	261.916	0.75798	0.364472	0.356492	0.24565	0.0333851	1.78914	1.664836
24342	-3951.474	-4213.451	261.9767	0.6435434	0.270727	0.302426	0.406996	0.0198512	1.849593	1.664836
24348	-3948.881	-4210.976	262.0948	0.5406372	0.26796	0.370544	0.344608	0.0168876	1.832495	1.669508
24354	-3954.965	-4217.072	262.1068	0.4273765	0.285977	0.518808	0.114163	0.0810514	1.774966	1.779254
24360	-3956.999	-4219.045	262.0458	0.7814937	0.516729	0.153123	0.259313	0.0708359	1.843211	1.512573
24366	-3955.582	-4217.675	262.0932	0.7926657	0.360981	0.247029	0.303644	0.0883462	2.006677	1.341132
24372	-3965.383	-4227.254	261.8707	0.8492658	0.247001	0.233038	0.436619	0.0833425	1.963749	1.500415
24378	-3970.727	-4232.775	262.0485	0.6576354	0.189564	0.395263	0.394566	0.0206075	1.956084	1.523986
24384	-3960.123	-4220.65	260.5264	0.8132399	0.277402	0.296773	0.282694	0.143131	1.55007	2.690079
24390	-3959.109	-4218.979	259.8702	0.9740927	0.432998	0.276217	0.120147	0.170637	1.454947	3.045111
24396	-3958.322	-4218.517	260.1942	1.119182	0.476845	0.10061	0.234628	0.187917	1.575713	2.688898
24402	-3954.576	-4215.779	261.2029	0.9571656	0.527387	0.128482	0.210614	0.133517	1.717589	2.060714
24408	-3951.648	-4212.935	261.2864	1.038387	0.429086	0.0432765	0.383979	0.143658	1.889337	1.834263
24414	-3949.131	-4210.81	261.6787	0.7268901	0.423711	0.124639	0.379169	0.0724817	1.889337	1.784499
24420	-3959.959	-4221.591	261.6315	0.7105229	0.423461	0.21758	0.301353	0.0576064	1.834739	1.866559
24426	-3951.104	-4212.47	261.3661	0.669285	0.395217	0.222949	0.32807	0.0537642	1.846792	2.065776
24432	-3951.761	-4213.632	261.8705	0.7683376	0.2769	0.340243	0.335145	0.0477127	1.931164	1.587257
24438	-3943.686	-4205.644	261.9572	0.7195092	0.308005	0.348154	0.290769	0.0530724	1.99576	1.513637
24444	-3943.87	-4205.875	262.0049	0.7109445	0.282053	0.33086	0.296438	0.0906496	2.080803	1.419779
24450	-3958.353	-4220.45	262.0975	0.6960462	0.270141	0.29907	0.343968	0.0868213	2.055716	1.379583
24456	-3947.577	-4209.04	261.4633	0.7191721	0.452197	0.224898	0.249811	0.0730934	1.870853	1.949857
24462	-3947.493	-4209.968	262.4749	0.6000348	0.431719	0.130339	0.357503	0.0804394	2.071511	1.137013
24468	-3954.895	-4216.968	262.0727	1.010171	0.409696	0.182747	0.339267	0.0682899	2.229221	0.9630516
24474	-3970.232	-4232.074	261.842	0.7079725	0.33195	0.281658	0.33743	0.0489625	1.924388	1.658822
24480	-3964.923	-4227.317	262.3942	0.7274392	0.374027	0.231162	0.230117	0.164694	2.217797	0.9436647
24486	-3956.199	-4218.383	262.1839	0.8598582	0.45444	0.201278	0.279591	0.0646908	2.207355	1.026881
24492	-3960.066	-4222.537	262.4709	0.6479261	0.421234	0.364181	0.168073	0.0465113	2.060631	1.104841
24498	-3958.44	-4220.791	262.351	0.6967673	0.371142	0.361755	0.143369	0.123733	2.14576	1.089281
24504	-3952.705	-4213.289	260.5835	1.029176	0.461795	0.114918	0.41299	0.0102975	1.642749	2.460406
24510	-3955.396	-4217.867	262.4712	0.6888699	0.0508546	0.783083	0.0893368	0.0767261	2.107078	1.01969
24516	-3959.014	-4221.686	262.6716	0.4750982	0.0765285	0.740255	0.110686	0.0725298	2.140384	1.00738
24522	-3947.491	-4210.121	262.6299	0.5138201	0.137215	0.54775	0.260553	0.054482	2.17405	0.976817
24528	-3952.298	-4214.733	262.4349	0.668481	0.146689	0.537824	0.278543	0.0369439	2.197204	0.9875608
24534	-3958.904	-4221.451	262.5462	0.5954819	0.28043	0.42095	0.290662	0.00795814	2.278173	0.8619425
24540	-3937.658	-4200.142	262.4838	0.6426259	0.22838	0.451399	0.311687	0.00853379	2.366754	0.7632141
24546	-3944.071	-4206.498	262.4267	0.6426259	0.22838	0.451399	0.311687	0.00853379	2.42387	0.7631777
24552	-3959.101	-4221.614	262.5134	0.576523	0.221201	0.503419	0.265863	0.00951723	2.261555	0.9397734
24558	-3960.843	-4223.333	262.4902	0.6028241	0.268569	0.411571	0.260651	0.0592093	2.114529	1.081274
24564	-3957.419	-4220.004	262.5849	0.5323176	0.194665	0.476755	0.266969	0.0616115	2.092991	1.081274
24570	-3959.573	-4221.083	261.5107	1.061531	0.3714	0.209678	0.365982	0.0529401	1.960737	1.609717
24576	-3949.129	-4210.988	261.8585	0.7303204	0.324326	0.216421	0.413023	0.0462301	1.898295	1.648785
24582	-3950.071	-4211.998	261.9276	0.9215515	0.300325	0.3596	0.240828	0.0992469	2.134762	1.263147
24588	-3956.357	-4218.575	262.2173	0.7741513	0.281728	0.38661	0.179626	0.152036	2.176164	1.109057
24594	-3957.616	-4219.72	262.1041	0.7385701	0.258726	0.349325	0.337693	0.0542562	2.137862	1.272154
24600	-3932.908	-4195.041	262.1335	0.7686464	0.251461	0.367596	0.328211	0.0527327	2.105113	1.248627
24606	-3948.632	-4210.803	262.1701	0.6838711	0.226393	0.349737	0.360502	0.0633681	2.141171	1.262779
24612	-3956.913	-4219.113	262.2002	0.6482034	0.272092	0.321402	0.338761	0.0677454	1.943332	1.426448
24618	-3948.26	-4210.412	262.1523	0.7715256	0.438908	0.162702	0.337457	0.0609327	2.0835	1.248476
24624	-3944.298	-4206.633	262.3348	0.6301682	0.235729	0.48166	0.238162	0.0444483	2.0835	1.220714
24630	-3945.299	-4207.686	262.3873	0.5500085	0.276468	0.429091	0.279322	0.0151192	2.105023	1.229012
24636	-3941.471	-4203.727	262.2566	0.6253948	0.238819	0.459992	0.277724	0.0234653	2.01716	1.343391
24642	-3933.089	-4195.29	262.2004	0.7214563	0.219736	0.520306	0.255533	0.00442528	1.971654	1.343391
24648	-3938.634	-4200.486	261.8521	0.7925051	0.401902	0.192312	0.286574	0.119212	1.990033	1.538841
24654	-3931.368	-4193.524	262.1554	0.6303335	0.360478	0.350282	0.267393	0.0218477	1.919489	1.493004
24660	-3949.967	-4212.065	262.0983	0.7232565	0.329673	0.282677	0.346189	0.0414603	2.066385	1.347742
24666	-3956.777	-4218.772	261.9949	0.9096519	0.329673	0.282677	0.346189	0.0414603	2.111486	1.236654
24672	-3947.903	-4210.001	262.0985	0.7225629	0.205086	0.323793	0.390543	0.0805784	2.197995	1.24095
24678	-3945.746	-4207.95	262.2037	0.6517389	0.385809	0.314801	0.22105	0.0783406	2.132647	1.270126
24684	-3953.887	-4215.947	262.0596	0.7819566	0.302466	0.31622	0.355528	0.0257866	2.132647	1.275472
24690	-3935.275	-4197.585	262.3101	0.6251957	0.309379	0.323447	0.269769	0.0974047	2.127365	1.208921
24696	-3926.441	-4188.84	262.399	0.5896339	0.299021	0.28525	0.319416	0.0963125	2.075872	1.208921
24702	-3939.859	-4202.081	262.2224	0.7366739	0.308884	0.307547	0.329951	0.053618	2.075872	1.226906
24708	-3941.91	-4204.145	262.2352	0.6951133	0.283003	0.418175	0.262703	0.0361187	2.053008	1.271996
24714	-3946.591	-4208.61	262.0199	0.7843162	0.317789	0.262529	0.380859	0.0388219	2.056298	1.366864
24720	-3940.755	-4203.089	262.3342	0.5939248	0.420418	0.155732	0.336533	0.0873172	2.016907	1.307877
24726	-3947.511	-4209.702	262.1908	0.5208196	0.228111	0.479676	0.277368	0.0148452	2.025991	1.471856
24732	-3947.236	-4209.386	262.1507	0.6404933	0.30695	0.36615	0.273261	0.0536389	2.049311	1.389002
24738	-3959.678	-4221.877	262.1989	0.756338	0.303261	0.405857	0.209558	0.0813235	2.107359	1.202503
24744	-3948.84	-4211.139	262.2993	0.577013	0.307312	0.484326	0.204064	0.00429794	2.011759	1.35414
24750	-3928.859	-4190.986	262.1276	0.6755382	0.473862	0.256024	0.246073	0.0240419	1.938396	1.463592
24756	-3944.628	-4206.575	261.9473	0.6648102	0.36621	0.34808	0.26028	0.02543	1.938396	1.605778
24762	-3957.334	-4219.39	262.056	0.6145924	0.364747	0.363664	0.226725	0.0448643	1.8721	1.613573
24768	-3952.073	-4213.727	261.6533	0.640548	0.460045	0.121044	0.356677	0.0622333	1.779709	1.939357
24774	-3954.959	-4216.933	261.9738	0.636895	0.34708	0.308516	0.259269	0.0851349	1.895211	1.639212
24780	-3959.241	-4221.339	262.098	0.7215616	0.243738	0.415609	0.2758	0.0648531	1.856127	1.511155
24786	-3957.076	-4219.205	262.129	0.6579259	0.243738	0.415609	0.2758	0.0648531	1.899631	1.505847
24792	-3948.852	-4210.501	261.6489	0.5961536	0.519746	0.235241	0.22405	0.0209621	1.756324	1.989371
24798	-3938.782	-4200.415	261.6337	0.8566788	0.404722	0.41615	0.131592	0.0475365	1.768948	1.804825
24804	-3941.642	-4202.776	261.1345	1.058892	0.405581	0.158805	0.400231	0.0353832	1.732426	2.028995
24810	-3957.967	-4220.411	262.4434	0.5687701	0.301943	0.302584	0.361146	0.0343273	1.996554	1.256553
24816	-3960.423	-4222.63	262.2062	0.7632147	0.433475	0.185797	0.332124	0.0486036	1.995951	1.283533
24822	-3953.333	-4215.521	262.1876	0.6453071	0.24935	0.344474	0.349422	0.0567536	2.051729	1.354036
24828	-3952.167	-4214.431	262.2641	0.6453071	0.31024	0.428592	0.211185	0.0499835	1.945532	1.377489
24834	-3970.789	-4232.784	261.995	0.7521799	0.24107	0.294508	0.437658	0.0267637	1.97949	1.47151
24840	-3951.812	-4213.314	261.5016	0.9860934	0.559535	0.101159	0.192603	0.146703	1.870652	1.733928
24846	-3941.682	-4203.224	261.5425	0.8708747	0.29984	0.41783	0.238593	0.0437371	1.842913	1.806609
24852	-3944.221	-4205.721	261.4999	0.8758105	0.283095	0.274905	0.371185	0.0708146	1.965989	1.747049
24858	-3939.363	-4201.06	261.697	0.8758105	0.479174	0.116249	0.360615	0.043963	1.921344	1.638826
24864	-3942.487	-4204.135	261.6474	0.9118854	0.46512	0.123059	0.338042	0.0737789	1.958762	1.620859
24870	-3945.393	-4207.251	261.8583	0.6958363	0.346073	0.238276	0.341186	0.074465	1.881403	1.687041
24876	-3944.759	-4206.685	261.9264	0.7111083	0.370504	0.222563	0.318686	0.0882473	1.851248	1.648377
24882	-3950.114	-4211.585	261.4709	0.9920546	0.452193	0.18435	0.341527	0.0219303	1.925635	1.712597
24888	-3949.301	-4210.96	261.6596	0.8415545	0.393421	0.239047	0.315568	0.0519642	1.940526	1.677261
24894	-3933.184	-4194.943	261.7592	0.8415545	0.267468	0.372803	0.3001	0.0596285	1.834184	1.6821
24900	-3946.892	-4208.95	262.0585	0.68228	0.237589	0.331156	0.378287	0.0529673	1.973602	1.483833
24906	-3941.298	-4202.829	261.5309	0.995848	0.271064	0.211631	0.406102	0.111203	1.898728	1.686504
24912	-3948.153	-4209.914	261.7604	0.6332963	0.19441	0.501526	0.231201	0.0728625	1.771676	1.877436
24918	-3946.503	-4208.339	261.8361	0.6533127	0.264384	0.314459	0.399031	0.0221256	1.739019	1.833469
24924	-3941.289	-4203.182	261.8937	0.6509273	0.292266	0.3872	0.29083	0.0297047	1.954099	1.643776
24930	-3936.058	-4197.454	261.3968	0.6521527	0.238543	0.427277	0.301401	0.0327792	1.831231	2.067768
24936	-3945.6	-4207.744	262.1446	0.6202532	0.237642	0.432937	0.300263	0.0291589	1.865178	1.549477
24942	-3958.019	-4219.829	261.8098	0.7175099	0.204388	0.484495	0.231022	0.080095	1.905536	1.688027
24948	-3945.553	-4207.475	261.9223	0.6798807	0.211449	0.501231	0.239002	0.0483185	1.849981	1.675885
24954	-3933.38	-4194.729	261.3493	0.7193011	0.378599	0.280547	0.30363	0.0372239	1.809633	2.066412
24960	-3941.31	-4202.81	261.4998	0.7893907	0.38174	0.21666	0.357742	0.0438578	1.759305	1.950544
24966	-3955.406	-4216.875	261.4696	0.611048	0.279729	0.413242	0.262144	0.044886	1.688677	2.141964
24972	-3963.97	-4225.469	261.4992	0.5372069	0.211744	0.392879	0.320411	0.0749657	1.652801	2.195969
24978	-3963.869	-4224.839	260.9702	0.8616792	0.520101	0.236629	0.16513	0.0781395	1.738624	2.262026
24984	-3951.143	-4212.737	261.5934	0.8984396	0.529255	0.142072	0.229166	0.0995079	1.811826	1.773101
24990	-3966.774	-4228.495	261.7211	0.6909235	0.296843	0.309667	0.352683	0.040807	1.906343	1.769702
24996	-3952.722	-4214.448	261.7263	0.9991295	0.364083	0.379811	0.166288	0.0898183	1.906343	1.536931
25002	-3956.492	-4218.582	262.0904	0.8195789	0.310792	0.324218	0.260606	0.104384	1.977157	1.344418
25008	-3952.142	-4214.167	262.0255	0.9443929	0.202046	0.421484	0.291953	0.0845171	2.070491	1.215509
25014	-3946.03	-4208.382	262.3516	0.6102681	0.321626	0.337546	0.291909	0.0489195	2.096055	1.213656
25020	-3935.528	-4197.885	262.3569	0.572928	0.276683	0.454727	0.235369	0.0332218	1.904787	1.396275
25026	-3954.152	-4216.613	262.4614	0.5187998	0.275775	0.453235	0.257298	0.0136922	1.904787	1.357858
25032	-3955.01	-4217.199	262.1892	0.6645706	0.362732	0.3439	0.253211	0.0401569	1.996605	1.380153
25038	-3946.39	-4207.909	261.5187	1.04732	0.601732	0.0331935	0.301475	0.0635993	1.901178	1.656941
25044	-3958.58	-4219.273	260.6928	1.277448	0.547721	0.0139893	0.402079	0.0362101	1.787813	2.146131
25050	-3952.602	-4213.679	261.0774	1.277448	0.446648	0.0114078	0.401307	0.140637	1.848664	1.848895
25056	-3950.243	-4211.247	261.0033	1.313272	0.487024	0.00853498	0.348747	0.155694	1.889921	1.848895
25062	-3959.85	-4221.188	261.3376	0.8685399	0.493477	0.104538	0.38412	0.0178652	1.827946	1.957921
25068	-3961.98	-4223.159	261.1794	1.031509	0.578901	0.0470517	0.30347	0.0705773	1.726833	2.020846
25074	-3950.327	-4211.473	261.1453	1.131848	0.4542	0.0873153	0.380757	0.0777284	1.693193	2.000673
25080	-3943.457	-4204.958	261.5011	0.7909146	0.450406	0.0865861	0.385928	0.0770793	1.747075	1.956807
25086	-3956.923	-4218.979	262.0562	0.8011623	0.334115	0.364052	0.200868	0.100964	2.122919	1.269671
25092	-3954.37	-4216.611	262.2412	0.7530868	0.233036	0.308881	0.318165	0.139918	2.108715	1.167631
25098	-3944.32	-4206.735	262.4151	0.7050418	0.333702	0.409203	0.231272	0.0258221	2.054215	1.106473
25104	-3969.215	-4231.538	262.3222	0.7435463	0.208729	0.41463	0.352843	0.0237982	2.129775	1.084951
25110	-3943.997	-4206.247	262.2493	0.7844165	0.209097	0.34913	0.380956	0.0608168	2.11753	1.123352
25116	-3936.88	-4199.461	262.5813	0.4139622	0.210521	0.351508	0.325894	0.112077	2.059705	1.21473
25122	-3938.707	-4201.146	262.439	0.6656255	0.210521	0.351508	0.325894	0.112077	2.15181	1.031489
25128	-3941.581	-4203.95	262.3689	0.7270061	0.33454	0.367776	0.202195	0.095488	2.192616	0.996312
25134	-3937.405	-4199.928	262.5229	0.6328548	0.334156	0.367354	0.203111	0.0953784	2.267376	0.855719
25140	-3941.403	-4203.899	262.4959	0.6328548	0.318342	0.383083	0.207711	0.0908646	2.267603	0.8870419
25146	-3961.591	-4224.239	262.6478	0.511191	0.359798	0.363856	0.190042	0.0863042	2.229526	0.9011511
25152	-3946.517	-4208.821	262.3043	0.8129661	0.33938	0.295303	0.283911	0.0814066	2.239159	0.9205025
25158	-3942.734	-4205.019	262.2848	0.8252602	0.346899	0.312388	0.300337	0.040377	2.178495	0.991117
25164	-3947.331	-4209.543	262.2119	0.8893224	0.355916	0.320508	0.304063	0.019513	2.207394	0.9682691
25170	-3950.942	-4213.2	262.2577	0.8450405	0.449586	0.240371	0.240478	0.0695648	2.207394	0.9682691
25176	-3951.953	-4214.209	262.2559	0.7934682	0.430439	0.223387	0.254799	0.0913752	2.232604	0.9992287
25182	-3961.385	-4223.667	262.2822	0.7361294	0.4425	0.204685	0.261938	0.0908771	2.181582	1.081242
25188	-3948.57	-4210.672	262.1022	0.7176094	0.343967	0.21861	0.357951	0.0794721	2.127677	1.300163
25194	-3939.567	-4201.616	262.0488	0.8240753	0.321022	0.262175	0.399948	0.0168559	1.943123	1.400236
25200	-3942.928	-4204.951	262.0231	0.9459257	0.486974	0.145511	0.348329	0.0191866	2.037675	1.243819
25206	-3942.004	-4204.142	262.138	0.7902646	0.46662	0.144673	0.364675	0.0240318	1.991757	1.319196
25212	-3955.793	-4217.842	262.0486	0.9157992	0.446181	0.217491	0.310799	0.0255292	1.958983	1.312719
25218	-3952.817	-4214.952	262.1357	0.7634087	0.425706	0.241531	0.314503	0.0182592	2.03313	1.310469
25224	-3942.464	-4204.491	262.0273	0.9195322	0.512766	0.194856	0.268991	0.0233872	2.02882	1.270026
25230	-3957.437	-4219.409	261.9719	0.9527697	0.461761	0.109654	0.385853	0.0427324	2.065161	1.257806
25236	-3953.235	-4215.253	262.0181	1.004192	0.616258	0.122428	0.223448	0.0378665	2.045215	1.191969
25242	-3955.317	-4217.361	262.0435	0.9553997	0.377613	0.217758	0.344552	0.0600766	1.897887	1.333612
25248	-3958.677	-4220.651	261.9742	0.8824876	0.386353	0.210652	0.352527	0.050468	1.819283	1.505374
25254	-3962.663	-4224.363	261.6998	0.8161445	0.365118	0.223231	0.373578	0.038073	1.927555	1.676761
25260	-3948.202	-4209.64	261.4373	0.724512	0.348887	0.213308	0.379326	0.058479	1.778149	2.025351
25266	-3958.445	-4220.173	261.7283	0.805885	0.312184	0.190868	0.444622	0.0523269	1.815275	1.743572
25272	-3966.61	-4227.869	261.2596	0.805885	0.471042	0.169957	0.322329	0.0366716	1.675584	2.153259
25278	-3954.507	-4215.91	261.4024	0.7975014	0.469596	0.124993	0.322151	0.0832591	1.71015	2.042573
25284	-3956.006	-4217.39	261.3838	0.8902062	0.457767	0.147036	0.314036	0.0811618	1.71015	1.990923
25290	-3955.211	-4216.986	261.7747	0.9607417	0.270903	0.212733	0.376824	0.13954	1.937895	1.506089
25296	-3951.652	-4213.158	261.5056	1.235991	0.548644	0.224066	0.165869	0.0614219	1.939403	1.506089
25302	-3956.172	-4217.955	261.7831	1.027801	0.574162	0.234488	0.173584	0.0177663	2.048115	1.363455
25308	-3938.409	-4200.828	262.4191	0.5962266	0.168966	0.408595	0.371683	0.050756	2.062052	1.19759
25314	-3946.615	-4208.725	262.1106	0.7523513	0.295945	0.485124	0.199773	0.0191584	2.074711	1.306566
25320	-3944.797	-4207.217	262.4193	0.5877056	0.326366	0.449709	0.206166	0.0177597	1.965596	1.285706
25326	-3963.415	-4225.736	262.3214	0.5023039	0.223277	0.350779	0.40348	0.0224642	1.978804	1.422319
25332	-3958.587	-4219.907	261.3193	1.168535	0.541404	0.0701807	0.262745	0.12567	1.939557	1.687971
25338	-3966.427	-4227.668	261.2405	1.280599	0.402611	0.0945445	0.353959	0.148886	1.912788	1.688441
25344	-3945.588	-4207.333	261.7456	1.009466	0.400111	0.0449097	0.484257	0.0707224	1.965511	1.470377
25350	-3944.912	-4206.801	261.8888	0.8438498	0.356706	0.158905	0.335711	0.148678	1.947958	1.502851
25356	-3940.468	-4202.238	261.7707	0.7336654	0.326098	0.261034	0.286143	0.126725	1.969318	1.658282
25362	-3947.347	-4209.7	262.3529	0.4166474	0.27355	0.332025	0.273361	0.121065	1.969318	1.467498
25368	-3952.509	-4214.263	261.7537	0.7316221	0.280491	0.282989	0.280297	0.156223	1.873268	1.739877
25374	-3948.668	-4210.035	261.367	0.8951344	0.431309	0.25803	0.23657	0.0740913	1.663666	2.029662
25380	-3950.794	-4211.773	260.9788	1.153435	0.528996	0.119123	0.267959	0.0839222	1.655115	2.122069
25386	-3936.56	-4197.679	261.119	1.06556	0.503629	0.182563	0.178846	0.134961	1.76058	2.01625
25392	-3933.817	-4194.729	260.9117	1.012733	0.552101	0.0869159	0.31431	0.0466739	1.662162	2.250134
25398	-3936.2	-4196.395	260.1955	0.9852928	0.608581	0.149447	0.201115	0.0408571	1.643061	2.72774
25404	-3944.968	-4205.715	260.7473	1.057297	0.608581	0.149447	0.201115	0.0408571	1.543158	2.402506
25410	-3962.199	-4224.247	262.0481	0.7751583	0.376061	0.316833	0.213801	0.0933054	2.113648	1.306137
25416	-3975.552	-4237.947	262.3947	0.551814	0.317214	0.344006	0.237472	0.101308	2.022206	1.290061
25422	-3952.379	-4213.199	260.8195	0.9740678	0.437019	0.139883	0.402298	0.0207995	1.789507	2.252381
25428	-3952.269	-4213.835	261.5665	1.163279	0.429813	0.137577	0.374699	0.0579114	1.887017	1.550737
25434	-3953.956	-4215.872	261.9158	0.9343856	0.481127	0.108703	0.345345	0.0648251	1.962786	1.399931
25440	-3943.735	-4205.932	262.1964	0.6848292	0.456887	0.19383	0.327946	0.0213362	1.999569	1.355209
25446	-3937.787	-4199.753	261.966	0.9524011	0.400262	0.236728	0.314908	0.0481017	1.964034	1.34507
25452	-3941.437	-4203.506	262.0693	0.7223682	0.261241	0.281859	0.374944	0.0819563	2.099701	1.34507
25458	-3931.753	-4193.848	262.0948	0.7223682	0.257408	0.237766	0.369443	0.135383	1.938977	1.450411
25464	-3938.761	-4200.927	262.166	0.7223682	0.355692	0.13485	0.432674	0.0767833	2.078124	1.284468
25470	-3953.425	-4215.783	262.3579	0.7223682	0.231146	0.413429	0.301857	0.0535682	2.078124	1.120002
25476	-3952.664	-4214.913	262.2489	0.6955582	0.257838	0.369389	0.336714	0.0360578	2.094442	1.225553
25482	-3955.098	-4217.033	261.935	0.7747969	0.36706	0.238497	0.342229	0.0522136	2.030382	1.460317
25488	-3947.711	-4209.573	261.8622	0.9429222	0.357637	0.273777	0.333443	0.0351425	1.921477	1.466158
25494	-3946.856	-4208.479	261.6228	0.8248718	0.502371	0.167103	0.234209	0.0963173	1.959418	1.702366
25500	-3944.131	-4206.037	261.9063	0.729956	0.402665	0.128274	0.391859	0.0772011	1.887646	1.622311
25506	-3942.255	-4203.963	261.7082	0.8394666	0.392522	0.186816	0.381989	0.0386727	1.950639	1.63678
25512	-3946.346	-4208.154	261.8081	0.918175	0.42523	0.176758	0.361422	0.0365905	1.963223	1.494492
25518	-3953.541	-4215.578	262.037	0.718051	0.282105	0.206404	0.479012	0.0324796	1.943074	1.494492
25524	-3948.62	-4210.69	262.0702	0.7549408	0.224904	0.523614	0.215302	0.0361803	2.008837	1.38885
25530	-3952.561	-4214.541	261.9801	0.7549408	0.425013	0.21745	0.294552	0.0629852	2.055341	1.422687
25536	-3935.631	-4197.755	262.1245	0.7022462	0.258308	0.451446	0.239115	0.0511309	1.966715	1.422687
25542	-3969.393	-4231.94	262.5479	0.6677874	0.325361	0.190396	0.416805	0.0674377	1.937559	1.127567
25548	-3939.682	-4202.136	262.4542	0.6677874	0.444274	0.226534	0.237108	0.0920847	2.098807	1.065473
25554	-3944.12	-4206.518	262.3979	0.6402599	0.363499	0.283483	0.231597	0.12142	1.998559	1.230197
25560	-3939.404	-4201.684	262.2792	0.6200225	0.321514	0.310318	0.253521	0.114647	2.050609	1.302883
25566	-3943.828	-4205.905	262.0773	0.7471438	0.3344	0.395999	0.192061	0.0775408	2.019599	1.381346
25572	-3952.394	-4214.235	261.8405	1.127972	0.38718	0.256779	0.266261	0.0897795	2.067638	1.220755
25578	-3966.987	-4229.163	262.1769	0.6787912	0.387289	0.13404	0.388866	0.0898047	2.223425	1.192189
25584	-3959.749	-4222.021	262.2719	0.6893842	0.510687	0.135617	0.262835	0.0908612	1.954705	1.32694
25590	-3959.374	-4221.432	262.0579	0.7681426	0.447457	0.119846	0.405745	0.0269511	1.93714	1.443031
25596	-3948.252	-4209.829	261.5766	0.978052	0.373287	0.347363	0.256866	0.0224837	1.853172	1.699074
25602	-3935.909	-4197.594	261.685	0.7743077	0.335011	0.323935	0.311935	0.0291186	1.844124	1.776766
25608	-3939.517	-4201.291	261.7732	0.6503738	0.266351	0.363805	0.350328	0.0195155	1.884767	1.778323
25614	-3935.025	-4196.681	261.6554	0.7961417	0.342094	0.18097	0.449952	0.0269839	1.84859	1.778323
25620	-3942.022	-4203.027	261.0056	1.528339	0.320343	0.1264	0.461192	0.0920645	1.745044	1.816283
25626	-3936.825	-4198.163	261.3382	0.8785169	0.429573	0.128503	0.348328	0.0935961	1.835597	1.945493
25632	-3935.502	-4196.927	261.425	0.8785169	0.47404	0.168342	0.31115	0.0464681	1.880781	1.855952
25638	-3932.672	-4194.586	261.9144	0.5220432	0.117063	0.589077	0.266612	0.027248	1.865906	1.786275
25644	-3943.271	-4205.039	261.768	0.4421877	0.168942	0.619889	0.182496	0.0286733	1.822665	1.968639
25650	-3937.346	-4198.759	261.4132	0.7860419	0.374603	0.242412	0.344443	0.0385415	1.770795	2.003119
25656	-3940.809	-4202.006	261.1971	0.8932391	0.436751	0.277205	0.253835	0.0322094	1.776908	2.068452
25662	-3945.188	-4206.893	261.7046	0.9667129	0.496712	0.187841	0.219305	0.0961428	1.877418	1.597969
25668	-3948.906	-4210.662	261.7563	0.9667129	0.509055	0.211585	0.208593	0.0707668	2.05445	1.427085
25674	-3946.146	-4208.084	261.9383	0.9319299	0.403307	0.159755	0.392785	0.044153	2.028251	1.332471
25680	-3945.687	-4207.686	261.9985	0.8852906	0.370515	0.320392	0.208695	0.100398	2.028251	1.322504
25686	-3947.252	-4209.18	261.928	0.9849868	0.370515	0.320392	0.208695	0.100398	2.011378	1.31118
25692	-3940.33	-4202.152	261.8224	0.9973455	0.457622	0.229638	0.203643	0.109097	1.984153	1.406522
25698	-3944.05	-4206.216	262.1658	0.6192175	0.331209	0.166203	0.456231	0.0463571	1.827981	1.562053
25704	-3934.379	-4196.192	261.8129	0.8029184	0.356956	0.179123	0.41396	0.0499608	1.897454	1.627168
25710	-3953.896	-4215.628	261.7317	0.7021318	0.528331	0.0814167	0.297273	0.0929789	1.895041	1.761856
25716	-3948.204	-4209.613	261.4093	0.8851505	0.463178	0.271077	0.203087	0.0626583	1.939337	1.821826
25722	-3951.459	-4213.141	261.6824	0.5021545	0.302426	0.38169	0.218081	0.0978027	1.780331	2.015403
25728	-3937.143	-4198.943	261.8	0.7104926	0.34982	0.284793	0.252257	0.11313	1.863124	1.730218
25734	-3957.003	-4218.975	261.9719	0.6075985	0.373864	0.304368	0.269596	0.0521716	1.95312	1.621063
25740	-3947.021	-4208.874	261.8535	0.7636339	0.256876	0.453064	0.204172	0.0858879	1.810558	1.689879
25746	-3961.979	-4224.323	262.3443	0.4701536	0.145664	0.431437	0.34111	0.0817881	1.911367	1.48039
25752	-3962.602	-4224.731	262.1281	0.7289239	0.301681	0.273542	0.416364	0.00841214	1.941042	1.417895
25758	-3958.776	-4220.824	262.0479	0.8947585	0.407946	0.237771	0.328558	0.0257248	2.075002	1.235618
25764	-3950.835	-4212.852	262.0177	0.64052	0.354224	0.422681	0.142526	0.0805695	1.951865	1.56331
25770	-3953.412	-4215.28	261.8678	0.7884747	0.351884	0.253823	0.28782	0.106473	1.966024	1.54809
25776	-3969.286	-4231.1	261.8139	0.8456441	0.484595	0.151784	0.233618	0.130003	1.966024	1.543791
25782	-3965.076	-4227.55	262.4733	0.5964282	0.191053	0.369785	0.384257	0.0549047	2.394845	0.8060716
25788	-3965.215	-4227.707	262.4922	0.6707537	0.322835	0.333048	0.294667	0.0494501	2.220412	0.8993307
25794	-3948.884	-4211.427	262.543	0.5859069	0.367375	0.386273	0.238571	0.00778197	2.295777	0.8566938
25800	-3947.289	-4209.792	262.5034	0.5792873	0.282377	0.391599	0.311953	0.0140713	2.353837	0.8427215
25806	-3960.155	-4222.54	262.3853	0.6881738	0.363411	0.296266	0.330243	0.0100801	2.374168	0.8213468
25812	-3954.702	-4217.124	262.4217	0.6758905	0.366859	0.299078	0.328293	0.00577005	2.401969	0.7509195
25818	-3948.621	-4211.034	262.413	0.6494816	0.358427	0.292203	0.265728	0.0836417	2.292145	0.9323699
25824	-3962.459	-4224.958	262.4989	0.5018479	0.201462	0.529137	0.222388	0.0470127	2.268211	1.025611
25830	-3956.266	-4218.701	262.4343	0.6433196	0.397149	0.354822	0.149126	0.0989018	2.358583	0.8389375
25836	-3957.536	-4220.102	262.5657	0.554387	0.199994	0.555233	0.193164	0.0516081	2.294006	0.8707484
25842	-3959.575	-4222.283	262.7089	0.4941653	0.192264	0.488778	0.199819	0.11914	2.310081	0.7409933
25848	-3958.311	-4220.836	262.5258	0.6214867	0.158987	0.481456	0.278356	0.0812018	2.288471	0.8411242
25854	-3960.676	-4223.001	262.3245	0.7527846	0.154445	0.496268	0.270404	0.0788822	2.304244	0.8959881
25860	-3952.008	-4214.472	262.4641	0.645556	0.165903	0.533085	0.216278	0.0847342	2.270395	0.9047405
25866	-3958.268	-4220.717	262.4486	0.645556	0.285584	0.390592	0.158467	0.165356	2.372745	0.7993736
25872	-3944.606	-4207.069	262.463	0.6204182	0.30445	0.416396	0.196465	0.0826895	2.384535	0.7999405
25878	-3955.597	-4218.005	262.4086	0.6699121	0.330618	0.366314	0.213351	0.0897167	2.384535	0.8027103
25884	-3957.103	-4219.532	262.4287	0.6944889	0.315556	0.406229	0.203631	0.0745841	2.262992	0.8946063
25890	-3943.56	-4205.927	262.3678	0.6998451	0.289509	0.35541	0.273813	0.0812678	2.241955	0.9765573
25896	-3937.542	-4200.071	262.5285	0.6452062	0.447047	0.306321	0.211372	0.0352594	2.286228	0.8086567
25902	-3959.112	-4221.352	262.2406	0.8279896	0.429763	0.164606	0.28148	0.124151	2.26368	0.9458299
25908	-3962.927	-4225.473	262.5457	0.6325406	0.35508	0.278143	0.151505	0.215272	2.21652	0.8889243
25914	-3951.846	-4214.407	262.5618	0.6325406	0.362178	0.438334	0.154533	0.0449552	2.322779	0.7276642
25920	-3952.768	-4215.275	262.5065	0.6150179	0.293292	0.389849	0.255093	0.0617667	2.351876	0.7930093
25926	-3945.234	-4207.712	262.4781	0.6150179	0.429162	0.210507	0.29781	0.0625214	2.381722	0.7910506
25932	-3954.016	-4214.917	260.9003	0.8164501	0.327777	0.155657	0.485544	0.0310222	1.747396	2.331168
25938	-3961.539	-4222.71	261.1705	0.8874868	0.575435	0.0510692	0.336778	0.036718	1.714601	2.130641
25944	-3946.839	-4207.877	261.0387	1.072342	0.576369	0.0511521	0.335701	0.0367776	1.75808	2.06667
25950	-3961.289	-4223.953	262.6633	0.5713329	0.295877	0.317092	0.351336	0.035696	2.257119	0.7704056
25956	-3957.908	-4220.535	262.6272	0.5375094	0.126656	0.502414	0.336719	0.0342109	2.307858	0.7983362
25962	-3949.985	-4212.388	262.4028	0.6953757	0.240845	0.393539	0.331895	0.0337208	2.367346	0.7972628
25968	-3943.297	-4205.863	262.5661	0.5981048	0.272243	0.444844	0.242822	0.0400912	2.367346	0.7067928
25974	-3949.045	-4211.538	262.493	0.5814523	0.265605	0.296831	0.409025	0.0285385	2.499113	0.6234865
25980	-3942.067	-4202.568	260.5006	0.9484951	0.484645	0.213179	0.267136	0.0350392	1.577242	2.603276
25986	-3939.135	-4199.871	260.736	0.5654792	0.403069	0.222366	0.327628	0.0469375	1.554368	2.719037
25992	-3956.032	-4218.323	262.2911	0.7096194	0.230948	0.411281	0.323089	0.0346822	2.579921	0.5816202
25998	-3960.33	-4222.698	262.3676	0.5724157	0.160164	0.571247	0.242552	0.0260369	2.659758	0.5156147
26004	-3948.441	-4209.311	260.8708	0.831429	0.319976	0.449723	0.197148	0.0331533	1.632912	2.412489
26010	-3944.006	-4205.018	261.0123	0.7497291	0.381886	0.426216	0.151649	0.0402501	1.711261	2.327536
26016	-3954.445	-4215.083	260.6383	1.218067	0.450838	0.124923	0.289391	0.134848	1.670288	2.292813
26022	-3944.717	-4205.894	261.1771	0.8875872	0.518679	0.118467	0.325467	0.0373864	1.696328	2.138249
26028	-3948.513	-4209.688	261.1756	0.8016993	0.518679	0.118467	0.325467	0.0373864	1.698207	2.195982
26034	-3949.463	-4210.232	260.7687	0.8398628	0.347185	0.320937	0.284367	0.0475108	1.647792	2.461837
26040	-3960.583	-4221.621	261.0381	0.6711917	0.392835	0.363136	0.190271	0.0537579	1.661146	2.395688
26046	-3945.394	-4207.229	261.8351	0.7357046	0.261243	0.398347	0.292951	0.0474595	1.871539	1.680514
26052	-3949.409	-4211.199	261.7899	0.7527209	0.290157	0.195347	0.461784	0.0527122	1.820148	1.73613
26058	-3936.975	-4198.723	261.7475	0.7527209	0.310103	0.399209	0.218757	0.0719307	1.861012	1.737186
26064	-3938.739	-4200.066	261.3271	0.751407	0.240522	0.349935	0.358104	0.0514388	1.783968	2.075629
26070	-3942.252	-4203.357	261.1053	0.9406149	0.351441	0.192777	0.380623	0.0751601	1.786879	2.090419
26076	-3939.001	-4199.976	260.9753	0.8692587	0.39426	0.155553	0.424939	0.0252483	1.866558	2.171106
26082	-3950.999	-4212.581	261.5826	0.7376964	0.312764	0.3431	0.32087	0.0232661	1.73217	1.949693
26088	-3932.243	-4193.751	261.5074	0.6987017	0.357929	0.310575	0.31494	0.0165567	1.848662	1.949693
26094	-3944.749	-4206.521	261.772	0.7762014	0.386137	0.317611	0.278391	0.0178615	1.861895	1.701874
26100	-3947.991	-4209.789	261.7973	0.6236717	0.291143	0.428312	0.272251	0.00829478	1.891468	1.776551
26106	-3942.416	-4204.176	261.7602	0.7588274	0.32722	0.355505	0.305986	0.0112892	1.855212	1.727808
26112	-3943.78	-4205.602	261.8219	0.7595413	0.332062	0.404372	0.253564	0.0100015	1.837298	1.69637
26118	-3927.222	-4188.918	261.6959	0.7418315	0.326495	0.397592	0.204177	0.0717358	1.948394	1.720107
26124	-3931.075	-4193.156	262.0807	0.6248494	0.335755	0.216059	0.371904	0.0762823	1.939637	1.53803
26130	-3939.794	-4201.708	261.9142	0.6596026	0.322545	0.207558	0.357271	0.112627	2.005299	1.585201
26136	-3941.153	-4203.172	262.0186	0.6355473	0.312701	0.2492	0.404938	0.0331618	2.105292	1.451746
26142	-3965.631	-4227.533	261.9021	0.828692	0.270776	0.215789	0.503276	0.010159	2.018079	1.451746
26148	-3964.686	-4226.442	261.7565	0.822682	0.391467	0.234304	0.368889	0.00534014	2.018079	1.565372
26154	-3971.573	-4233.395	261.8216	0.822682	0.470391	0.245876	0.243149	0.0405838	2.008827	1.524053
26160	-3973.414	-4235.373	261.9582	0.7429163	0.44212	0.231099	0.288636	0.0381447	2.008827	1.484489
26166	-3953.17	-4215.157	261.9872	0.9287377	0.360935	0.18243	0.402928	0.0537074	2.144309	1.198753
26172	-3946.718	-4208.85	262.1321	0.6787909	0.284404	0.229973	0.422121	0.0635022	2.109523	1.323957
26178	-3941.636	-4203.627	261.9911	0.7096458	0.410384	0.114155	0.391608	0.083853	2.06458	1.443945
26184	-3955.721	-4217.433	261.7124	0.8637626	0.295599	0.265097	0.378904	0.0603992	1.951399	1.61501
26190	-3957.667	-4219.138	261.4708	0.7985921	0.252466	0.226415	0.428026	0.0930942	1.968684	1.821193
26196	-3938.747	-4200.462	261.7149	0.67268	0.335335	0.278679	0.323324	0.062661	1.934128	1.768078
26202	-3942.489	-4204.158	261.6694	0.884075	0.552184	0.0857563	0.303283	0.0587769	1.900295	1.667619
26208	-3960.855	-4221.929	261.0734	0.766316	0.491098	0.0858259	0.387348	0.0357277	1.859345	2.18189
26214	-3965.77	-4227.117	261.3477	0.916468	0.289315	0.370945	0.31105	0.0286902	1.729596	1.98408
26220	-3955.398	-4217.108	261.7096	0.6049663	0.250977	0.444287	0.24549	0.0592463	1.694291	1.98408
26226	-3952.443	-4213.701	261.2574	0.8676679	0.401241	0.125261	0.392469	0.0810294	1.70408	2.094006
26232	-3946.481	-4207.287	260.8056	0.9452384	0.472015	0.184648	0.30965	0.0336868	1.709812	2.330926
26238	-3939.585	-4201.055	261.4702	0.763525	0.344803	0.229137	0.384257	0.0418032	1.796522	1.963686
26244	-3944.535	-4206.157	261.6222	0.7178047	0.261018	0.343795	0.355589	0.0395977	1.777495	1.906607
26250	-3939.083	-4200.492	261.409	0.8183095	0.350817	0.404425	0.194669	0.0500883	1.741219	2.003094
26256	-3934.695	-4195.763	261.0686	1.031898	0.441765	0.31831	0.190045	0.0498792	1.68146	2.123533
26262	-3946.511	-4207.221	260.7098	1.450046	0.436233	0.0991766	0.280726	0.183864	1.811105	2.017609
26268	-3945.303	-4206.772	261.4682	0.9495214	0.480507	0.109242	0.364856	0.0453943	1.788087	1.840076
26274	-3948.075	-4209.378	261.3028	0.8243266	0.285842	0.219131	0.440252	0.0547748	1.803646	2.028053
26280	-3937.927	-4199.263	261.3351	0.8243266	0.396795	0.108155	0.423567	0.0714839	1.755036	2.038842
26286	-3937.007	-4198.659	261.6518	0.7231182	0.440068	0.216253	0.299273	0.0444059	1.755036	1.897915
26292	-3956.505	-4218.167	261.6615	0.7231182	0.297719	0.260566	0.378852	0.0628631	1.74533	1.897915
26298	-3947.506	-4209.239	261.7333	0.6653838	0.308691	0.270169	0.392815	0.0283258	1.734663	1.897915
26304	-3956.417	-4217.893	261.476	1.060685	0.456281	0.149113	0.381371	0.0132349	1.752989	1.782241
26310	-3953.566	-4215.207	261.6409	0.9155989	0.471017	0.111277	0.403697	0.0140097	1.76616	1.759601
26316	-3935.68	-4197.139	261.4586	0.9531298	0.363452	0.194418	0.372279	0.0698505	1.817458	1.823967
26322	-3936.916	-4198.536	261.6202	0.7228548	0.290138	0.348948	0.281458	0.0794565	1.759508	1.916501
26328	-3934.145	-4196.137	261.992	0.6810429	0.442147	0.335124	0.195075	0.0276547	1.804945	1.65738
26334	-3941.841	-4204.047	262.2067	0.6810429	0.385336	0.385559	0.215681	0.0134228	1.922572	1.410629
26340	-3956.446	-4218.288	261.842	0.7540131	0.327227	0.416134	0.24524	0.0113986	1.767089	1.735837
26346	-3953.605	-4215.652	262.0473	0.4944397	0.432488	0.196073	0.361898	0.0095409	1.842345	1.729199
26352	-3949.97	-4211.457	261.4874	0.9762878	0.466973	0.13197	0.390755	0.0103017	1.833527	1.776713
26358	-3946.054	-4207.708	261.6539	0.7631777	0.365391	0.331424	0.188819	0.114366	1.794891	1.840406
26364	-3944.94	-4206.55	261.6103	0.6836996	0.316504	0.354206	0.216	0.11329	1.695064	1.994264
26370	-3951.224	-4212.007	260.783	0.7056214	0.341405	0.389926	0.184169	0.0844999	1.597755	2.572234
26376	-3937.466	-4198.343	260.8771	0.7983388	0.270328	0.326095	0.380685	0.0228919	1.649032	2.420185
26382	-3954.828	-4215.223	260.3948	1.108867	0.297743	0.270514	0.381675	0.0500685	1.717337	2.482947
26388	-3943.052	-4203.528	260.4761	1.06733	0.498123	0.157859	0.254092	0.0899261	1.604127	2.528192
26394	-3951.947	-4212.41	260.463	1.104377	0.437808	0.187173	0.276989	0.0980295	1.69921	2.454297
26400	-3941.442	-4202.861	261.4192	0.8028408	0.47216	0.123397	0.298723	0.105721	1.750787	2.000747
26406	-3938.005	-4199.849	261.8433	0.5965106	0.356904	0.285191	0.269451	0.0884542	1.878856	1.773212
26412	-3938.167	-4199.996	261.8292	0.8098913	0.417051	0.131069	0.340201	0.11168	1.902714	1.606256
26418	-3933.005	-4194.394	261.3898	0.8705326	0.379498	0.217803	0.312967	0.0897318	1.814111	1.93076
26424	-3948.979	-4210.886	261.9066	0.8732355	0.305919	0.241684	0.391833	0.0605637	1.939601	1.472852
26430	-3949.272	-4210.832	261.5606	0.788719	0.41842	0.215059	0.305844	0.0606767	1.891198	1.819876
26436	-3949.704	-4211.399	261.6948	0.6887363	0.393676	0.202341	0.292907	0.111075	1.773288	1.881013
26442	-3936.214	-4197.847	261.6335	0.7996611	0.507746	0.180013	0.217532	0.0947088	1.785029	1.834863
26448	-3936.58	-4198.464	261.8839	0.5851603	0.401145	0.259584	0.292325	0.0469453	1.888318	1.746539
26454	-3941.984	-4204.043	262.0584	0.7008499	0.414277	0.268078	0.254327	0.0633188	1.927382	1.503884
26460	-3941.417	-4203.422	262.0044	0.7513744	0.363455	0.26173	0.322395	0.0524193	1.927912	1.503884
26466	-3945.198	-4206.836	261.6379	0.8316124	0.359495	0.354607	0.22279	0.0631085	1.849709	1.763892
26472	-3960.929	-4222.792	261.8629	0.6733052	0.329866	0.33706	0.278251	0.0548237	1.79152	1.763892
26478	-3966.223	-4228.232	262.0096	0.6218565	0.39672	0.21671	0.37439	0.0121802	1.834804	1.668214
26484	-3953.968	-4215.972	262.0048	0.5871967	0.226689	0.508006	0.236229	0.0290758	1.80706	1.717199
26490	-3949.363	-4210.928	261.5652	0.8274047	0.484581	0.343477	0.159721	0.0122219	1.913843	1.772897
26496	-3934.194	-4195.861	261.6675	0.7241201	0.298988	0.424531	0.197412	0.0790692	1.902399	1.785248
26502	-3953.493	-4215.729	262.2358	0.6110429	0.463815	0.144054	0.304242	0.0878885	2.035549	1.35732
26508	-3933.19	-4195.326	262.1352	0.7426651	0.415458	0.24734	0.272522	0.0646793	2.032066	1.329311
26514	-3955.853	-4218.295	262.4425	0.6481875	0.288056	0.357728	0.276869	0.0773472	2.158791	1.03923
26520	-3955.132	-4217.243	262.1111	0.7835243	0.290024	0.360172	0.278761	0.0710426	2.094403	1.26313
26526	-3961.906	-4224.048	262.1419	0.7318121	0.230401	0.390419	0.302171	0.0770087	2.066621	1.305362
26532	-3937.081	-4199.558	262.4765	0.6620923	0.184441	0.389687	0.382476	0.0433964	2.157686	0.992371
26538	-3944.873	-4207.167	262.2938	0.5529593	0.184441	0.389687	0.382476	0.0433964	2.031586	1.362574
26544	-3943.111	-4205.36	262.2491	0.6111774	0.197222	0.5773	0.194625	0.0308534	2.012415	1.365014
26550	-3960.569	-4222.982	262.4135	0.4050522	0.126645	0.536627	0.270256	0.066473	2.018819	1.3905
26556	-3942.047	-4204.545	262.4978	0.4050522	0.137358	0.58202	0.234609	0.0460125	2.01924	1.323421
26562	-3943.137	-4205.677	262.5402	0.4050522	0.272641	0.477835	0.208611	0.0409135	2.060243	1.255287
26568	-3961.187	-4223.467	262.2803	0.5868296	0.292247	0.45146	0.204559	0.0517331	1.952114	1.407715
26574	-3964.552	-4226.853	262.3006	0.7224233	0.349509	0.346028	0.195817	0.108645	2.003062	1.235011
26580	-3964.309	-4225.975	261.6667	0.8533086	0.405239	0.30808	0.193567	0.0931146	1.907395	1.687121
26586	-3948.948	-4210.828	261.8807	0.7552177	0.353312	0.240419	0.273315	0.132954	1.891398	1.618813
26592	-3952.581	-4214.624	262.0435	0.5429287	0.27906	0.323688	0.268079	0.129173	1.752512	1.760542
26598	-3951.777	-4213.428	261.6512	0.8581162	0.35638	0.424418	0.147712	0.0714895	1.802241	1.768496
26604	-3955.713	-4217.407	261.6941	0.6763352	0.267742	0.318857	0.299493	0.113908	1.900433	1.803259
26610	-3964.565	-4226.418	261.8537	0.7939633	0.375123	0.267432	0.292336	0.0651091	1.925911	1.58371
26616	-3934.882	-4197.011	262.129	0.6959622	0.395634	0.248099	0.308321	0.0479451	1.97653	1.416764
26622	-3943.121	-4205.259	262.138	0.701734	0.401587	0.197181	0.31296	0.0882725	1.979967	1.402375
26628	-3948.528	-4210.593	262.0655	0.8261718	0.401307	0.232417	0.269679	0.0965965	2.166489	1.20334
26634	-3950.489	-4212.956	262.4663	0.6048314	0.425875	0.246645	0.213984	0.113495	2.166489	1.052913
26640	-3934.512	-4196.933	262.4219	0.6146231	0.385586	0.242254	0.324667	0.0474931	2.210249	1.043644
26646	-3939.079	-4201.519	262.4395	0.5607979	0.418807	0.211981	0.334052	0.0351589	2.14341	1.140966
26652	-3930.339	-4192.77	262.4302	0.5989568	0.391296	0.263746	0.312109	0.0328493	2.14341	1.113566
26658	-3925.73	-4188.263	262.5327	0.5294325	0.270927	0.398702	0.319815	0.0105564	2.191482	1.040224
26664	-3930.777	-4193.231	262.4541	0.5839848	0.254097	0.289882	0.428886	0.0271354	2.232438	1.022135
26670	-3943.079	-4205.622	262.5431	0.5839848	0.379733	0.263826	0.331745	0.0246964	2.275857	0.8823787
26676	-3937.749	-4200.281	262.5315	0.6217583	0.379227	0.204326	0.333899	0.0825486	2.2693	0.8571316
26682	-3928.073	-4190.451	262.3775	0.5719591	0.359418	0.273465	0.340781	0.0263354	2.336914	1.006983
26688	-3940.183	-4202.437	262.254	0.707625	0.168437	0.298559	0.494769	0.0382355	2.316482	1.007775
26694	-3952.457	-4214.877	262.4203	0.6843987	0.240426	0.456536	0.247878	0.0551596	2.093185	1.085932
26700	-3956.735	-4218.992	262.2565	0.7338079	0.23634	0.335782	0.333357	0.0945214	2.068429	1.206881
26706	-3949.137	-4210.973	261.8356	0.8739943	0.333875	0.284631	0.282576	0.098917	1.97913	1.496012
26712	-3958.726	-4220.437	261.7105	0.8206784	0.193335	0.336849	0.334416	0.1354	1.844344	1.724759
26718	-3945.414	-4207.317	261.9025	0.7186567	0.191979	0.503981	0.229646	0.0743932	1.759736	1.724759
26724	-3936.188	-4197.972	261.7849	0.5811403	0.293431	0.440704	0.200813	0.0650528	1.764958	1.902615
26730	-3945.245	-4206.412	261.1676	0.7048765	0.375814	0.4196	0.146317	0.058269	1.764958	2.223974
26736	-3941.635	-4203.031	261.3961	1.224761	0.513731	0.195597	0.200013	0.0906599	1.837997	1.667765
26742	-3939.258	-4201.103	261.8451	0.7424916	0.355096	0.200147	0.397084	0.047674	1.913787	1.638023
26748	-3944.945	-4207.024	262.0793	0.7784601	0.323635	0.291396	0.26226	0.12271	1.939907	1.416108
26754	-3946.881	-4208.715	261.8334	0.9221081	0.320758	0.257385	0.300239	0.121619	1.999217	1.445009
26760	-3941.822	-4203.335	261.5127	1.115465	0.344118	0.219513	0.310567	0.125802	1.859971	1.643012
26766	-3929.915	-4191.961	262.0457	0.6942237	0.297762	0.412762	0.223424	0.0660523	1.971869	1.485288
26772	-3933.437	-4195.502	262.0654	0.6630785	0.254232	0.342081	0.32186	0.0818278	1.88268	1.561588
26778	-3943.678	-4205.843	262.1659	0.5844887	0.281384	0.311904	0.319949	0.0867631	1.87861	1.551517
26784	-3932.865	-4195.253	262.388	0.651381	0.281731	0.377154	0.320344	0.0207708	1.87861	1.3272
26790	-3931.049	-4193.478	262.4288	0.5813337	0.143458	0.42245	0.410804	0.0232886	2.024314	1.234656
26796	-3944.479	-4206.818	262.3389	0.6698824	0.260117	0.382622	0.180158	0.177102	2.097208	1.169312
26802	-3953.458	-4215.599	262.1408	0.9651463	0.439196	0.366067	0.141558	0.0531801	2.193714	0.9759867
26808	-3940.749	-4203.024	262.2749	0.7718863	0.341918	0.313663	0.283813	0.0606061	2.193714	1.040981
26814	-3940.834	-4203.24	262.406	0.7144825	0.353728	0.340961	0.251586	0.0537243	2.217994	0.9454675
26820	-3952.092	-4214.52	262.428	0.6163096	0.286832	0.377178	0.276865	0.059125	2.224164	1.022561
26826	-3940.877	-4203.407	262.5306	0.5684014	0.312919	0.362149	0.294376	0.0305567	2.273062	0.9178945
26832	-3936.286	-4198.771	262.4842	0.6288482	0.307061	0.452598	0.233531	0.00680917	2.239319	0.9360383
26838	-3935.908	-4198.37	262.4624	0.6134361	0.331632	0.330018	0.328765	0.00958593	2.156152	1.057801
26844	-3932.958	-4195.267	262.3084	0.672751	0.367778	0.337262	0.284371	0.010589	2.168886	1.13014
26850	-3937.156	-4199.173	262.0171	0.672751	0.245446	0.410856	0.330798	0.0128996	2.045571	1.468397
26856	-3940.538	-4202.466	261.9281	0.7909497	0.264838	0.190819	0.490148	0.0541954	2.072732	1.420145
26862	-3952.968	-4215.309	262.3409	0.6516777	0.187513	0.427076	0.347039	0.0383719	2.072732	1.205384
26868	-3961.632	-4223.721	262.0892	0.7615884	0.241384	0.265378	0.446742	0.0464964	1.932395	1.427945
26874	-3965.054	-4227.391	262.3367	0.5799943	0.292382	0.354281	0.252826	0.10051	1.926249	1.389489
26880	-3948.362	-4210.592	262.2305	0.5345546	0.264498	0.326583	0.398646	0.0102738	1.967988	1.475152
26886	-3958.915	-4221.301	262.3864	0.5533356	0.233196	0.246751	0.509096	0.010956	1.967988	1.339196
26892	-3948.67	-4209.87	261.2002	0.5880763	0.205871	0.531942	0.237854	0.0243326	1.683016	2.334616
26898	-3948.866	-4209.416	260.5501	0.8597352	0.535652	0.14424	0.244513	0.0755958	1.742795	2.526262
26904	-3952.546	-4213.352	260.8054	1.097968	0.463903	0.206838	0.162366	0.166894	1.698824	2.240927
26910	-3944.977	-4205.717	260.7399	0.8471432	0.308521	0.475427	0.107982	0.10807	1.705444	2.438961
26916	-3955.079	-4215.776	260.6969	0.8471432	0.175884	0.350594	0.393828	0.0796942	1.748504	2.438961
26922	-3949.698	-4210.218	260.5195	1.127828	0.333635	0.286663	0.350639	0.0290627	1.632497	2.446425
26928	-3959.801	-4221.105	261.3039	0.780474	0.292119	0.241094	0.347985	0.118801	1.649417	2.158814
26934	-3954.736	-4216.139	261.4033	0.6642421	0.275671	0.331018	0.2812	0.112112	1.672898	2.158814
26940	-3959.401	-4221.805	262.4036	0.652578	0.346923	0.340514	0.297104	0.0154588	1.997495	1.215253
26946	-3965.907	-4227.952	262.0447	0.8069587	0.219764	0.410003	0.323299	0.0469338	1.948281	1.41328
26952	-3961.69	-4223.453	261.7631	0.7659259	0.444371	0.169915	0.295238	0.0904766	1.846078	1.726953
26958	-3965.364	-4226.905	261.5404	0.759067	0.295205	0.460383	0.20839	0.0360216	1.894986	1.852558
26964	-3951.16	-4212.332	261.1724	1.422225	0.422515	0.257516	0.308929	0.0110394	1.819888	1.711979
26970	-3955.102	-4215.667	260.5649	1.86913	0.418008	0.153083	0.419955	0.00895423	1.811709	1.882242
26976	-3958.946	-4220.565	261.6191	0.7317896	0.347199	0.171708	0.471049	0.0100437	1.987502	1.753997
26982	-3948.979	-4210.601	261.6227	0.8129432	0.346647	0.242761	0.385112	0.0254802	1.929039	1.732649
26988	-3954.813	-4216.242	261.4289	0.8444953	0.42828	0.212397	0.336944	0.0223789	1.929039	1.844315
26994	-3957.645	-4219.204	261.5591	0.684789	0.363115	0.182717	0.446756	0.00741215	1.966873	1.844315
27000	-3954.338	-4216.039	261.7002	0.7722408	0.374187	0.452011	0.158117	0.0156852	1.911428	1.720538
27006	-3959.671	-4221.236	261.5655	0.7356159	0.347052	0.454224	0.191433	0.00729066	1.911428	1.841046
27012	-3961.908	-4223.541	261.6332	0.9525223	0.324616	0.42486	0.243705	0.00681934	1.98009	1.585639
27018	-3953.938	-4215.755	261.8167	0.6797578	0.281104	0.250731	0.458658	0.00950585	1.899528	1.715738
27024	-3976.372	-4238.385	262.0126	0.6225834	0.348254	0.242951	0.387764	0.021031	1.926195	1.599686
27030	-3964.369	-4226.228	261.8598	0.7102964	0.311309	0.0733218	0.522862	0.0925075	1.927594	1.642017
27036	-3957.376	-4219.578	262.2016	0.643836	0.275628	0.309947	0.342551	0.071874	2.095661	1.308904
27042	-3958.256	-4220.384	262.1285	0.6996746	0.340998	0.356599	0.29461	0.00779397	1.965015	1.422982
27048	-3960.752	-4222.397	261.6447	1.02261	0.48321	0.0745861	0.417476	0.024727	2.063112	1.462977
27054	-3974.987	-4236.222	261.2359	0.7474997	0.361756	0.287949	0.350285	1.02146e-05	1.701972	2.191415
27060	-3955.446	-4216.974	261.5276	0.6488988	0.364314	0.297889	0.337712	8.42996e-05	1.659634	2.096852
27066	-3965.858	-4227.35	261.4918	0.679453	0.278878	0.421329	0.299652	0.000141467	1.741174	2.045403
27072	-3957.896	-4219.575	261.6795	0.6926901	0.288618	0.470802	0.240533	4.65563e-05	1.705817	1.934298
27078	-3955.044	-4216.484	261.4397	0.7793963	0.252558	0.446475	0.300816	0.000151434	1.66858	2.057995
27084	-3965.047	-4226.659	261.6116	0.8860458	0.447874	0.186933	0.313797	0.0513958	1.858571	1.736644
27090	-3948.706	-4209.884	261.1781	0.7469636	0.262418	0.43448	0.279035	0.0240677	1.839013	2.140237
27096	-3942.065	-4203.695	261.6304	0.5643284	0.26165	0.373254	0.341099	0.0239973	1.776275	2.010565
27102	-3940.036	-4201.377	261.3404	0.4852759	0.270243	0.439405	0.252143	0.0382089	1.736389	2.277955
27108	-3947.627	-4209.302	261.6749	0.5986649	0.405703	0.357841	0.205339	0.0311164	1.756409	1.970117
27114	-3944.986	-4206.239	261.2535	0.7791267	0.277553	0.458867	0.253091	0.0104892	1.700611	2.159243
27120	-3950.032	-4210.686	260.6543	0.5761102	0.356733	0.401544	0.230634	0.0110892	1.544272	2.768384
27126	-3961.442	-4221.601	260.1592	0.9301545	0.581228	0.0789364	0.308553	0.0312826	1.472267	2.887623
27132	-3961.383	-4221.041	259.6575	0.9807222	0.611069	0.0316472	0.324395	0.0328887	1.469385	3.15928
27138	-3959.144	-4219.519	260.3752	0.8484023	0.446447	0.153827	0.391404	0.00832251	1.530277	2.772294
27144	-3959.673	-4219.091	259.4177	0.9208277	0.3275	0.259301	0.405558	0.00764098	1.405089	3.374652
27150	-3954.434	-4214.279	259.8455	1.029183	0.398592	0.255106	0.318487	0.0278151	1.439607	3.036089
27156	-3938.799	-4198.813	260.0147	0.9054069	0.340784	0.188069	0.398484	0.0726628	1.567723	2.932534
27162	-3968.874	-4229.268	260.3942	0.5814358	0.189452	0.424027	0.300241	0.0862799	1.512386	2.942027
27168	-3937.788	-4198.549	260.7608	0.6974997	0.316984	0.355666	0.278629	0.0487203	1.700772	2.527327
27174	-3942.575	-4203.295	260.7195	0.9799305	0.361404	0.348328	0.246502	0.0437655	1.723473	2.354653
27180	-3947.329	-4208.242	260.9123	0.9322407	0.468949	0.18901	0.273812	0.0682291	1.791114	2.21886
27186	-3954.182	-4215.214	261.032	0.7975247	0.488753	0.196992	0.285375	0.0288803	1.763271	2.249443
27192	-3948.724	-4209.751	261.027	0.8268564	0.345727	0.172371	0.437615	0.0442873	1.73766	2.249443
27198	-3947.165	-4207.759	260.5949	1.239013	0.386122	0.179782	0.387905	0.0461915	1.693814	2.292998
27204	-3968.916	-4229.89	260.9739	0.891491	0.522715	0.106901	0.342918	0.0274661	1.691504	2.270182
27210	-3955.587	-4216.492	260.9049	0.9533031	0.55663	0.103845	0.281548	0.0579774	1.69738	2.270182
27216	-3963.015	-4224.023	261.0085	0.9533031	0.325602	0.274859	0.316296	0.0832426	1.724738	2.185762
27222	-3946.109	-4206.938	260.8293	0.8262215	0.455467	0.236719	0.191371	0.116444	1.806209	2.33245
27228	-3949.079	-4210.349	261.2698	0.6220756	0.229748	0.301384	0.397068	0.0718002	1.818555	2.179877
27234	-3949.026	-4210.936	261.9097	0.7515523	0.243331	0.351573	0.329051	0.0760452	1.905936	1.589996
27240	-3964.47	-4226.597	262.1276	0.5413718	0.233788	0.542417	0.17126	0.0525356	1.905936	1.592329
27246	-3963.894	-4225.863	261.9694	0.8147216	0.263886	0.320041	0.238642	0.177431	1.992648	1.430898
27252	-3960.728	-4222.249	261.5217	1.051369	0.330424	0.237466	0.24784	0.18427	1.937581	1.625769
27258	-3973.871	-4235.453	261.5818	0.7154343	0.318694	0.26978	0.239042	0.172484	1.783394	1.931613
27264	-3970.063	-4231.65	261.5868	0.9261465	0.37525	0.111195	0.418209	0.0953466	1.812686	1.75736
27270	-3976.07	-4237.554	261.4833	1.079567	0.582942	0.102587	0.256086	0.0583845	1.802836	1.7294
27276	-3969.656	-4230.88	261.2237	0.8800608	0.263984	0.40791	0.278569	0.0495368	1.744525	2.081193
27282	-3960.498	-4222.216	261.7182	0.7946947	0.27747	0.392261	0.295078	0.0351915	1.786795	1.77864
27288	-3965.394	-4227.133	261.7396	0.8879293	0.398977	0.16264	0.38539	0.0529931	1.786795	1.695583
27294	-3964.393	-4226.254	261.861	0.8174546	0.400631	0.163314	0.386989	0.0490659	1.816679	1.639733
27300	-3978.06	-4239.299	261.2392	0.6887874	0.317003	0.420942	0.145962	0.116093	1.822416	2.151396
27306	-3948.857	-4210.344	261.487	0.8063135	0.303752	0.441928	0.141653	0.112666	1.843462	1.890251
27312	-3947.448	-4209.267	261.8188	0.5988027	0.303752	0.441928	0.141653	0.112666	1.903494	1.771425
27318	-3944.577	-4206.371	261.7945	0.8138289	0.305955	0.226312	0.35425	0.113483	1.947194	1.596169
27324	-3933.064	-4194.913	261.8486	0.8103283	0.340661	0.223696	0.350156	0.085487	1.953773	1.554392
27330	-3929.174	-4191.041	261.8672	0.8103283	0.222609	0.382697	0.342641	0.0520534	2.002635	1.504257
27336	-3935.064	-4197	261.9362	0.7239516	0.330354	0.360642	0.278347	0.0306561	1.894034	1.600606
27342	-3948.52	-4210.597	262.0771	0.5456258	0.238887	0.435094	0.156854	0.169166	1.928407	1.609542
27348	-3953.929	-4215.767	261.8376	0.6012035	0.225575	0.456343	0.239462	0.0786205	1.843747	1.798116
27354	-3961.837	-4223.676	261.8392	0.8254184	0.546485	0.152855	0.279144	0.0215165	1.768264	1.684061
27360	-3960.858	-4222.499	261.6408	0.7682484	0.409574	0.232699	0.305533	0.0521943	1.745663	1.879359
27366	-3948.947	-4210.525	261.5785	0.8347638	0.367008	0.115884	0.455079	0.0620291	1.799235	1.837661
27372	-3947.189	-4208.662	261.4725	0.8414026	0.529115	0.145507	0.235951	0.0894274	1.849204	1.871311
27378	-3959.479	-4221.383	261.9043	0.7867844	0.323246	0.492403	0.0468465	0.137504	1.83872	1.615787
27384	-3955.838	-4217.58	261.7418	0.7610143	0.31914	0.498851	0.0462514	0.135757	1.834942	1.753322
27390	-3941.14	-4202.676	261.5367	0.7877528	0.376754	0.335455	0.108308	0.179483	1.852181	1.863753
27396	-3947.419	-4209.205	261.7869	0.6749112	0.365515	0.430217	0.171968	0.0323001	1.875119	1.757369
27402	-3949.205	-4210.502	261.2972	0.8488414	0.271036	0.274196	0.382857	0.0719107	1.809338	2.011009
27408	-3957.68	-4218.681	261.0011	1.270428	0.333817	0.183508	0.415535	0.0671394	1.893364	1.874877
27414	-3947.81	-4209.355	261.5452	1.013458	0.410304	0.190706	0.321031	0.077959	1.881268	1.67621
27420	-3933.181	-4194.768	261.5872	0.9659492	0.391947	0.226913	0.306668	0.0744712	1.886971	1.67621
27426	-3962.463	-4224.318	261.8549	0.7228041	0.483476	0.189802	0.296334	0.0303881	1.871415	1.67621
27432	-3945.957	-4208.094	262.1362	0.7044381	0.321237	0.277	0.317463	0.0843004	1.990912	1.393039
27438	-3946.522	-4208.249	261.7266	0.8369906	0.520053	0.167164	0.227306	0.0854767	1.90736	1.656495
27444	-3959.92	-4221.51	261.5903	0.8369906	0.422156	0.30997	0.265869	0.0020046	1.860064	1.785937
27450	-3940.115	-4202.235	262.1194	0.3710834	0.22803	0.529445	0.241468	0.00105644	1.84034	1.757669
27456	-3954.023	-4216.131	262.1081	0.4468122	0.266419	0.44449	0.284433	0.00465786	1.849162	1.71391
27462	-3950.429	-4212.4	261.9702	0.6344996	0.245356	0.40935	0.34119	0.0041035	1.86774	1.663325
27468	-3955.833	-4218.036	262.2038	0.6406199	0.307429	0.233823	0.427508	0.0312407	1.967475	1.411217
27474	-3958.187	-4219.347	261.1605	0.9614012	0.408622	0.198004	0.359771	0.0336027	1.78233	2.043111
27480	-3962.598	-4223.34	260.7425	1.417972	0.47898	0.232097	0.254519	0.0344041	1.7544	2.052184
27486	-3972.311	-4232.974	260.6629	1.367374	0.387889	0.359637	0.220837	0.0316359	1.797296	2.10601
27492	-3992.62	-4254.48	261.8603	1.125669	0.173993	0.427888	0.295136	0.102982	2.317381	0.9742997
27498	-3983.75	-4246.325	262.5756	0.5666411	0.288974	0.445367	0.21017	0.0554895	2.317381	0.8141618
27504	-3953.401	-4214.4	260.9987	0.9473088	0.468629	0.0842383	0.422663	0.0244701	1.718139	2.200316
27510	-3935.024	-4196.273	261.2491	0.8287677	0.415346	0.318136	0.220458	0.0460602	1.761465	2.088344
27516	-3933.159	-4194.627	261.4678	0.6419012	0.337799	0.258739	0.367107	0.036354	1.790844	2.054683
27522	-3949.718	-4211.525	261.8074	0.585687	0.369996	0.399742	0.181534	0.0487279	1.758409	1.888558
27528	-3957.172	-4218.092	260.9205	1.213799	0.368327	0.323032	0.27261	0.036031	1.869823	1.980803
27534	-3942.538	-4203.978	261.4403	0.6750092	0.333708	0.29267	0.296362	0.0772595	1.893789	1.981249
27540	-3939.557	-4200.822	261.2648	0.7519153	0.221869	0.578729	0.141269	0.058133	1.893789	2.043889
27546	-3949.243	-4210.916	261.6727	0.8101404	0.380571	0.344435	0.203105	0.0718893	1.893789	1.724325
27552	-3939.41	-4201.316	261.9063	0.5608426	0.310753	0.297231	0.329979	0.0620369	1.922876	1.724325
27558	-3949.56	-4211.384	261.824	0.6737656	0.270584	0.393033	0.287324	0.0490583	1.886371	1.724325
27564	-3962.205	-4223.976	261.7713	0.6737656	0.301102	0.354135	0.30056	0.0442031	1.856205	1.78231
27570	-3944.43	-4206.216	261.7863	0.7208604	0.235626	0.328141	0.353753	0.0824805	1.870162	1.727184
27576	-3960.496	-4222.109	261.6129	0.8389494	0.261963	0.36482	0.304065	0.0691517	1.965734	1.694525
27582	-3943.683	-4205.746	262.0623	0.6264407	0.276256	0.407152	0.282896	0.0336967	1.934235	1.554396
27588	-3943.776	-4205.682	261.906	0.7620577	0.30044	0.277833	0.401066	0.0206611	1.905315	1.585052
27594	-3940.239	-4202.385	262.1465	0.7088797	0.293494	0.268674	0.382133	0.0556991	1.979984	1.389856
27600	-3938.883	-4200.697	261.8146	0.7497793	0.201222	0.257195	0.528195	0.0133883	1.812048	1.72663
27606	-3929.211	-4190.507	261.2961	0.9077944	0.451645	0.0835052	0.460372	0.00447736	1.812048	1.969366
27612	-3937.801	-4199.527	261.7266	0.7314094	0.318132	0.0834336	0.592671	0.00576404	1.818081	1.797382
27618	-3939.692	-4201.448	261.7557	0.7314094	0.320175	0.317584	0.351749	0.0104916	1.810538	1.782413
27624	-3952.211	-4214.309	262.0976	0.6645682	0.221268	0.345809	0.420384	0.0125387	2.085913	1.381958
27630	-3944.979	-4207.066	262.0871	0.7341292	0.36776	0.199388	0.417495	0.0153576	2.008301	1.393251
27636	-3951.239	-4213.223	261.9841	0.8185167	0.310722	0.403172	0.269145	0.0169608	1.989051	1.419236
27642	-3945.795	-4207.691	261.8955	0.8128687	0.300716	0.390188	0.285347	0.0237495	2.013225	1.47302
27648	-3955.263	-4217.415	262.1521	0.7698612	0.359169	0.316757	0.298245	0.0258285	2.137263	1.204689
27654	-3951.685	-4213.611	261.9259	0.7222393	0.362963	0.320103	0.290832	0.0261014	2.042159	1.500218
27660	-3961.805	-4223.224	261.4192	0.8404981	0.332411	0.175799	0.465763	0.0260272	1.815019	1.931326
27666	-3960.395	-4221.89	261.4952	1.035379	0.381401	0.130253	0.449427	0.0389198	1.822372	1.737829
27672	-3958.482	-4219.933	261.4507	0.6894545	0.422456	0.167439	0.371656	0.0384488	1.870539	1.979626
27678	-3959.563	-4221.24	261.6763	0.8511037	0.442372	0.174285	0.326966	0.0563763	1.850115	1.722489
27684	-3948.092	-4210.015	261.9223	0.7135286	0.412581	0.203863	0.295111	0.0884459	1.872694	1.634081
27690	-3947.249	-4209.114	261.8657	0.5830241	0.436251	0.158188	0.312042	0.0935201	1.877231	1.768532
27696	-3935.104	-4196.283	261.1784	0.8987838	0.339055	0.241349	0.286673	0.132922	1.780292	2.07475
27702	-3966.094	-4227.536	261.4413	0.9192565	0.513581	0.269386	0.200127	0.0169052	1.859009	1.83102
27708	-3952.805	-4214.712	261.9079	0.7065064	0.240819	0.367106	0.368307	0.0237682	2.055265	1.516305
27714	-3949.902	-4211.277	261.3756	0.5492961	0.166972	0.47393	0.343308	0.01579	1.687145	2.245522
27720	-3956.111	-4217.648	261.5374	0.6702332	0.303269	0.355738	0.32561	0.0153829	1.791752	1.987969
27726	-3948.604	-4210.202	261.5977	0.6021835	0.297208	0.365449	0.319102	0.0182417	1.79482	1.99365
27732	-3941.779	-4203.739	261.9602	0.3847844	0.401407	0.305617	0.28531	0.00766627	1.79482	1.891366
27738	-3947.31	-4209.471	262.1609	0.3698044	0.403274	0.336696	0.230658	0.029372	1.892141	1.69269
27744	-3961.311	-4223.695	262.3848	0.3360199	0.375695	0.38393	0.213223	0.0271519	1.865439	1.567326
27750	-3938.186	-4200.423	262.2376	0.6324659	0.255296	0.474474	0.263508	0.00672213	2.040526	1.333992
27756	-3947.286	-4209.509	262.2224	0.5328632	0.276813	0.440031	0.275868	0.00728868	1.956387	1.491322
27762	-3953.852	-4215.652	261.8002	0.8679236	0.348031	0.334062	0.309171	0.00873583	1.987646	1.520784
27768	-3940.194	-4202.264	262.0703	0.6013104	0.35311	0.295117	0.313683	0.0380901	2.005287	1.515421
27774	-3961.635	-4223.615	261.9804	0.6951065	0.166314	0.328728	0.476674	0.0282848	1.995986	1.515421
27780	-3973.297	-4234.24	260.9431	1.079414	0.401082	0.284676	0.167941	0.146301	1.849379	2.064954
27786	-3964.161	-4225.125	260.9637	1.198826	0.43717	0.31029	0.157057	0.0954828	1.714019	2.064954
27792	-3958.179	-4220.484	262.3053	0.6691066	0.298402	0.404929	0.210404	0.0862647	2.202721	1.105832
27798	-3963.478	-4225.774	262.296	0.7636021	0.211321	0.286761	0.493601	0.00831705	2.288424	0.9323659
27804	-3960.568	-4222.025	261.457	0.9643506	0.590203	0.100498	0.250654	0.0586454	1.878604	1.774896
27810	-3959.468	-4221.446	261.978	0.719911	0.287803	0.214799	0.403087	0.0943103	1.882547	1.5816
27816	-3943.423	-4205.009	261.5859	0.9964212	0.423213	0.230918	0.184065	0.161805	1.854643	1.678283
27822	-3946.065	-4207.495	261.4297	1.030967	0.548035	0.200499	0.171688	0.0797785	1.828262	1.78254
27828	-3955.881	-4217.756	261.8745	0.9502139	0.417995	0.206875	0.337764	0.0373659	1.820117	1.527472
27834	-3953.767	-4215.279	261.5121	1.106604	0.501642	0.0505664	0.330734	0.117058	1.916441	1.608933
27840	-3960.233	-4221.853	261.6198	1.120103	0.556071	0.0560529	0.258117	0.129759	1.80435	1.602565
27846	-3955.469	-4216.825	261.3555	0.9862953	0.417694	0.0781194	0.406717	0.0974686	1.730272	1.930889
27852	-3950.749	-4212.426	261.6773	0.8199215	0.564308	0.137597	0.217674	0.080421	1.768561	1.801378
27858	-3950.667	-4212.034	261.3673	0.9084035	0.580698	0.141593	0.223997	0.0537118	1.888387	1.869199
27864	-3964.899	-4226.598	261.6995	0.7292508	0.456162	0.195059	0.319844	0.0289349	1.819329	1.816885
27870	-3959.218	-4220.972	261.7532	1.013195	0.496664	0.146502	0.32533	0.031504	1.96161	1.464752
27876	-3958.555	-4220.668	262.1136	0.6764659	0.480897	0.159201	0.342673	0.0172285	2.085649	1.359633
27882	-3962.665	-4224.651	261.9853	0.7451631	0.341776	0.211355	0.425477	0.0213916	1.974289	1.488358
27888	-3957.687	-4219.366	261.6798	1.066222	0.518109	0.129061	0.312124	0.040706	2.021096	1.435364
27894	-3949.267	-4211.202	261.9345	0.738623	0.585739	0.138461	0.270934	0.0048655	1.831974	1.635506
27900	-3944.777	-4206.611	261.8334	0.6465727	0.529271	0.200813	0.266165	0.00375098	1.931429	1.706226
27906	-3950.429	-4211.642	261.2122	1.002632	0.461973	0.225341	0.232322	0.0803641	1.902643	1.900107
27912	-3950.771	-4212.327	261.5558	0.8556975	0.474002	0.231208	0.195301	0.0994881	1.8466	1.805712
27918	-3933.347	-4194.998	261.651	0.7096918	0.403797	0.314609	0.202285	0.0793087	1.868853	1.830438
27924	-3951.367	-4212.868	261.501	0.7876022	0.364892	0.284297	0.108688	0.242123	1.850837	1.88908
27930	-3943.878	-4205.55	261.672	0.6914857	0.303271	0.534371	0.0854085	0.0769501	1.885264	1.817895
27936	-3938.317	-4200.082	261.7648	0.6738198	0.273454	0.476565	0.180597	0.0693846	1.908373	1.750369
27942	-3930.73	-4192.477	261.7469	0.8905274	0.336869	0.384177	0.22302	0.0559336	1.749733	1.714729
27948	-3937.728	-4199.369	261.6409	0.7366012	0.403054	0.250448	0.292363	0.0541348	1.753041	1.897018
27954	-3934.392	-4195.975	261.5827	0.7917745	0.369417	0.310939	0.261428	0.0582162	1.753041	1.897018
27960	-3933.484	-4194.835	261.3511	0.7240748	0.239978	0.241829	0.472916	0.0452769	1.800284	2.068089
27966	-3935.972	-4197.895	261.9239	0.5925291	0.227878	0.245776	0.480357	0.0459893	1.898341	1.705911
27972	-3935.252	-4197.061	261.8088	0.7785552	0.381816	0.403388	0.208879	0.00591741	1.935344	1.621199
27978	-3939.397	-4201.512	262.1156	0.6926776	0.464812	0.313001	0.20433	0.0178567	1.995825	1.414923
27984	-3948.623	-4210.231	261.6079	0.8666418	0.413255	0.319199	0.181665	0.0858809	1.944896	1.692476
27990	-3938.313	-4200.092	261.7792	0.7663648	0.434427	0.227701	0.295362	0.042511	1.966384	1.629433
27996	-3954.153	-4216.387	262.2335	0.6050274	0.353957	0.314313	0.273049	0.0586812	2.00716	1.386458
28002	-3950.015	-4211.634	261.6195	0.7397051	0.436848	0.300685	0.216038	0.046429	1.835538	1.853107
28008	-3941.547	-4202.991	261.4443	0.998312	0.489037	0.169241	0.241847	0.0998747	1.86807	1.767289
28014	-3945.79	-4207.197	261.4065	1.019877	0.489037	0.169241	0.241847	0.0998747	1.859648	1.784447
28020	-3957.499	-4219.085	261.5861	1.171863	0.514653	0.0958779	0.181607	0.207862	2.052252	1.404801
28026	-3936.886	-4199.223	262.3373	0.7209527	0.498891	0.210839	0.235429	0.0548411	2.127207	1.095388
28032	-3930.431	-4192.573	262.1422	0.8934025	0.46828	0.251179	0.183067	0.0974746	2.189604	1.0509
28038	-3942.444	-4204.605	262.1616	0.7986876	0.158641	0.428572	0.326531	0.0862555	2.196991	1.117337
28044	-3939.825	-4201.928	262.1033	0.8032084	0.184289	0.419582	0.295929	0.1002	2.215647	1.148557
28050	-3941.749	-4203.956	262.2072	0.6099727	0.357367	0.247238	0.263342	0.132054	2.150923	1.288445
28056	-3943.271	-4205.516	262.2445	0.6099727	0.508382	0.212711	0.241167	0.0377396	2.077986	1.31743
28062	-3942.22	-4204.062	261.8417	0.7859004	0.445691	0.30101	0.241901	0.0113977	1.87744	1.633695
28068	-3940.427	-4202.267	261.8394	0.8410338	0.379295	0.337066	0.270877	0.0127629	1.846591	1.616054
28074	-3947.762	-4209.108	261.3459	0.9408642	0.427928	0.143915	0.394829	0.0333285	1.831283	1.900041
28080	-3949.359	-4211.192	261.8322	0.7360118	0.391767	0.161134	0.363568	0.0835305	1.812658	1.724023
28086	-3951.74	-4213.385	261.6445	0.7456293	0.441917	0.167512	0.381909	0.00866237	1.845226	1.824952
28092	-3956.503	-4217.486	260.9833	0.6845366	0.441917	0.167512	0.381909	0.00866237	1.66231	2.420571
28098	-3944.732	-4205.471	260.7387	0.9185307	0.497928	0.188743	0.309262	0.00406701	1.66231	2.420571
28104	-3959.25	-4219.829	260.5786	0.7539731	0.47245	0.21188	0.303515	0.0121558	1.66231	2.627141
28110	-3936.389	-4197.422	261.0334	0.7539731	0.393678	0.344284	0.252909	0.00912936	1.714886	2.308887
28116	-3945.751	-4206.13	260.3798	1.079928	0.383445	0.0927789	0.514884	0.00889206	1.714886	2.511451
28122	-3936.729	-4197.934	261.2055	0.7999209	0.454143	0.118958	0.396985	0.0299141	1.781878	2.123312
28128	-3946.485	-4207.684	261.1999	0.8693631	0.346183	0.170029	0.459708	0.0240798	1.657153	2.16117
28134	-3947.447	-4208.754	261.307	0.761421	0.296384	0.353621	0.346695	0.0032999	1.703219	2.134797
28140	-3945.788	-4207.039	261.2507	0.6875595	0.404414	0.299328	0.293465	0.00279325	1.822807	2.144485
28146	-3943.584	-4204.753	261.1695	0.6525251	0.284668	0.427743	0.283598	0.00399159	1.655803	2.328255
28152	-3934.541	-4196.236	261.6952	0.3418502	0.34001	0.32283	0.335528	0.00163181	1.633073	2.194803
28158	-3930.029	-4191.456	261.427	0.6220322	0.214232	0.365874	0.416804	0.00308946	1.743132	2.126654
28164	-3942.358	-4203.866	261.5086	0.8944947	0.372984	0.260257	0.358805	0.00795438	1.742732	1.881875
28170	-3937.301	-4198.782	261.481	0.8896664	0.536687	0.0481858	0.330547	0.0845797	1.73867	1.906725
28176	-3936.182	-4197.594	261.4113	0.8080973	0.350329	0.30826	0.280606	0.060805	1.668732	2.05678
28182	-3942.146	-4203.42	261.2734	0.8183537	0.446019	0.309939	0.193188	0.0508544	1.826759	2.036346
28188	-3948.946	-4210.687	261.7419	0.7143503	0.364759	0.253472	0.371359	0.0104098	1.826759	1.793329
28194	-3957.188	-4219.123	261.9354	0.6656886	0.167102	0.419795	0.398975	0.0141277	1.872136	1.661463
28200	-3958.291	-4220.234	261.9432	0.4827303	0.260526	0.459849	0.27079	0.00883409	1.843676	1.808865
28206	-3947.033	-4209.092	262.0585	0.544307	0.295194	0.374932	0.313304	0.0165708	1.904521	1.641254
28212	-3964.004	-4225.55	261.5467	1.179475	0.515078	0.122416	0.330543	0.0319629	1.923824	1.526702
28218	-3954.432	-4216.045	261.6129	0.8150335	0.51196	0.121675	0.328542	0.0378237	1.875711	1.775287
28224	-3945.154	-4206.566	261.4122	0.9137931	0.479979	0.209111	0.178949	0.131961	1.80287	1.893095
28230	-3949.036	-4210.181	261.1448	0.9137931	0.332768	0.249077	0.380828	0.0373267	1.718091	2.127531
28236	-3938.791	-4199.795	261.0041	1.095057	0.367839	0.175521	0.415878	0.040762	1.84158	2.019652
28242	-3931.775	-4192.964	261.1892	0.9661046	0.444332	0.191884	0.344969	0.0188154	1.803708	2.006704
28248	-3953.786	-4215.229	261.443	0.8164625	0.433587	0.210546	0.336627	0.0192394	1.765458	1.965501
28254	-3940.814	-4202.178	261.3649	0.8598463	0.360347	0.28017	0.279765	0.0797178	1.740388	2.004279
28260	-3946.747	-4208.01	261.2629	0.8366133	0.390047	0.248276	0.254395	0.107282	1.757991	2.07615
28266	-3962.249	-4223.895	261.6466	0.868085	0.399467	0.254272	0.260539	0.0857209	1.865296	1.720309
28272	-3957.695	-4218.176	260.4807	1.300744	0.544381	0.0481459	0.185978	0.221495	1.613759	2.380305
28278	-3971.727	-4231.965	260.2388	1.76915	0.607851	0.0201374	0.206418	0.165593	1.715002	2.214245
28284	-3962.647	-4224.689	262.0422	0.8345551	0.461887	0.161153	0.33251	0.0444508	1.954965	1.387643
28290	-3960.199	-4222.327	262.1281	0.7754419	0.389991	0.182684	0.376935	0.0503898	1.982916	1.346654
28296	-3962.944	-4225.144	262.1998	0.7194628	0.376301	0.176271	0.363703	0.083725	1.962996	1.352417
28302	-3973.453	-4235.753	262.3004	0.6820657	0.264688	0.373517	0.268296	0.0934998	1.930648	1.329626
28308	-3969.254	-4231.474	262.2199	0.6325797	0.491431	0.189232	0.17975	0.139588	2.098559	1.301383
28314	-3967.004	-4229.134	262.1297	0.7634363	0.281644	0.323459	0.314898	0.0799991	2.071168	1.284338
28320	-3966.042	-4226.982	260.94	1.104948	0.414837	0.163262	0.249295	0.172605	1.640915	2.187017
28326	-3954.435	-4214.748	260.313	1.385691	0.371702	0.188177	0.228383	0.211737	1.548765	2.478466
28332	-3935.437	-4195.489	260.0526	0.9162984	0.426649	0.216037	0.262144	0.0951701	1.571843	2.900442
28338	-3952.985	-4212.852	259.8669	0.8548054	0.500849	0.222317	0.269764	0.00706973	1.62462	3.01853
28344	-3952.802	-4212.966	260.1636	0.9617212	0.476081	0.159361	0.357837	0.00672012	1.592673	2.792498
28350	-3954.119	-4213.945	259.8263	1.273513	0.471779	0.157921	0.367046	0.0032542	1.660017	2.773287
28356	-3952.206	-4211.888	259.6813	0.9160512	0.457749	0.184683	0.356131	0.00143785	1.409085	3.219798
28362	-3950.676	-4211.895	261.219	0.757362	0.424632	0.195718	0.377411	0.00223893	1.588056	2.268989
28368	-3940.231	-4201.876	261.6448	0.7537151	0.459303	0.141527	0.337846	0.0613242	1.693127	1.92271
28374	-3953.565	-4215.009	261.4443	0.9930552	0.419667	0.301263	0.223038	0.056032	1.812428	1.809549
28380	-3954.74	-4216.289	261.5493	1.029751	0.426618	0.254596	0.182395	0.136391	1.804543	1.716256
28386	-3953.195	-4214.416	261.2209	1.461812	0.429881	0.241296	0.22426	0.104563	1.851875	1.629825
28392	-3940.951	-4202.182	261.2318	1.008372	0.556289	0.108038	0.200362	0.13531	1.754201	1.983059
28398	-3955.669	-4217.071	261.402	0.8635456	0.517652	0.140715	0.236042	0.10559	1.780294	1.950137
28404	-3969.864	-4231.121	261.2571	1.079295	0.599285	0.0683596	0.162982	0.169373	1.800853	1.887256
28410	-3970.098	-4230.726	260.629	0.9877435	0.605801	0.15486	0.231832	0.00750607	1.654785	2.450272
28416	-3958.774	-4219.922	261.1479	0.8428275	0.371118	0.243617	0.364706	0.0205591	1.542447	2.286414
28422	-3962.719	-4223.655	260.9363	0.9319027	0.459288	0.217627	0.286367	0.036719	1.705416	2.258802
28428	-3964.063	-4225.351	261.2871	0.7394321	0.454874	0.215535	0.283615	0.0459759	1.632768	2.208568
28434	-3956.781	-4217.887	261.1053	0.8728366	0.582753	0.189288	0.214893	0.013066	1.595334	2.259868
28440	-3966.1	-4227.787	261.6869	0.7103375	0.348071	0.256378	0.318359	0.0771922	1.885108	1.793895
28446	-3942.832	-4204.462	261.63	0.8423613	0.451334	0.212724	0.299079	0.0368633	1.803331	1.793895
28452	-3941.301	-4203.31	262.0094	0.5672351	0.427715	0.260638	0.282681	0.0289664	1.874589	1.680772
28458	-3947.259	-4209.35	262.0904	0.6510347	0.392314	0.300928	0.263924	0.0428336	1.920485	1.524556
28464	-3954.657	-4216.691	262.0334	0.8378099	0.299881	0.383176	0.273379	0.0435635	1.921593	1.417756
28470	-3950.176	-4212.348	262.1722	0.651415	0.357222	0.326751	0.245634	0.0703926	1.97922	1.417756
28476	-3949.087	-4210.932	261.8456	0.8403719	0.390669	0.173431	0.359364	0.076536	1.948248	1.537567
28482	-3954.28	-4216.142	261.8622	0.8403719	0.433734	0.180501	0.281861	0.103904	2.01675	1.473806
28488	-3969.996	-4231.791	261.7949	0.8475961	0.581417	0.158689	0.227136	0.0327578	1.947531	1.569895
28494	-3946.759	-4208.69	261.9308	0.6887013	0.539767	0.181239	0.253989	0.0250056	1.882201	1.640046
28500	-3961.596	-4223.385	261.7896	0.7993477	0.547301	0.166278	0.268055	0.0183662	1.906634	1.640046
28506	-3960.265	-4222.487	262.2217	0.6358585	0.276862	0.206671	0.406905	0.109562	2.025412	1.355801
28512	-3964.417	-4226.609	262.1914	0.5591246	0.355547	0.220056	0.302865	0.121531	2.037916	1.432386
28518	-3952.678	-4214.801	262.1233	0.5462541	0.387617	0.254285	0.347694	0.0104044	2.052993	1.482877
28524	-3960.91	-4223.164	262.2541	0.5972217	0.434336	0.350869	0.176651	0.0381441	2.163379	1.250558
28530	-3953.664	-4215.846	262.1828	0.6822088	0.354631	0.229525	0.390891	0.0249524	2.086096	1.298967
28536	-3956.83	-4218.929	262.0992	0.7580357	0.292416	0.278688	0.394393	0.0345032	2.072888	1.31242
28542	-3974.179	-4236.173	261.9935	0.9130341	0.354527	0.337883	0.265758	0.041832	2.072888	1.267017
28548	-3973.328	-4234.83	261.5024	1.298186	0.505718	0.0711744	0.379093	0.0440143	1.987121	1.428729
28554	-3950.961	-4212.9	261.9389	1.022434	0.51279	0.0524356	0.402348	0.0324262	2.112472	1.186586
28560	-3962.441	-4223.992	261.5516	1.187498	0.542604	0.0428718	0.357333	0.0571917	2.112472	1.373123
28566	-3964.607	-4226.687	262.0806	0.9323072	0.396169	0.305101	0.135226	0.163504	2.16985	1.089862
28572	-3952.308	-4214.046	261.7381	1.087544	0.550194	0.232537	0.118854	0.0984149	2.092167	1.317359
28578	-3964.315	-4225.675	261.36	1.251518	0.277674	0.259032	0.368768	0.0945254	1.992742	1.563763
28584	-3956.236	-4217.585	261.3485	1.186042	0.406089	0.084466	0.485982	0.0234638	1.859576	1.712147
28590	-3963.163	-4224.029	260.8659	1.186439	0.577408	0.039071	0.270481	0.11304	1.774118	2.097519
28596	-3955.695	-4216.309	260.6146	0.974323	0.36599	0.165762	0.330235	0.138013	1.77226	2.39377
28602	-3964.284	-4225.379	261.0946	0.773777	0.266445	0.403615	0.229465	0.100475	1.674972	2.281928
28608	-3971.814	-4232.592	260.7785	1.136984	0.281363	0.370224	0.242313	0.106101	1.703194	2.231128
28614	-3965.21	-4226.72	261.5099	0.8835533	0.443293	0.240862	0.271242	0.0446026	1.72943	1.897645
28620	-3950.843	-4212.216	261.3729	1.005925	0.530684	0.249689	0.166232	0.0533955	1.944337	1.758559
28626	-3964.099	-4225.721	261.6215	1.005925	0.429096	0.215047	0.295278	0.06058	1.95776	1.571236
28632	-3961.303	-4222.971	261.6677	0.9266452	0.47313	0.187975	0.266268	0.0726272	1.945554	1.604835
28638	-3957.859	-4218.588	260.7293	1.321718	0.620244	0.144427	0.200482	0.034847	1.892101	2.02691
28644	-3941.596	-4202.551	260.9554	0.771945	0.444827	0.159118	0.350853	0.0452027	1.663263	2.379279
28650	-3945.909	-4207.11	261.2008	0.8617912	0.409043	0.146318	0.418632	0.0260073	1.679992	2.150785
28656	-3958.655	-4220.263	261.6082	0.7873785	0.393916	0.206081	0.374958	0.0250455	1.817589	1.838732
28662	-3957.873	-4219.117	261.2435	0.9776162	0.393916	0.206081	0.374958	0.0250455	1.75826	1.993099
28668	-3948.001	-4210.03	262.0281	0.5186724	0.267883	0.510429	0.168472	0.0532162	1.925946	1.666361
28674	-3963.717	-4225.545	261.8279	0.7685318	0.364461	0.41009	0.135508	0.0899406	1.863767	1.666501
28680	-3964.654	-4226.37	261.7166	0.8886792	0.42485	0.222748	0.250793	0.101609	1.839295	1.674071
28686	-3978.773	-4239.901	261.1276	0.8816511	0.331747	0.188588	0.40557	0.0740946	1.753493	2.137208
28692	-3975.731	-4236.591	260.8598	1.144365	0.286093	0.348862	0.308656	0.0563892	1.779753	2.124049
28698	-3956.172	-4217.536	261.3645	0.6503334	0.306382	0.198253	0.441288	0.0540779	1.779753	2.124049
28704	-3961.428	-4222.664	261.2368	0.7618859	0.410332	0.210793	0.334995	0.0438812	1.78943	2.124049
28710	-3967.484	-4228.403	260.9188	0.7618859	0.465097	0.0955893	0.382291	0.0570224	1.721524	2.372252
28716	-3946.339	-4207.943	261.6042	0.6628155	0.232544	0.319864	0.405203	0.042389	1.796996	1.94488
28722	-3949.492	-4211.426	261.9336	0.8942646	0.399193	0.201677	0.326363	0.0727664	1.966799	1.414833
28728	-3947.259	-4209.154	261.8952	0.9316397	0.502589	0.12155	0.3522	0.0236602	1.952426	1.426008
28734	-3934.737	-4196.873	262.1362	0.7498554	0.331049	0.328055	0.302622	0.0382739	2.028587	1.32524
28740	-3942.693	-4204.72	262.0267	0.784261	0.240477	0.35879	0.372931	0.0278025	2.140981	1.293574
28746	-3946.089	-4208.17	262.081	0.6628369	0.2929	0.181647	0.488997	0.0364554	2.03949	1.432236
28752	-3947.531	-4209.541	262.0095	0.7677959	0.187018	0.340098	0.440077	0.0328083	2.000001	1.432236
28758	-3947.203	-4209.286	262.0822	0.6960605	0.15831	0.342484	0.443165	0.0560407	2.00309	1.432236
28764	-3947.994	-4210.149	262.1558	0.6956019	0.200994	0.434826	0.293028	0.0711507	1.929997	1.432236
28770	-3937.478	-4199.561	262.0834	0.6657601	0.246691	0.533686	0.145016	0.0746076	1.966257	1.48383
28776	-3937.896	-4199.89	261.9936	0.7535693	0.165792	0.427053	0.394807	0.0123479	1.952101	1.49214
28782	-3950.361	-4212.459	262.0984	0.6986959	0.22138	0.471742	0.302248	0.00463111	1.951263	1.457357
28788	-3954.306	-4216.664	262.3577	0.5902849	0.292262	0.196471	0.504873	0.00639348	2.041637	1.271645
28794	-3953.782	-4215.9	262.1179	0.6581238	0.44462	0.298891	0.22492	0.0315694	1.969347	1.461482
28800	-3960.298	-4222.17	261.8722	0.9103553	0.414329	0.346655	0.209597	0.0294187	2.037884	1.394466
28806	-3949.852	-4212.126	262.2745	0.6386263	0.337261	0.204297	0.416771	0.0416711	1.913372	1.399993
28812	-3953.568	-4215.455	261.8867	1.025721	0.352361	0.349111	0.243639	0.0548893	1.913372	1.389531
28818	-3953.041	-4214.716	261.6742	0.6955945	0.272251	0.28658	0.284235	0.156933	1.805914	1.867846
28824	-3960.059	-4221.772	261.7131	0.7389449	0.237358	0.420875	0.247807	0.0939597	1.691676	1.887938
28830	-3968.798	-4230.478	261.6803	0.8088626	0.363782	0.226547	0.286116	0.123554	1.845914	1.753517
28836	-3960.778	-4222.484	261.7065	0.7901438	0.434839	0.293222	0.177805	0.0941336	1.839306	1.753517
28842	-3966.336	-4228.191	261.8546	0.7948891	0.326838	0.333025	0.272616	0.0675212	1.927612	1.581105
28848	-3958.875	-4220.776	261.9015	0.7252688	0.387041	0.394369	0.138632	0.0799586	1.954614	1.580668
28854	-3944.605	-4206.263	261.6576	0.8063257	0.254389	0.350305	0.301098	0.0942085	1.921954	1.717894
28860	-3951.182	-4213.109	261.9267	0.8410546	0.259435	0.268432	0.459701	0.0124309	1.982009	1.450684
28866	-3950.593	-4212.466	261.8731	0.8175687	0.357249	0.136285	0.500155	0.00631125	2.060122	1.450684
28872	-3945.473	-4207.113	261.64	1.075114	0.449978	0.116623	0.427998	0.00540074	1.990117	1.482599
28878	-3941.663	-4203.177	261.5137	1.189137	0.443069	0.0461544	0.50082	0.00995691	1.972061	1.508552
28884	-3949.968	-4211.023	261.0549	1.829519	0.555313	0.101593	0.335497	0.00759709	2.03663	1.387919
28890	-3949.917	-4211.21	261.2933	1.303018	0.453275	0.124044	0.409639	0.0130422	1.985184	1.583453
28896	-3954.781	-4216.755	261.9735	0.921427	0.402033	0.100146	0.382373	0.115449	2.045882	1.298511
28902	-3976.613	-4238.708	262.0952	0.8662932	0.167158	0.323364	0.468316	0.0411621	2.070349	1.224345
28908	-3949.489	-4211.703	262.214	0.7732172	0.308807	0.271876	0.385439	0.0338777	2.255882	1.0384
28914	-3961.175	-4223.388	262.213	0.8178222	0.493043	0.150839	0.285677	0.0704413	2.210153	1.0384
28920	-3973.404	-4235.087	261.6834	0.7488293	0.408213	0.282447	0.249714	0.0596258	1.989635	1.694595
28926	-3958.434	-4220.172	261.7375	0.525978	0.215795	0.421263	0.232011	0.130931	1.853681	1.913162
28932	-3956.563	-4218.714	262.1511	0.7747052	0.430125	0.260835	0.215006	0.0940336	2.114938	1.220263
28938	-3957.266	-4219.5	262.2339	0.6954737	0.380968	0.299174	0.236571	0.0832869	2.118412	1.218072
28944	-3947.456	-4209.281	261.825	0.8886877	0.403522	0.316886	0.250577	0.0290146	2.148997	1.361803
28950	-3964.627	-4226.277	261.6493	1.149364	0.533385	0.150601	0.260813	0.0552011	2.087762	1.344117
28956	-3956.468	-4218.641	262.1724	0.7019205	0.437304	0.331739	0.213832	0.0171241	2.137831	1.247696
28962	-3953.693	-4215.585	261.8915	0.8805495	0.318363	0.326027	0.310464	0.045146	2.073522	1.375446
28968	-3964.95	-4227.211	262.2615	0.6414845	0.369852	0.333258	0.271515	0.0253753	2.037094	1.309815
28974	-3972.799	-4234.949	262.1498	0.8255831	0.263306	0.291605	0.436247	0.00884251	2.06033	1.222457
28980	-3961.969	-4224.184	262.2155	0.6936769	0.261343	0.289431	0.432995	0.0162318	2.053682	1.288804
28986	-3961.527	-4223.643	262.1159	0.7938101	0.241531	0.3379	0.404787	0.0157821	2.156098	1.198041
28992	-3971.822	-4233.98	262.1582	0.7572259	0.313684	0.346392	0.335105	0.00481889	2.192947	1.162794
28998	-3971.327	-4233.344	262.0171	0.8129894	0.303912	0.323694	0.356173	0.0162205	2.219662	1.210991
29004	-3962.518	-4224.349	261.8313	1.039118	0.416012	0.291376	0.267845	0.0247667	2.1751	1.210991
29010	-3956.929	-4219.078	262.1488	0.7549848	0.385378	0.173812	0.402446	0.0383639	2.138614	1.219741
29016	-3955.659	-4217.781	262.1222	0.7549848	0.276456	0.374803	0.2887	0.0600411	2.022872	1.336686
29022	-3951.243	-4213.43	262.1869	0.651202	0.2107	0.366286	0.282139	0.140875	1.905382	1.46323
29028	-3945.482	-4207.119	261.6368	0.9405683	0.390135	0.259338	0.262689	0.0878387	1.98883	1.585492
29034	-3948.399	-4210.053	261.6543	0.8605838	0.390135	0.259338	0.262689	0.0878387	1.955636	1.656149
29040	-3963.016	-4225.522	262.5059	0.6117514	0.289664	0.266935	0.292352	0.15105	2.202977	0.9704107
29046	-3953.454	-4215.663	262.2091	0.7568681	0.406351	0.223432	0.313392	0.0568246	2.129192	1.174353
29052	-3945.394	-4207.873	262.4791	0.6172873	0.361746	0.351461	0.248207	0.038586	2.131338	1.06168
29058	-3957.116	-4219.26	262.1441	0.7242481	0.323186	0.342359	0.244759	0.0896963	2.045961	1.326657
29064	-3975.17	-4237.255	262.0856	0.711905	0.337724	0.32842	0.201857	0.131998	2.168253	1.285584
29070	-3961.048	-4223.103	262.0554	0.81512	0.386853	0.256144	0.255549	0.101454	2.089771	1.285584
29076	-3956.413	-4218.652	262.2388	0.6426636	0.350455	0.277847	0.34617	0.0255275	2.114016	1.264465
29082	-3963.597	-4225.387	261.7899	0.7050308	0.339372	0.219453	0.274189	0.166986	2.007599	1.63876
29088	-3956.988	-4219.091	262.1028	0.7050308	0.443447	0.23117	0.285018	0.0403655	1.992635	1.417132
29094	-3960.788	-4222.668	261.8792	0.7150845	0.327693	0.286182	0.356296	0.0298288	1.975909	1.589306
29100	-3950.929	-4212.669	261.7401	0.8089149	0.329145	0.246414	0.400105	0.0243356	1.85029	1.70835
29106	-3955.805	-4217.469	261.6632	0.7166763	0.352249	0.289353	0.308245	0.050153	1.857299	1.824877
29112	-3954.719	-4216.395	261.6767	0.728913	0.303858	0.312513	0.307644	0.075985	1.902802	1.775035
29118	-3949.783	-4211.088	261.3054	1.104801	0.37703	0.266564	0.262411	0.0939955	1.914722	1.75843
29124	-3952.022	-4213.145	261.1227	1.058249	0.446755	0.204193	0.310939	0.0381125	1.869319	1.945884
29130	-3964.418	-4225.526	261.1084	1.15086	0.428958	0.195771	0.298553	0.0767182	1.869319	1.894777
29136	-3967.274	-4228.665	261.3906	1.113019	0.457954	0.134508	0.347427	0.0601107	1.852999	1.7364
29142	-3953.813	-4215.544	261.7312	0.8086629	0.473033	0.22001	0.260158	0.0467991	1.897289	1.681548
29148	-3960.402	-4222.239	261.8372	0.8312688	0.391599	0.271107	0.271461	0.0658333	1.899695	1.586422
29154	-3989.577	-4251.236	261.6592	0.8988519	0.417884	0.360401	0.198396	0.0233191	1.861167	1.691913
29160	-3972.068	-4234.059	261.9918	0.7213676	0.449859	0.311462	0.213576	0.0251034	1.713977	1.691913
29166	-3947.079	-4208.91	261.8308	0.6517255	0.524511	0.208702	0.237518	0.0292692	1.736798	1.839829
29172	-3950.539	-4212.314	261.7754	0.5786535	0.589119	0.184952	0.199991	0.0259383	1.822738	1.871559
29178	-3953.861	-4215.767	261.9057	0.4519171	0.520961	0.244504	0.200244	0.0342902	1.862118	1.842362
29184	-3954.269	-4216.558	262.2897	0.5138319	0.271272	0.238829	0.453079	0.0368204	1.862118	1.525937
29190	-3946.574	-4208.431	261.8577	0.7804466	0.284737	0.358678	0.301287	0.0552977	1.907699	1.604419
29196	-3956.749	-4218.028	261.2793	1.107917	0.430365	0.0846504	0.447984	0.0370011	1.889209	1.792245
29202	-3951.756	-4213.133	261.3776	1.179238	0.509203	0.088667	0.358351	0.0437793	1.955485	1.627519
29208	-3943.637	-4205.194	261.5572	0.9478053	0.50658	0.0855284	0.345666	0.062225	1.92834	1.681145
29214	-3968.434	-4230.131	261.6965	0.9077435	0.261067	0.374313	0.243447	0.121173	1.99788	1.559609
29220	-3953.14	-4215.116	261.9756	0.6448117	0.316377	0.300249	0.281318	0.102056	1.779426	1.714486
29226	-3957.484	-4219.112	261.6281	0.7660585	0.418525	0.286696	0.19733	0.0974491	1.810327	1.845408
29232	-3957.81	-4219.649	261.8392	0.6930275	0.40269	0.279567	0.270727	0.0470164	1.801448	1.758911
29238	-3946.141	-4208.083	261.9422	0.7044805	0.418169	0.290313	0.242694	0.0488237	1.866103	1.63142
29244	-3964.971	-4226.925	261.9544	0.8011348	0.468623	0.204685	0.271977	0.0547145	2.036269	1.419784
29250	-3953.212	-4215.35	262.1388	0.4748631	0.3069	0.333239	0.32853	0.0313309	1.899262	1.637266
29256	-3940.569	-4202.847	262.2787	0.4301148	0.37029	0.311765	0.30736	0.0105838	1.887317	1.574892
29262	-3946.692	-4208.448	261.7557	0.7370343	0.391093	0.32928	0.260837	0.0187898	1.86413	1.740852
29268	-3950.444	-4211.913	261.4686	0.8589181	0.390896	0.24794	0.310459	0.050705	1.856223	1.856747
29274	-3956.089	-4217.429	261.34	0.8308362	0.31328	0.288561	0.263063	0.135096	1.743148	2.038995
29280	-3947.56	-4208.902	261.3421	0.8025125	0.406132	0.28776	0.262332	0.0437758	1.75317	2.050587
29286	-3941.86	-4203.044	261.1838	0.8716214	0.494841	0.238766	0.217668	0.0487261	1.647855	2.176151
29292	-3945.797	-4206.724	260.9266	0.6918114	0.407354	0.190167	0.375759	0.0267195	1.622396	2.476465
29298	-3940.924	-4202.065	261.1415	0.6670778	0.319083	0.40007	0.243597	0.0372501	1.682861	2.319004
29304	-3941.131	-4202.378	261.2468	0.6670778	0.304328	0.292099	0.325489	0.0780836	1.667142	2.261709
29310	-3951.159	-4211.884	260.7242	0.7781952	0.307857	0.323368	0.329264	0.0395099	1.624161	2.544745
29316	-3975.677	-4236.597	260.9198	0.6978257	0.240549	0.459239	0.167094	0.133118	1.63298	2.470065
29322	-3961.796	-4223.318	261.5214	0.7993574	0.51924	0.062889	0.336343	0.0815283	1.739805	1.942095
29328	-3948.859	-4210.457	261.5982	0.8947013	0.51365	0.016219	0.378407	0.0917244	1.769518	1.80186
29334	-3949.291	-4210.618	261.327	1.199687	0.538771	0.0258569	0.331587	0.103784	1.878677	1.704718
29340	-3936.415	-4197.593	261.1786	1.171133	0.504904	0.0169624	0.391613	0.0865211	1.815016	1.870775
29346	-3940.449	-4201.673	261.2231	1.295637	0.555674	0.113856	0.235249	0.0952212	1.97038	1.649874
29352	-3967.427	-4229.157	261.7303	0.7358577	0.332931	0.23552	0.38969	0.0418598	1.749836	1.838678
29358	-3968.203	-4230	261.7966	0.7886769	0.389837	0.253199	0.311492	0.0454724	1.756369	1.749575
29364	-3970.622	-4232.457	261.8349	0.7842074	0.464548	0.241682	0.273763	0.0200065	1.892147	1.629265
29370	-3950.392	-4212.219	261.8273	0.8544886	0.503894	0.116124	0.354104	0.0258778	1.826386	1.629265
29376	-3956.544	-4217.857	261.3133	1.090703	0.293986	0.338166	0.303259	0.0645902	1.83371	1.818702
29382	-3962.564	-4223.777	261.212	1.216709	0.53538	0.170367	0.241724	0.0525292	1.818621	1.8158
29388	-3962.357	-4223.111	260.7537	1.328247	0.512707	0.229819	0.231487	0.0259875	1.761989	2.092809
29394	-3964.627	-4226.026	261.3993	1.128274	0.378521	0.169671	0.431703	0.0201049	1.836663	1.731407
29400	-3959.524	-4220.87	261.3454	1.052511	0.562248	0.21587	0.212008	0.00987346	2.009522	1.699548
29406	-3948.53	-4210.004	261.4742	0.9757569	0.481208	0.305446	0.193352	0.0199939	1.86548	1.764007
29412	-3935.967	-4197.229	261.2618	1.039017	0.360106	0.426337	0.197579	0.0159781	1.787	1.920327
29418	-3935.156	-4196.528	261.3721	0.8798322	0.477266	0.368287	0.140645	0.0138025	1.837679	1.920327
29424	-3934.453	-4196.033	261.5796	0.7484248	0.309643	0.368324	0.299599	0.0224337	1.857452	1.859097
29430	-3941.912	-4203.322	261.4104	0.9658291	0.324159	0.356128	0.285092	0.0346206	1.857452	1.820769
29436	-3962.119	-4224.082	261.9631	0.6919047	0.48374	0.248427	0.259386	0.00844714	1.718249	1.731256
29442	-3953.777	-4215.766	261.9888	0.7323095	0.318186	0.332072	0.327912	0.0218293	2.022517	1.459499
29448	-3949.689	-4211.807	262.1181	0.6307519	0.217875	0.34737	0.407509	0.0272459	2.02449	1.441329
29454	-3951.951	-4213.779	261.8282	0.889544	0.307363	0.390114	0.258059	0.0444639	1.956037	1.506841
29460	-3954.213	-4215.456	261.243	1.192173	0.519448	0.187518	0.266772	0.0262606	1.742679	1.862574
29466	-3969.466	-4230.783	261.3163	1.169686	0.56405	0.128621	0.225976	0.0813525	1.733646	1.833155
29472	-3950.982	-4212.091	261.1092	0.9826174	0.558368	0.133889	0.209163	0.0985804	1.716169	2.106398
29478	-3961.577	-4223.383	261.8065	0.7863695	0.223565	0.311793	0.315801	0.14884	1.803745	1.71101
29484	-3958.071	-4218.944	260.8737	1.103358	0.307467	0.428807	0.12825	0.135475	1.696593	2.194881
29490	-3961.303	-4222.411	261.1075	1.211505	0.513488	0.301242	0.0900971	0.0951731	1.745573	1.940158
29496	-3952.828	-4214.687	261.8591	0.7535744	0.449778	0.150824	0.279061	0.120337	1.882091	1.642326
29502	-3963.124	-4224.321	261.1964	0.9917379	0.493719	0.104029	0.117807	0.284445	1.764428	2.010913
29508	-3958.872	-4220.063	261.1911	0.7661458	0.307452	0.19708	0.318668	0.1768	1.761271	2.169258
29514	-3956.323	-4217.407	261.0839	0.906359	0.49779	0.220982	0.231752	0.0494755	1.656235	2.212234
29520	-3947.507	-4208.553	261.0456	0.7365364	0.476746	0.15151	0.346753	0.0249911	1.670487	2.341134
29526	-3959.154	-4220.551	261.3968	0.8466075	0.314255	0.198824	0.383373	0.103548	1.727698	2.000625
29532	-3967.621	-4229.257	261.6356	0.7576969	0.405393	0.300077	0.266274	0.0282561	1.794101	1.857417
29538	-3949.991	-4211.626	261.6353	0.7600314	0.471602	0.205746	0.246623	0.0760297	1.791927	1.857417
29544	-3961.087	-4222.756	261.6691	0.9087178	0.396893	0.309266	0.207554	0.0862867	1.859412	1.678895
29550	-3953.456	-4214.797	261.3415	0.8081868	0.421616	0.307087	0.206092	0.0652048	1.778518	2.030207
29556	-3946.256	-4207.371	261.1157	1.001312	0.40257	0.0999844	0.384397	0.113049	1.778518	2.048776
29562	-3948.637	-4209.6	260.963	1.006499	0.406577	0.139843	0.388223	0.0653569	1.778518	2.145605
29568	-3966.266	-4227.022	260.756	1.359906	0.450224	0.0475027	0.4299	0.0723731	1.7514	2.079414
29574	-3955.652	-4217.077	261.4254	0.8570846	0.434785	0.0276653	0.467659	0.0698911	1.722365	1.97783
29580	-3946	-4206.614	260.6139	1.195651	0.457349	0.0291011	0.419576	0.0939737	1.792945	2.243358
29586	-3951.312	-4212.417	261.1059	0.9981793	0.454377	0.028912	0.427541	0.0891697	1.798014	2.044439
29592	-3948.298	-4209.926	261.6281	0.7849394	0.485697	0.0309049	0.399527	0.0838713	1.890867	1.776084
29598	-3955.345	-4216.97	261.6254	0.8703241	0.419261	0.124001	0.342511	0.114227	1.804516	1.776084
29604	-3947.194	-4208.43	261.2358	1.245389	0.421656	0.0930955	0.245812	0.239436	1.931608	1.701495
29610	-3938.992	-4200.679	261.6878	0.8851855	0.350053	0.22243	0.227767	0.199749	1.978175	1.597401
29616	-3955.022	-4217.16	262.1376	0.6198527	0.402151	0.183023	0.250466	0.16436	2.024015	1.435584
29622	-3966.955	-4229.278	262.323	0.5580524	0.378709	0.3158	0.150712	0.154779	1.871785	1.45963
29628	-3962.719	-4224.525	261.8063	0.739478	0.474603	0.181986	0.176979	0.166431	1.825582	1.730581
29634	-3944.526	-4206.461	261.9353	0.7245206	0.406954	0.367763	0.151753	0.0735295	1.932913	1.572411
29640	-3955.718	-4218.096	262.3775	0.4997103	0.410043	0.404196	0.141896	0.0438659	2.009947	1.3562
29646	-3959.041	-4221.426	262.3845	0.4481012	0.363509	0.332937	0.264667	0.0388877	2.053223	1.355951
29652	-3945.817	-4208.138	262.321	0.6794731	0.373053	0.300435	0.280794	0.0457185	2.114592	1.160812
29658	-3942.286	-4204.46	262.1746	0.762932	0.310357	0.404654	0.251867	0.0331222	2.155521	1.175889
29664	-3949.764	-4211.85	262.086	0.9222302	0.469551	0.100179	0.243377	0.186894	2.230359	1.037389
29670	-3949.239	-4211.274	262.0346	0.9422394	0.488365	0.119742	0.323567	0.0683266	2.279461	1.019798
29676	-3948.103	-4210.004	261.9001	1.176183	0.5616	0.0397283	0.372089	0.0265826	2.227905	0.9756776
29682	-3956.812	-4218.869	262.0566	0.8833642	0.43969	0.048129	0.450769	0.0614118	2.134416	1.187548
29688	-3956.139	-4218.413	262.2745	0.688423	0.364804	0.194233	0.390011	0.0509524	2.15928	1.154065
29694	-3947.19	-4209.57	262.3795	0.6414265	0.389378	0.145984	0.416284	0.0483541	2.134011	1.127468
29700	-3946.576	-4208.63	262.0541	0.9502398	0.351041	0.251727	0.375297	0.0219344	2.239269	1.031998
29706	-3943.463	-4205.736	262.2733	0.7457374	0.284897	0.264944	0.395002	0.0551571	2.220935	1.04292
29712	-3959.187	-4221.411	262.2242	0.748679	0.39389	0.301989	0.276122	0.027999	2.258947	1.050492
29718	-3968.368	-4230.878	262.5105	0.5544119	0.296609	0.399175	0.245239	0.0589773	2.223213	1.00592
29724	-3958.15	-4219.84	261.6901	0.8631105	0.292246	0.416645	0.255282	0.035826	1.904176	1.665521
29730	-3950.396	-4212.432	262.0362	0.6048152	0.357928	0.349055	0.272189	0.0208293	2.013604	1.531826
29736	-3963.346	-4225.17	261.8238	0.6985025	0.363627	0.327802	0.255616	0.0529546	1.886946	1.705548
29742	-3943.629	-4205.387	261.7578	0.8182137	0.362707	0.326973	0.233895	0.0764239	1.876357	1.670373
29748	-3947.887	-4209.613	261.7253	0.7488477	0.345408	0.311379	0.295039	0.0481739	1.864387	1.753276
29754	-3934.047	-4195.69	261.6438	0.6828168	0.319723	0.288224	0.322876	0.0691783	1.785564	1.911597
29760	-3945.178	-4206.688	261.51	1.006027	0.352485	0.307982	0.263266	0.0762671	1.814403	1.753505
29766	-3962.788	-4224.122	261.3334	1.093386	0.440233	0.199276	0.192726	0.167765	1.811722	1.818152
29772	-3964.12	-4225.775	261.6548	0.9274515	0.442164	0.226298	0.141024	0.190514	1.883869	1.657972
29778	-3963.767	-4225.532	261.7647	0.8530335	0.482338	0.21471	0.125323	0.177629	1.943719	1.590644
29784	-3964.097	-4226.044	261.9468	0.831497	0.394931	0.147982	0.342286	0.1148	2.025616	1.409348
29790	-3947.082	-4208.979	261.8969	0.8194674	0.341008	0.251776	0.246872	0.160343	1.943108	1.519439
29796	-3953.27	-4214.832	261.5616	1.021213	0.397278	0.293321	0.266488	0.0429127	1.918911	1.63193
29802	-3958.083	-4219.983	261.8999	0.7308943	0.461291	0.193676	0.247123	0.0979099	1.95956	1.573854
29808	-3957.077	-4218.922	261.8448	0.8167794	0.403467	0.298121	0.193413	0.104998	1.886916	1.601167
29814	-3952.853	-4214.675	261.8221	0.8167794	0.301541	0.335159	0.323268	0.040032	1.90966	1.601167
29820	-3944.772	-4206.793	262.0211	0.6596635	0.368694	0.32527	0.271701	0.0343353	1.87488	1.602282
29826	-3936.6	-4198.434	261.8334	0.6727023	0.360859	0.358926	0.245691	0.0345241	1.899789	1.708996
29832	-3940.951	-4203.119	262.1681	0.7371992	0.197352	0.450747	0.308545	0.0433562	2.052667	1.290704
29838	-3941.173	-4203.373	262.1999	0.5922772	0.237553	0.478021	0.24863	0.0357971	1.900268	1.504143
29844	-3941.258	-4203.177	261.919	0.7845466	0.326355	0.507545	0.138824	0.0272771	1.964554	1.514226
29850	-3942.594	-4204.859	262.265	0.5111665	0.314696	0.319656	0.348468	0.0171794	1.969377	1.465902
29856	-3927.228	-4189.119	261.891	0.8070939	0.374287	0.251136	0.280016	0.0945608	2.052059	1.451539
29862	-3950.664	-4212.673	262.0087	0.7532662	0.266433	0.320789	0.371665	0.0411125	1.866938	1.544571
29868	-3944.728	-4206.42	261.6917	0.8036908	0.291684	0.277847	0.361117	0.0693519	1.866168	1.735096
29874	-3949.058	-4210.964	261.9057	0.5656022	0.393336	0.301833	0.238435	0.0663964	1.859666	1.76554
29880	-3954.881	-4216.446	261.5655	0.8502246	0.448344	0.277635	0.220397	0.0536238	1.823335	1.818978
29886	-3951.376	-4212.742	261.3657	0.803315	0.489536	0.256653	0.244118	0.00969335	1.797069	2.005224
29892	-3941.384	-4203.128	261.7436	0.7556459	0.23499	0.498468	0.184563	0.0819784	1.894773	1.714019
29898	-3940.18	-4201.888	261.7077	0.7556459	0.230613	0.489183	0.181125	0.0990788	1.894773	1.739245
29904	-3968.041	-4228.818	260.7774	1.690023	0.460289	0.113173	0.35184	0.074697	1.807857	1.837112
29910	-3956.355	-4217.255	260.9006	1.542339	0.514906	0.076416	0.398467	0.0102115	1.807857	1.837112
29916	-3960.375	-4221.749	261.3742	1.096874	0.560693	0.0692033	0.360857	0.00924768	1.80691	1.790931
29922	-3975.783	-4237.125	261.3415	0.5978853	0.167216	0.424079	0.376786	0.0319196	1.664137	2.249733
29928	-3965.217	-4226.425	261.2081	0.7143174	0.488633	0.109648	0.388765	0.0129547	1.674467	2.249733
29934	-3963.946	-4224.812	260.8665	0.8839695	0.349711	0.318658	0.314792	0.0168387	1.717697	2.326998
29940	-3949.695	-4211.262	261.567	0.7012127	0.320357	0.241312	0.431768	0.00656209	1.682242	2.019288
29946	-3964.358	-4225.574	261.2155	0.9565551	0.288974	0.264917	0.432541	0.0135685	1.729211	2.045105
29952	-3956.97	-4218.752	261.7816	0.714888	0.318319	0.291818	0.356121	0.0337415	1.753699	1.815969
29958	-3957.911	-4219.83	261.9185	0.714888	0.442306	0.260146	0.261508	0.0360405	1.838403	1.660368
29964	-3938.644	-4200.473	261.8284	0.789308	0.267075	0.319204	0.320875	0.0928454	1.873855	1.643272
29970	-3951.731	-4213.958	262.2275	0.4008711	0.16249	0.538544	0.231874	0.0670928	1.875324	1.63934
29976	-3972.379	-4234.625	262.2463	0.3577383	0.173377	0.467166	0.274515	0.0849422	1.875324	1.650051
29982	-3960.532	-4222.653	262.1207	0.6487152	0.242077	0.410517	0.285978	0.061427	1.978086	1.460267
29988	-3944.266	-4206.603	262.3374	0.506475	0.273046	0.290145	0.408405	0.0284038	2.072181	1.33325
29994	-3955.877	-4218.429	262.5522	0.5004297	0.360266	0.300319	0.296426	0.0429888	2.226402	1.01578
30000	-3941.539	-4203.824	262.2847	0.7740075	0.347121	0.311099	0.321078	0.020702	2.259265	0.9635344
30006	-3950.305	-4212.282	261.9774	0.883718	0.383698	0.254395	0.35491	0.00699737	2.259265	1.147322
30012	-3968	-4229.982	261.9819	1.036641	0.279145	0.387939	0.323101	0.00981538	2.1238	1.126301
30018	-3966.365	-4228.399	262.034	0.7288827	0.363233	0.203566	0.420429	0.0127721	2.030021	1.421921
30024	-3949.12	-4210.726	261.6052	0.7761664	0.331458	0.273237	0.383651	0.0116548	1.916491	1.78058
30030	-3957.37	-4219.093	261.723	0.6763096	0.311587	0.290199	0.360651	0.0375636	1.774074	1.870229
30036	-3948.481	-4210.185	261.7038	0.6709856	0.30733	0.299896	0.355724	0.0370504	1.735652	1.91322
30042	-3960.917	-4222.973	262.0563	1.01235	0.393031	0.143159	0.446112	0.0176985	2.125659	1.078562
30048	-3950.713	-4212.815	262.1018	0.9047197	0.407209	0.148323	0.365142	0.0793264	2.125659	1.136295
30054	-3964.635	-4226.475	261.8403	0.8903045	0.382818	0.119791	0.390672	0.10672	2.076365	1.405353
30060	-3969.725	-4231.199	261.4747	1.141563	0.498928	0.154472	0.249658	0.0969407	2.035663	1.524002
30066	-3962.752	-4224.426	261.6745	1.241914	0.488068	0.186102	0.24864	0.0771907	1.953224	1.361475
30072	-3948.423	-4209.004	260.5814	1.222801	0.487715	0.0965206	0.278009	0.137755	1.618605	2.359176
30078	-3960.914	-4221.541	260.6268	1.261265	0.42633	0.164078	0.243019	0.166573	1.618605	2.307443
30084	-3960.673	-4222.393	261.72	1.184413	0.607218	0.0921294	0.246933	0.0537191	2.10611	1.244316
30090	-3962.874	-4224.801	261.9267	1.003843	0.365909	0.140816	0.377428	0.115847	2.075198	1.244316
30096	-3945.928	-4207.676	261.7477	0.835296	0.445848	0.208754	0.248944	0.096455	2.027889	1.554916
30102	-3943.925	-4205.782	261.8563	0.9600993	0.455595	0.210094	0.250542	0.0837697	2.001646	1.395674
30108	-3949.17	-4210.889	261.7191	1.09773	0.402397	0.273855	0.214555	0.109193	2.040324	1.365889
30114	-3958.458	-4220.436	261.9779	0.9172022	0.308133	0.209703	0.399379	0.0827846	1.961638	1.365889
30120	-3949.623	-4211.04	261.4173	1.03785	0.463124	0.25463	0.18143	0.100815	1.936135	1.710831
30126	-3939.609	-4200.724	261.1149	1.564443	0.525742	0.0292949	0.242012	0.202951	1.864966	1.63323
30132	-3935.72	-4196.888	261.1686	1.529949	0.487137	0.0106243	0.314189	0.188049	1.880332	1.604488
30138	-3953.125	-4214.31	261.1855	1.41481	0.624973	0.0252257	0.248384	0.101417	1.936098	1.624379
30144	-3955.267	-4216.681	261.4141	1.17398	0.528349	0.0776079	0.255884	0.138159	1.928389	1.624379
30150	-3946.675	-4208.093	261.418	1.634549	0.541443	0.0795313	0.325021	0.0540051	1.914131	1.321973
30156	-3955.325	-4215.672	260.3468	2.499005	0.591088	0.0286565	0.321298	0.0589569	1.874857	1.675101
30162	-3949.915	-4210.878	260.9624	0.9893372	0.671358	0.0192025	0.215134	0.0943056	1.808172	2.137873
30168	-3955.623	-4215.012	259.3885	2.404664	0.69141	0.0292396	0.167085	0.112265	1.61931	2.517477
30174	-3963.248	-4225.033	261.7855	0.710339	0.370924	0.192895	0.396249	0.039932	1.792013	1.790074
30180	-3961.789	-4223.354	261.5655	0.7248898	0.343207	0.267687	0.332125	0.056981	1.777554	1.93981
30186	-3963.129	-4224.882	261.7524	0.753448	0.515547	0.146075	0.324433	0.0139443	1.793117	1.780655
30192	-3957.44	-4219.033	261.5934	0.8384616	0.384851	0.28186	0.298344	0.0349446	1.793117	1.829001
30198	-3955.38	-4217.076	261.6957	0.9694158	0.408026	0.292623	0.268803	0.0305481	1.848725	1.623294
30204	-3943.519	-4205.159	261.6392	0.736265	0.417411	0.223379	0.314267	0.0449434	1.796844	1.868566
30210	-3958.671	-4220.455	261.7833	0.8254815	0.519879	0.205618	0.224641	0.0498624	1.863488	1.655922
30216	-3968.849	-4230.3	261.4503	1.060578	0.331862	0.225799	0.352897	0.0894417	1.933755	1.673229
30222	-3963.898	-4225.806	261.9076	0.6961491	0.361292	0.38229	0.198387	0.0580304	1.884934	1.649086
30228	-3961.901	-4223.995	262.094	0.7487557	0.500125	0.225939	0.23964	0.0342968	1.862097	1.488111
30234	-3957.582	-4219.411	261.8292	0.7787128	0.447387	0.373276	0.116069	0.0632684	1.888959	1.639827
30240	-3939.027	-4200.914	261.8869	0.780357	0.319238	0.311938	0.279252	0.0895716	1.920107	1.574124
30246	-3955.497	-4217.189	261.6922	0.8592968	0.349177	0.277081	0.358928	0.0148141	1.789172	1.74812
30252	-3966.612	-4228.662	262.0501	0.6580345	0.349177	0.277081	0.358928	0.0148141	1.836482	1.610365
30258	-3962.956	-4224.663	261.7061	0.7673459	0.436951	0.346733	0.204138	0.0121784	1.753579	1.829885
30264	-3954.964	-4216.585	261.6211	0.9339924	0.453505	0.127109	0.398059	0.0213274	1.849615	1.701622
30270	-3968.173	-4228.683	260.5095	1.448304	0.493179	0.147878	0.228238	0.130705	1.752098	2.188708
30276	-3969.981	-4230.88	260.8984	1.013105	0.406037	0.298443	0.187909	0.10761	1.770201	2.188708
30282	-3967.666	-4228.956	261.2895	0.8056285	0.427353	0.207958	0.298281	0.0664068	1.751693	2.08404
30288	-3962.625	-4224.307	261.6824	0.8403534	0.325867	0.155918	0.496372	0.0218431	1.838294	1.734381
30294	-3970.309	-4231.972	261.6627	0.9289894	0.432783	0.124275	0.395634	0.0473083	1.791137	1.717176
30300	-3961.304	-4223.113	261.8088	1.083502	0.509621	0.106308	0.285049	0.0990219	2.13488	1.227138
30306	-3951.994	-4213.865	261.8713	1.053455	0.445963	0.140363	0.273375	0.140299	2.133633	1.200133
30312	-3950.065	-4212.325	262.2594	0.787077	0.272134	0.259069	0.381683	0.0871139	2.178253	1.055304
30318	-3951.496	-4213.674	262.1774	0.8088288	0.510498	0.186964	0.270589	0.0319488	2.119468	1.162781
30324	-3955.841	-4217.798	261.9567	1.07139	0.467579	0.16807	0.358343	0.00600834	2.118277	1.123134
30330	-3947.427	-4209.07	261.6428	1.292014	0.522992	0.0699869	0.400309	0.00671199	2.198372	1.145055
30336	-3959.218	-4221.241	262.023	0.9574343	0.300457	0.551595	0.101653	0.046295	2.121187	1.162542
30342	-3952.15	-4214.145	261.9951	1.068024	0.560557	0.189471	0.152528	0.0974445	2.122381	1.087308
30348	-3958.258	-4220.906	262.6486	0.4544244	0.25331	0.366293	0.32828	0.0521168	2.142746	1.046777
30354	-3957.129	-4219.663	262.534	0.5186966	0.290858	0.272361	0.37694	0.0598419	2.091778	1.141215
30360	-3939.498	-4201.893	262.3953	0.6260568	0.306165	0.278619	0.376653	0.0385627	2.063335	1.189961
30366	-3943.005	-4205.195	262.1896	0.7193474	0.293837	0.288784	0.361487	0.0558915	2.166503	1.193228
30372	-3929.242	-4191.523	262.2812	0.7013962	0.314135	0.349295	0.29495	0.0416204	2.14745	1.146448
30378	-3935.889	-4197.86	261.9706	0.7662952	0.327716	0.366752	0.246582	0.0589498	1.971612	1.484647
30384	-3938.568	-4200.493	261.9243	0.9024469	0.404073	0.334164	0.224672	0.0370906	1.94859	1.429546
30390	-3944.599	-4206.529	261.9298	1.034558	0.399717	0.30947	0.248008	0.0428052	1.95764	1.31324
30396	-3955.687	-4217.657	261.9705	0.9599274	0.451568	0.172552	0.276722	0.0991579	1.939573	1.354888
30402	-3965.631	-4227.491	261.8602	1.010115	0.493317	0.130439	0.302305	0.0739381	1.999427	1.354888
30408	-3957.3	-4219.353	262.0528	0.9508262	0.562963	0.127701	0.212467	0.0968692	2.105974	1.155589
30414	-3957.004	-4219.103	262.0983	0.7956102	0.453155	0.275341	0.238656	0.0328485	2.141167	1.224164
30420	-3955.231	-4217.158	261.9263	0.9643018	0.442467	0.263246	0.280003	0.0142841	2.173769	1.194791
30426	-3959.538	-4221.853	262.3149	0.7161302	0.406317	0.240595	0.330261	0.022827	1.930171	1.289086
30432	-3943.568	-4205.779	262.2111	0.7207206	0.487438	0.20772	0.285134	0.0197079	2.051463	1.270707
30438	-3927.352	-4189.435	262.0832	0.8441271	0.412452	0.236309	0.324377	0.0268614	2.045041	1.274627
30444	-3941.284	-4203.653	262.3683	0.7652835	0.32671	0.300339	0.365778	0.00717334	2.106955	1.0413
30450	-3945.581	-4207.817	262.2352	0.68599	0.399243	0.252102	0.339889	0.0087659	2.106955	1.23516
30456	-3943.295	-4205.506	262.2113	0.68599	0.387379	0.34876	0.226788	0.0370729	2.106955	1.255057
30462	-3950.462	-4212.906	262.4447	0.6529364	0.476681	0.269266	0.232126	0.021927	2.080764	1.105609
30468	-3951.323	-4213.841	262.5177	0.6724639	0.371318	0.199087	0.409472	0.020124	2.093781	1.004087
30474	-3951.465	-4213.727	262.2621	0.7993406	0.470668	0.161573	0.332315	0.0354445	2.215454	1.004087
30480	-3954.068	-4216.247	262.1784	0.879739	0.515019	0.134112	0.275835	0.0750339	2.215454	1.004087
30486	-3949.583	-4211.955	262.372	0.6950953	0.36907	0.35206	0.227596	0.0512739	2.215454	1.004087
30492	-3955.801	-4218.389	262.5876	0.6241778	0.360821	0.347525	0.222431	0.0692226	2.204501	0.8644202
30498	-3949.255	-4211.657	262.4024	0.7341225	0.461011	0.150325	0.31927	0.0693939	2.207615	0.938296
30504	-3946.692	-4209.21	262.5175	0.6995667	0.477525	0.239972	0.246738	0.0357654	2.158467	0.9062235
30510	-3971.502	-4233.819	262.3178	0.4702669	0.418978	0.347698	0.217092	0.0162313	1.9206	1.493351
30516	-3960.934	-4222.399	261.4649	0.9289735	0.536167	0.140593	0.282309	0.0409312	1.792151	1.853868
30522	-3941.832	-4203.527	261.6954	0.6810385	0.268125	0.261645	0.34625	0.12398	1.89724	1.801098
30528	-3970.019	-4231.976	261.957	0.7922799	0.256235	0.294388	0.330895	0.118482	2.062408	1.404719
30534	-3947.321	-4209.547	262.2258	0.8068482	0.544802	0.220683	0.193178	0.0413368	2.082204	1.15481
30540	-3953.074	-4215.224	262.1502	0.7883647	0.368461	0.247908	0.303862	0.0797689	2.1047	1.217525
30546	-3949.798	-4212.103	262.3056	0.6412981	0.326448	0.259704	0.379791	0.0340577	2.1047	1.217525
30552	-3961.794	-4224.034	262.2401	0.6713895	0.425228	0.302133	0.249307	0.0233329	2.079439	1.266859
30558	-3966.296	-4228.692	262.3954	0.5790659	0.374618	0.316899	0.261771	0.0467128	2.021457	1.266859
30564	-3955.377	-4217.751	262.3738	0.5790659	0.290704	0.367997	0.287055	0.054245	2.042997	1.266859
30570	-3961.852	-4224.436	262.5836	0.517188	0.299543	0.255972	0.388562	0.0559239	2.107705	1.083073
30576	-3951.146	-4213.613	262.4665	0.6362828	0.325922	0.241435	0.366496	0.0661469	2.16374	1.023367
30582	-3942.148	-4204.676	262.5277	0.5670179	0.363841	0.309864	0.278719	0.0475756	2.20756	0.9912311
30588	-3965.798	-4228.222	262.4238	0.6737197	0.308871	0.345715	0.310967	0.0344464	2.235987	0.9533426
30594	-3959.327	-4221.516	262.189	0.7754053	0.29544	0.298419	0.269026	0.137115	2.289989	1.027353
30600	-3963.165	-4225.627	262.4617	0.5570503	0.334994	0.338372	0.305043	0.02159	2.226495	1.047581
30606	-3946.996	-4209.384	262.3878	0.6632829	0.285351	0.385292	0.314333	0.0150247	2.200444	1.036419
30612	-3956.672	-4218.936	262.264	0.6957935	0.422731	0.286182	0.18197	0.109117	2.157756	1.157806
30618	-3967.021	-4229.582	262.5609	0.6254354	0.27623	0.288602	0.308537	0.126631	2.186113	0.9144754
30624	-3961.598	-4224.051	262.4524	0.6254354	0.213065	0.451275	0.237985	0.0976749	2.186113	1.026508
30630	-3945.747	-4208.025	262.2786	0.7964165	0.259405	0.549422	0.143637	0.0475363	2.204829	1.001198
30636	-3947.08	-4209.549	262.4689	0.5826585	0.220051	0.386096	0.308992	0.0848618	2.273357	0.967498
30642	-3953.015	-4215.624	262.6083	0.513399	0.250766	0.375682	0.293065	0.0804876	2.221691	0.9502076
30648	-3955.491	-4217.932	262.4408	0.5402716	0.281623	0.42191	0.244292	0.0521747	2.264287	1.047976
30654	-3949.333	-4211.898	262.565	0.5402716	0.281623	0.42191	0.244292	0.0521747	2.268867	0.9165904
30660	-3957.527	-4220.072	262.5453	0.5370441	0.0973857	0.674556	0.224834	0.00322527	2.337305	0.8648653
30666	-3959.227	-4221.437	262.21	0.7431546	0.332736	0.220344	0.427703	0.0192168	2.337305	0.9934305
30672	-3964.908	-4227.273	262.3659	0.7337891	0.295349	0.382865	0.298898	0.0228878	2.312625	0.86153
30678	-3958.228	-4220.478	262.2501	0.7222249	0.411926	0.24643	0.306599	0.0350451	2.341746	0.9706029
30684	-3959.379	-4221.761	262.3825	0.6500153	0.230588	0.301644	0.43566	0.032108	2.438509	0.7935416
30690	-3972.06	-4234.286	262.226	0.8756023	0.216757	0.283552	0.409529	0.0901617	2.391537	0.7455924
30696	-3954.782	-4217.126	262.3443	0.6255187	0.253787	0.285739	0.312952	0.147523	2.539315	0.7407414
30702	-3965.53	-4227.622	262.092	0.9488213	0.485123	0.209088	0.171024	0.134764	2.290492	0.9432043
30708	-3948.255	-4210.524	262.2688	0.8141109	0.330823	0.374844	0.276784	0.0175494	2.286124	0.9065251
30714	-3959.276	-4221.194	261.9175	1.12842	0.401105	0.187141	0.36381	0.0479436	2.26144	0.9703269
30720	-3965.081	-4227.106	262.0248	1.075423	0.325904	0.196662	0.38232	0.0951146	2.383992	0.7570132
30726	-3945.005	-4207.231	262.2255	0.7922039	0.182607	0.562755	0.218491	0.0361472	2.453615	0.7820369
30732	-3953.962	-4216.419	262.4565	0.5890543	0.163363	0.50685	0.302593	0.0271944	2.539256	0.5905661
30738	-3958.686	-4221.069	262.3833	0.7102722	0.175996	0.425996	0.306987	0.0910204	2.421079	0.7243444
30744	-3955.745	-4218.275	262.5298	0.6157527	0.340229	0.26601	0.28228	0.111481	2.319274	0.8044456
30750	-3957.176	-4219.725	262.5486	0.5679126	0.273638	0.393472	0.238642	0.0942474	2.261027	0.9118175
30756	-3951.766	-4214.101	262.3348	0.7611094	0.312974	0.311131	0.360067	0.0158282	2.169011	1.017786
30762	-3952.805	-4215.152	262.3468	0.7640996	0.369821	0.285387	0.330274	0.0145186	2.233863	0.9358603
30768	-3944.834	-4207.311	262.4766	0.6479191	0.33766	0.273424	0.377638	0.0112779	2.194034	0.970492
30774	-3957.178	-4219.582	262.4038	0.673452	0.269624	0.218723	0.498379	0.0132734	2.304155	0.9013565
30780	-3966.945	-4229.385	262.44	0.6520118	0.377959	0.269899	0.308208	0.0439337	2.304155	0.8860462
30786	-3955.525	-4218.094	262.5689	0.5431071	0.23939	0.40009	0.22745	0.13307	2.289307	0.8860462
30792	-3958.904	-4221.341	262.4372	0.6604198	0.3417	0.38945	0.206389	0.0624605	2.3692	0.798437
30798	-3952.894	-4215.369	262.475	0.6604198	0.431841	0.25104	0.238182	0.0789376	2.363402	0.7533702
30804	-3948.25	-4210.529	262.2788	0.7437161	0.473772	0.250945	0.20676	0.0685237	2.412981	0.8325129
30810	-3952.66	-4214.822	262.1623	0.8989705	0.428899	0.355269	0.150811	0.0650207	2.260782	0.954007
30816	-3943.218	-4205.475	262.2569	0.7792361	0.345475	0.359425	0.257568	0.0375323	2.27013	0.9753914
30822	-3945.447	-4207.436	261.989	0.968474	0.325704	0.364701	0.242827	0.0667683	2.256869	1.059855
30828	-3935.364	-4197.556	262.1914	0.7020914	0.231947	0.326353	0.381952	0.0597477	2.161952	1.211241
30834	-3952.087	-4214.247	262.1596	0.703154	0.257806	0.418558	0.257227	0.0664088	1.951222	1.406791
30840	-3941.751	-4203.762	262.0108	0.7752701	0.25416	0.392079	0.281171	0.0725902	1.936714	1.47352
30846	-3950.05	-4212.146	262.0963	0.623116	0.172765	0.439615	0.354609	0.0330113	2.012127	1.47352
30852	-3943.347	-4205.633	262.2863	0.6145657	0.229401	0.4046	0.326364	0.0396345	2.024329	1.323072
30858	-3943.601	-4205.795	262.1932	0.7099763	0.26726	0.2804	0.398327	0.0540126	2.121921	1.236512
30864	-3948.29	-4210.294	262.0036	0.7099763	0.394402	0.387747	0.151512	0.0663391	2.0886	1.415587
30870	-3944.359	-4206.079	261.7209	0.868818	0.346107	0.340267	0.25541	0.0582158	1.972525	1.589715
30876	-3960.23	-4222.03	261.7991	0.868818	0.368712	0.180229	0.252629	0.19843	1.98693	1.521477
30882	-3965.634	-4227.044	261.4105	0.9263695	0.171778	0.347843	0.34336	0.137019	1.867938	1.841028
30888	-3946.744	-4208.489	261.7442	0.676215	0.259096	0.389371	0.251265	0.100268	1.773888	1.855929
30894	-3954.781	-4216.253	261.4724	0.9104605	0.312752	0.470005	0.082786	0.134457	1.773888	1.874153
30900	-3969.999	-4231.15	261.1503	0.9076286	0.30325	0.299253	0.287436	0.11006	1.530048	2.24996
30906	-3968.341	-4228.619	260.278	1.067443	0.36678	0.193518	0.347652	0.0920499	1.581137	2.665045
30912	-3960.306	-4221.555	261.249	0.7450412	0.409158	0.215877	0.272279	0.102685	1.597203	2.25222
30918	-3961.695	-4223.699	262.0038	0.5101458	0.358612	0.189209	0.238643	0.213537	1.770416	1.798853
30924	-3966.993	-4228.949	261.9565	0.6171814	0.199388	0.605548	0.132685	0.0623786	1.744073	1.773066
30930	-3956.052	-4218.364	262.3117	0.6171814	0.248256	0.539181	0.182665	0.0298987	2.020768	1.303212
30936	-3949.914	-4212.177	262.2626	0.7812052	0.411838	0.143694	0.385253	0.0592145	2.088843	1.140211
30942	-3956.959	-4218.664	261.7055	1.293219	0.392792	0.0598929	0.432834	0.11448	2.020044	1.243598
30948	-3957.166	-4218.389	261.2221	1.499063	0.367234	0.346159	0.254395	0.0322121	1.869237	1.592881
30954	-3958.058	-4218.637	260.5787	1.182755	0.523102	0.193886	0.157732	0.125279	1.687954	2.340812
30960	-3960.685	-4222.243	261.5584	1.188239	0.472426	0.220798	0.180201	0.126574	1.875792	1.547481
30966	-3963.463	-4224.932	261.4694	1.111686	0.288559	0.393731	0.239021	0.0786883	1.875792	1.665323
30972	-3957.651	-4219.568	261.9165	0.7154691	0.285889	0.434646	0.217172	0.0622925	1.727232	1.740103
30978	-3946.235	-4207.541	261.3064	1.013615	0.31698	0.328269	0.250661	0.10409	1.839331	1.871664
30984	-3949.571	-4211.47	261.8989	0.7075034	0.397757	0.131756	0.335309	0.135178	1.904921	1.632277
30990	-3952.054	-4213.608	261.5543	1.033556	0.465507	0.222148	0.26576	0.0465848	1.885223	1.65264
30996	-3943.894	-4205.729	261.8355	0.7748155	0.224163	0.435546	0.294698	0.0455938	1.864064	1.656175
31002	-3951.687	-4213.618	261.9303	0.7235075	0.327692	0.351956	0.258558	0.0617945	1.946535	1.566851
31008	-3957.402	-4218.979	261.5772	0.7932171	0.304916	0.402261	0.246894	0.0459287	1.854292	1.830548
31014	-3968.157	-4227.906	259.7488	1.010749	0.392271	0.211584	0.237031	0.159113	1.359993	3.152211
31020	-3959.137	-4218.703	259.5653	0.9073718	0.637943	0.067337	0.172949	0.121771	1.424112	3.284753
31026	-3968.775	-4228.778	260.0033	1.014599	0.287353	0.407357	0.232893	0.0723972	1.475594	2.928391
31032	-3964.378	-4223.736	259.3576	0.8392678	0.311921	0.442186	0.143313	0.102579	1.541417	3.379289
31038	-3947.643	-4207.953	260.3104	0.6656229	0.215223	0.341596	0.368183	0.0749972	1.48285	2.956854
31044	-3940.794	-4201.441	260.6475	0.6207297	0.249992	0.250959	0.429524	0.0695252	1.526197	2.754989
31050	-3955.891	-4216.983	261.0922	0.6098659	0.293215	0.309156	0.357247	0.0403819	1.575116	2.456571
31056	-3947.733	-4209.083	261.3496	0.7114528	0.257204	0.45744	0.249934	0.0354223	1.586277	2.217317
31062	-3952.098	-4213.077	260.9794	1.022409	0.29038	0.24556	0.378845	0.0852156	1.711985	2.167934
31068	-3949.422	-4210.438	261.0161	1.030526	0.402966	0.193639	0.28514	0.118255	1.634907	2.188893
31074	-3954.274	-4215.384	261.1092	0.8382841	0.448091	0.232008	0.303688	0.0162131	1.628583	2.259018
31080	-3952.47	-4213.556	261.0854	0.7245078	0.511016	0.263025	0.210129	0.0158301	1.601306	2.367862
31086	-3943.015	-4203.822	260.8064	0.9935288	0.610059	0.11396	0.257083	0.0188982	1.614144	2.360224
31092	-3943.917	-4204.264	260.3472	0.9088999	0.521956	0.160807	0.283159	0.0340768	1.611231	2.701751
31098	-3944.133	-4204.879	260.7462	0.8295532	0.368608	0.295818	0.296592	0.0389823	1.670493	2.468461
31104	-3945.14	-4206.064	260.9243	0.8233407	0.435836	0.29389	0.202223	0.0680504	1.610723	2.398087
31110	-3949.346	-4209.749	260.4035	0.741439	0.409381	0.300374	0.275938	0.0143062	1.544353	2.814818
31116	-3947.708	-4207.865	260.1572	0.8908008	0.420652	0.15849	0.400114	0.0207443	1.634649	2.814818
31122	-3947.095	-4208.062	260.9669	0.951627	0.395823	0.154203	0.42979	0.0201831	1.641428	2.267408
31128	-3934.086	-4195.058	260.9712	0.8969965	0.44016	0.152733	0.379778	0.0273293	1.657439	2.290058
31134	-3949.912	-4210.067	260.1552	1.267273	0.500519	0.113224	0.281538	0.104718	1.608257	2.606589
31140	-3940.349	-4200.992	260.6439	1.267273	0.538989	0.121927	0.220063	0.119022	1.646531	2.275099
31146	-3946.902	-4207.916	261.0136	1.010551	0.513615	0.193212	0.193624	0.0995493	1.730692	2.141156
31152	-3946.935	-4207.352	260.417	1.289923	0.619707	0.0265612	0.233619	0.120112	1.743002	2.345033
31158	-3961.88	-4223.19	261.3098	1.044006	0.424605	0.182694	0.31899	0.073711	1.806314	1.87128
31164	-3950.196	-4211.575	261.3781	1.020422	0.40051	0.172327	0.357635	0.0695281	1.761382	1.87128
31170	-3940.684	-4202.12	261.4359	0.8496558	0.507189	0.164415	0.232533	0.0958621	1.877258	1.87128
31176	-3951.825	-4213.393	261.5682	0.7589546	0.246449	0.491441	0.120191	0.141919	1.768963	1.919443
31182	-3950.85	-4212.288	261.4375	0.6898247	0.525218	0.219027	0.180319	0.075436	1.719217	2.08844
31188	-3946.372	-4207.666	261.294	0.6885098	0.280651	0.434529	0.217195	0.0676249	1.746533	2.165322
31194	-3960.05	-4221.864	261.8142	0.5789605	0.312702	0.377549	0.232842	0.0769063	1.746533	1.896798
31200	-3960.094	-4221.502	261.4073	0.8515555	0.288192	0.381244	0.290478	0.040086	1.77028	1.961688
31206	-3964.349	-4225.832	261.4833	0.8521757	0.288281	0.392927	0.290568	0.0282235	1.761381	1.916012
31212	-3966.913	-4228.776	261.8625	0.8808403	0.284946	0.388381	0.245316	0.081357	1.819665	1.588852
31218	-3971.505	-4233.193	261.6876	0.5867411	0.335814	0.319452	0.289109	0.0556248	1.767366	1.962633
31224	-3962.176	-4223.664	261.4878	0.8177282	0.368291	0.286833	0.246793	0.098084	1.803197	1.90894
31230	-3967.847	-4229.814	261.9671	0.8177282	0.390517	0.2138	0.322572	0.0731101	1.989526	1.432655
31236	-3964.26	-4226.447	262.1872	0.7499467	0.390517	0.2138	0.322572	0.0731101	2.015011	1.294922
31242	-3973.662	-4235.641	261.9792	0.8729762	0.391308	0.190791	0.323226	0.0946746	2.008861	1.363506
31248	-3963.813	-4225.872	262.059	0.8515471	0.339996	0.206875	0.350474	0.102656	1.896786	1.4061
31254	-3942.948	-4204.748	261.8002	0.8730345	0.504115	0.156308	0.264806	0.0747712	1.919866	1.567002
31260	-3944.431	-4205.53	261.0983	1.170031	0.418396	0.0327558	0.427998	0.12085	1.742387	1.974801
31266	-3940.977	-4202.383	261.4061	0.9738477	0.498186	0.098605	0.337147	0.0660621	1.825202	1.840333
31272	-3943.393	-4204.777	261.3836	0.9738477	0.593408	0.147848	0.175425	0.0833191	1.880636	1.817673
31278	-3937.616	-4199.393	261.7769	0.9395572	0.427405	0.236077	0.219202	0.117315	1.902006	1.547095
31284	-3959.133	-4219.972	260.8388	0.9882558	0.402923	0.285679	0.212959	0.0984391	1.732943	2.267179
31290	-3961.331	-4222.4	261.0691	0.9882558	0.289415	0.264454	0.355005	0.0911254	1.761589	2.099237
31296	-3960.586	-4221.26	260.6737	1.118723	0.452269	0.301821	0.1567	0.0892101	1.73952	2.286385
31302	-3940.297	-4201.631	261.3343	0.743874	0.269177	0.366019	0.298819	0.0659855	1.750932	2.097818
31308	-3940.553	-4202.024	261.4714	0.7621439	0.407557	0.244006	0.315248	0.0331883	1.790136	1.968111
31314	-3940.537	-4201.965	261.4275	0.7275215	0.313615	0.391685	0.267168	0.0275317	1.75163	2.047334
31320	-3948.961	-4210.422	261.4612	0.7450413	0.297644	0.433888	0.241416	0.0270528	1.789129	1.98766
31326	-3954.415	-4215.204	260.79	1.074442	0.354682	0.229279	0.323699	0.0923408	1.842246	2.173008
31332	-3949.65	-4210.937	261.2876	0.7902981	0.355535	0.315177	0.271824	0.0574629	1.686785	2.138384
31338	-3953.016	-4214.645	261.6291	0.7184235	0.324125	0.330941	0.247809	0.0971243	1.77531	1.90293
31344	-3946.47	-4207.86	261.3903	0.8242867	0.342302	0.277404	0.276721	0.103573	1.76775	1.99371
31350	-3946.129	-4207.483	261.3542	0.7978652	0.378622	0.264898	0.243059	0.11342	1.76775	2.036108
31356	-3943.665	-4205.048	261.3831	0.8712951	0.31391	0.281358	0.275959	0.128772	1.76775	1.965871
31362	-3946.39	-4208.155	261.7649	0.6797351	0.378608	0.312664	0.211731	0.0969964	1.855984	1.782527
31368	-3941.031	-4202.913	261.8811	0.6914814	0.274292	0.405124	0.219863	0.100721	1.83428	1.707529
31374	-3949.152	-4210.788	261.636	0.8166823	0.370684	0.327265	0.27207	0.029981	1.867101	1.763975
31380	-3939.469	-4201.456	261.9866	0.7925378	0.399068	0.352324	0.196895	0.0517125	1.952822	1.465898
31386	-3943.315	-4205.133	261.8187	0.5876433	0.281375	0.339707	0.340061	0.0388573	1.750164	1.885107
31392	-3953.796	-4215.488	261.6915	0.4638964	0.441186	0.291242	0.232473	0.0350981	1.742687	2.059153
31398	-3944.765	-4206.21	261.4449	0.7157335	0.356712	0.266276	0.346788	0.0302232	1.697267	2.079979
31404	-3946.28	-4207.707	261.427	0.9192467	0.473345	0.138268	0.357438	0.030948	1.712017	1.940748
31410	-3950.043	-4211.262	261.2186	1.093488	0.534024	0.0918354	0.326079	0.0480616	1.901387	1.835407
31416	-3929.24	-4190.722	261.4828	0.8545387	0.458824	0.262222	0.216679	0.0622748	1.902212	1.818559
31422	-3944.242	-4205.906	261.6638	0.7777672	0.478064	0.13216	0.274322	0.115454	1.888063	1.758397
31428	-3936.547	-4198.193	261.6457	0.8389985	0.383454	0.172341	0.351129	0.0930758	1.939145	1.690015
31434	-3950.223	-4211.755	261.5325	0.9492278	0.324698	0.228731	0.366598	0.0799732	1.939145	1.690015
31440	-3962.611	-4224.216	261.6054	0.8292401	0.492652	0.197283	0.261022	0.0490434	1.953766	1.715391
31446	-3957.903	-4219.585	261.6821	0.8292401	0.555342	0.168286	0.246198	0.0301737	1.834021	1.745691
31452	-3953.402	-4214.741	261.3396	0.8292401	0.280156	0.232347	0.40787	0.0796269	1.836405	1.978304
31458	-3951.21	-4212.615	261.4045	0.8991374	0.563381	0.128593	0.222503	0.0855231	1.813505	1.901286
31464	-3951.927	-4213.401	261.4743	0.8927604	0.543758	0.124114	0.276716	0.055412	1.798484	1.868438
31470	-3954.914	-4216.228	261.314	0.9942809	0.547294	0.124921	0.260691	0.0670936	1.871209	1.857873
31476	-3962.178	-4223.39	261.2125	0.8397124	0.400901	0.181899	0.361932	0.0552686	1.815115	2.069606
31482	-3951.384	-4212.646	261.2618	0.9085269	0.468472	0.155978	0.237517	0.138032	1.812248	1.991677
31488	-3947.726	-4209.277	261.5507	0.7273943	0.303277	0.224668	0.355211	0.116844	1.791063	1.938885
31494	-3952.485	-4213.806	261.3218	0.7470985	0.332375	0.40129	0.173975	0.09236	1.795959	2.074182
31500	-3959.628	-4221.268	261.6393	0.9733373	0.454087	0.112989	0.248039	0.184885	1.879723	1.638718
31506	-3963.331	-4224.545	261.2138	0.9733373	0.499461	0.14785	0.272824	0.0798652	1.796134	1.990501
31512	-3958.902	-4220.124	261.2214	0.9733373	0.413814	0.243072	0.315334	0.0277804	1.794575	1.986452
31518	-3957.937	-4219.355	261.4181	0.7556234	0.437911	0.257226	0.211378	0.093484	1.775675	2.017927
31524	-3942.707	-4204.591	261.8837	0.8266608	0.366128	0.229493	0.340493	0.0638867	1.920633	1.540368
31530	-3939.407	-4201.317	261.9105	0.6718852	0.436261	0.15362	0.348765	0.0613537	1.931435	1.632045
31536	-3942.105	-4203.508	261.4034	0.8492746	0.442528	0.160201	0.353775	0.0434955	1.866532	1.900994
31542	-3953.83	-4215.367	261.5364	0.9469555	0.425628	0.188846	0.358214	0.0273114	1.887664	1.725288
31548	-3949.586	-4211.266	261.6803	0.7540307	0.335741	0.229706	0.422281	0.0122719	1.893753	1.760389
31554	-3941.276	-4203.076	261.7998	0.6577453	0.534294	0.179541	0.268957	0.0172075	1.876163	1.760389
31560	-3937.024	-4198.724	261.7003	0.6798403	0.460694	0.202797	0.310744	0.0257646	1.868674	1.818384
31566	-3937.569	-4199.398	261.8287	0.725845	0.376776	0.186866	0.415287	0.0210714	1.833252	1.719573
31572	-3939.26	-4200.573	261.3132	0.962454	0.462151	0.156921	0.348738	0.0321906	1.824942	1.911671
31578	-3935.791	-4197.101	261.3105	0.7846714	0.45081	0.15307	0.34018	0.05594	1.773564	2.070283
31584	-3952.122	-4213.718	261.5966	0.8404747	0.279366	0.302032	0.369776	0.0488256	1.851713	1.784845
31590	-3950.39	-4211.201	260.8101	1.261006	0.502941	0.0680626	0.341096	0.0879005	1.815694	2.060846
31596	-3955.441	-4216.948	261.5063	0.7433941	0.430448	0.237349	0.240387	0.0918169	1.72542	2.001286
31602	-3972.043	-4233.73	261.6871	0.7647548	0.462891	0.255238	0.234802	0.0470693	1.878602	1.758303
31608	-3943.943	-4205.773	261.8303	0.7101934	0.413877	0.312207	0.174363	0.0995532	1.816066	1.742168
31614	-3950.169	-4211.415	261.2458	0.8572352	0.322172	0.431252	0.195366	0.0512102	1.774404	2.062448
31620	-3975.84	-4237.574	261.7336	0.9630727	0.504817	0.232831	0.152025	0.110327	1.952693	1.523979
31626	-3976.5	-4238.496	261.9969	0.8179162	0.327796	0.321105	0.249724	0.101376	1.968557	1.425679
31632	-3947.678	-4209.126	261.4487	0.8150681	0.492706	0.145861	0.330877	0.0305559	1.824948	1.922606
31638	-3952.499	-4213.315	260.8167	1.406297	0.542956	0.171978	0.260791	0.0242743	1.841208	1.951795
31644	-3967.627	-4228.787	261.1595	1.248416	0.523282	0.165746	0.271327	0.0396447	1.792011	1.849817
31650	-3942.756	-4204.732	261.9764	0.7778466	0.512428	0.162308	0.295632	0.0296323	1.882626	1.53773
31656	-3946.972	-4208.522	261.5496	1.010796	0.516886	0.0930878	0.343621	0.0464056	1.766409	1.756031
31662	-3959.518	-4221.124	261.6064	0.6426964	0.217786	0.293674	0.392803	0.0957376	1.713395	2.013591
31668	-3955.191	-4216.668	261.4775	0.8609972	0.311072	0.259157	0.346635	0.0831362	1.787222	1.896234
31674	-3957.199	-4219.352	262.1536	0.5962945	0.203406	0.448242	0.196745	0.151606	2.02405	1.442298
31680	-3950.882	-4213.181	262.2999	0.6299922	0.203412	0.448256	0.196722	0.151611	1.950322	1.358204
31686	-3955.065	-4217.193	262.1278	0.6711056	0.157249	0.443693	0.281855	0.117203	2.031717	1.395289
31692	-3944.478	-4206.709	262.2308	0.7005825	0.293142	0.272734	0.239558	0.194566	2.101462	1.230446
31698	-3941.94	-4204.135	262.1948	0.7438573	0.308027	0.416179	0.214863	0.0609302	2.068964	1.249512
31704	-3944.102	-4206.259	262.1571	0.7438573	0.361854	0.41972	0.149528	0.0688981	2.11834	1.239738
31710	-3946.967	-4209.267	262.3008	0.6037811	0.16589	0.424736	0.393795	0.0155793	2.16433	1.20454
31716	-3949.451	-4211.89	262.4392	0.5118148	0.267106	0.293786	0.422396	0.0167109	2.158389	1.172133
31722	-3962.023	-4224.133	262.11	0.8067801	0.311866	0.306853	0.307928	0.0733537	2.084403	1.252132
31728	-3958.547	-4220.775	262.2284	0.7729935	0.445758	0.374857	0.131832	0.0475539	2.049234	1.21191
31734	-3956.397	-4218.393	261.9959	0.8978592	0.4936	0.136973	0.355458	0.0139688	2.049234	1.29725
31740	-3953.342	-4215.186	261.8447	1.004465	0.42388	0.160247	0.403962	0.0119105	2.030906	1.346731
31746	-3961.462	-4223.689	262.2266	0.6844766	0.27591	0.347437	0.368456	0.0081958	2.088845	1.258733
31752	-3956.927	-4219.131	262.2039	0.7533577	0.336962	0.424316	0.228712	0.0100093	2.120827	1.189266
31758	-3962.094	-4224.362	262.2686	0.7290383	0.451646	0.172299	0.340642	0.0354136	2.093333	1.179363
31764	-3944.427	-4206.438	262.0112	0.8268366	0.329984	0.394145	0.249997	0.0258741	2.090947	1.310588
31770	-3952.03	-4213.936	261.9052	0.8700654	0.356532	0.374051	0.200008	0.069409	2.051384	1.390512
31776	-3954.947	-4217.128	262.1811	0.5940354	0.362524	0.357788	0.209113	0.0705755	1.886949	1.526713
31782	-3951.668	-4213.945	262.2769	0.4679376	0.251119	0.512499	0.123103	0.113278	1.831233	1.591396
31788	-3954.22	-4215.978	261.7583	0.7297691	0.276666	0.43653	0.162001	0.124802	1.857255	1.749232
31794	-3960.083	-4222.057	261.9734	0.7941523	0.338103	0.399453	0.148241	0.114202	1.945073	1.48045
31800	-3960.339	-4222.138	261.7991	0.7215879	0.409589	0.356231	0.147558	0.0866222	2.008116	1.619114
31806	-3959.074	-4221.316	262.2424	0.6967995	0.309136	0.268865	0.403025	0.0189747	2.019567	1.292028
31812	-3951.205	-4213.139	261.9341	0.7478212	0.500658	0.275417	0.20299	0.0209346	2.007999	1.49938
31818	-3960.134	-4222.1	261.9669	0.7478212	0.395794	0.321362	0.201922	0.0809218	2.018068	1.467031
31824	-3945.599	-4207.665	262.0655	0.7079293	0.41953	0.285888	0.210125	0.0844573	1.961625	1.467031
31830	-3956.85	-4218.848	261.9987	0.734666	0.543206	0.199487	0.188639	0.0686676	2.03158	1.443131
31836	-3947.369	-4209.408	262.0397	0.5088253	0.138566	0.416463	0.327204	0.117768	1.898626	1.684672
31842	-3941.2	-4202.709	261.5086	0.7782024	0.410184	0.209725	0.282333	0.0977578	1.784645	1.935417
31848	-3945.499	-4206.695	261.1965	0.9267996	0.396528	0.236035	0.272934	0.0945032	1.804986	2.027547
31854	-3944.296	-4205.418	261.1219	0.9637145	0.499726	0.206748	0.174428	0.119098	1.75589	2.084537
31860	-3956.832	-4217.681	260.8488	0.9655916	0.287747	0.218684	0.351753	0.141816	1.751244	2.263663
31866	-3947.968	-4208.796	260.8285	0.9655916	0.290752	0.155593	0.394574	0.15908	1.771488	2.263663
31872	-3942.157	-4203.192	261.0357	0.8418309	0.319534	0.170995	0.433633	0.0758377	1.827895	2.175439
31878	-3935.036	-4196.763	261.7272	0.7417201	0.398318	0.205123	0.362792	0.0337677	1.848279	1.768451
31884	-3940.266	-4201.777	261.5107	0.8277467	0.353961	0.28637	0.322391	0.037277	1.888717	1.82779
31890	-3952.414	-4214.325	261.9115	0.7175281	0.349228	0.35749	0.274949	0.0183322	1.974966	1.564439
31896	-3959.888	-4221.159	261.2716	1.144633	0.24975	0.35316	0.370165	0.0269246	1.988302	1.70344
31902	-3966.612	-4228.753	262.1409	0.7093256	0.270629	0.387583	0.336201	0.00558674	1.962991	1.40705
31908	-3961.753	-4223.699	261.9468	0.7508673	0.240875	0.447757	0.309644	0.0017242	2.026285	1.473594
31914	-3929.486	-4191.572	262.0861	0.7082816	0.348169	0.259909	0.389341	0.00258193	2.038033	1.392185
31920	-3935.903	-4198.111	262.2077	0.7130024	0.382553	0.167634	0.446747	0.00306647	2.082694	1.254475
31926	-3942.719	-4205.049	262.3294	0.5979101	0.336257	0.331914	0.326556	0.0052725	2.082694	1.254475
31932	-3943.212	-4205.518	262.3057	0.6447136	0.297947	0.339762	0.339214	0.0230765	2.082694	1.232972
31938	-3960.438	-4222.424	261.9859	0.9146016	0.406239	0.192838	0.382712	0.0182117	2.082694	1.263855
31944	-3950.373	-4212.372	261.9987	0.8117411	0.433401	0.138869	0.408301	0.0194293	1.845685	1.522222
31950	-3943.068	-4204.961	261.8927	0.8179793	0.218458	0.424636	0.332399	0.0245075	1.920916	1.540223
31956	-3942.336	-4204.572	262.2352	0.6236397	0.404302	0.235764	0.335219	0.0247154	1.911277	1.444155
31962	-3951.346	-4213.476	262.1293	0.735207	0.331002	0.368389	0.279968	0.0206418	1.878821	1.459573
31968	-3949.381	-4211.286	261.9056	0.7391693	0.263601	0.266599	0.454219	0.0155807	1.850508	1.64256
31974	-3959.32	-4221.818	262.4982	0.6590347	0.33335	0.251282	0.356862	0.0585071	2.300498	0.810466
31980	-3952.837	-4215.341	262.5044	0.6590347	0.307486	0.272643	0.36073	0.0591413	2.251761	0.8633847
31986	-3955.53	-4217.956	262.4263	0.6590347	0.350463	0.170981	0.411148	0.0674074	2.269494	0.9315972
31992	-3962.766	-4225.13	262.364	0.7144004	0.433335	0.211412	0.271906	0.0833468	2.273131	0.9315972
31998	-3958.45	-4220.843	262.3933	0.7102664	0.491395	0.239738	0.174352	0.094514	2.262272	0.9162175
32004	-3955.849	-4217.981	262.1317	0.7487479	0.297012	0.443191	0.222617	0.03718	2.026057	1.331832
32010	-3958.394	-4220.888	262.4933	0.5210444	0.14006	0.418549	0.412475	0.0289159	2.072169	1.191894
32016	-3948.767	-4211.254	262.4864	0.5625017	0.228336	0.4752	0.255629	0.0408356	2.14309	1.097277
32022	-3944.796	-4207.17	262.3738	0.5988887	0.214626	0.395071	0.356353	0.0339499	2.14309	1.164227
32028	-3966.594	-4228.948	262.3545	0.5895142	0.159405	0.386526	0.420854	0.0332155	1.996188	1.31197
32034	-3960.778	-4223.28	262.5028	0.4865448	0.163263	0.500511	0.295468	0.0407575	2.089637	1.198322
32040	-3950.624	-4212.997	262.3725	0.6343891	0.276159	0.589744	0.129696	0.00440116	2.067674	1.198322
32046	-3944.29	-4206.807	262.5178	0.5978237	0.292348	0.372244	0.33263	0.002778	2.126875	1.048596
32052	-3961.788	-4224.291	262.5033	0.5756529	0.214366	0.478935	0.288705	0.0179939	2.19538	1.018734
32058	-3974.334	-4236.885	262.5509	0.6119156	0.138242	0.440256	0.392307	0.0291946	2.188552	0.9381664
32064	-3951.509	-4213.883	262.3741	0.6722944	0.315866	0.288032	0.366628	0.0294741	2.295253	0.9448398
32070	-3956.339	-4218.748	262.409	0.6722944	0.261371	0.429543	0.303375	0.00571084	2.274876	0.9292858
32076	-3961.236	-4223.754	262.5177	0.5969636	0.225233	0.457689	0.31122	0.0058585	2.274876	0.8970184
32082	-3969.554	-4232.041	262.4877	0.5750366	0.279323	0.272935	0.353669	0.0940728	2.349026	0.8726072
32088	-3976.885	-4239.408	262.5238	0.6664483	0.313098	0.368755	0.251303	0.0668443	2.270884	0.8054677
32094	-3963.489	-4225.911	262.4223	0.6664483	0.317437	0.373866	0.240926	0.0677707	2.340725	0.8455726
32100	-3960.648	-4222.979	262.3308	0.811034	0.250433	0.417591	0.28494	0.0470368	2.340725	0.7648902
32106	-3956.643	-4219.199	262.556	0.6194743	0.200423	0.507347	0.17669	0.11554	2.301131	0.7883602
32112	-3960.274	-4222.599	262.3247	0.7804487	0.127545	0.617133	0.195723	0.0595984	2.380537	0.7625275
32118	-3958.577	-4220.936	262.3583	0.7441057	0.299551	0.321916	0.238561	0.139972	2.386703	0.7603817
32124	-3961.436	-4223.887	262.4512	0.6476756	0.497667	0.155214	0.316127	0.030992	2.336048	0.8403176
32130	-3941.128	-4203.497	262.369	0.7489786	0.400456	0.38013	0.206267	0.0131472	2.368992	0.7631721
32136	-3935.928	-4198.141	262.2135	0.8617877	0.305526	0.452638	0.226521	0.0153147	2.429346	0.7284009
32142	-3941.33	-4203.778	262.448	0.6918804	0.324174	0.34271	0.219846	0.113269	2.373242	0.7284009
32148	-3947.759	-4210.033	262.2738	0.7877505	0.269038	0.284421	0.352537	0.0940041	2.503286	0.6164637
32154	-3948.278	-4210.607	262.3292	0.7106599	0.25882	0.46914	0.209404	0.0626357	2.52924	0.6164637
32160	-3966.35	-4228.863	262.5124	0.5973457	0.362422	0.319119	0.303797	0.0146622	2.207634	0.9745298
32166	-3963.825	-4226.247	262.4215	0.6079238	0.371611	0.270173	0.307368	0.0508473	2.341844	0.9167517
32172	-3949.639	-4212.24	262.6011	0.5538909	0.338325	0.335546	0.279836	0.0462928	2.258693	0.8713373
32178	-3961.122	-4223.662	262.5404	0.5538909	0.252976	0.409855	0.326522	0.0106471	2.413465	0.7479031
32184	-3953.402	-4215.953	262.551	0.5538909	0.363548	0.238545	0.393959	0.00394721	2.403945	0.746264
32190	-3964.259	-4226.827	262.5676	0.5538909	0.415573	0.272682	0.307234	0.00451206	2.332202	0.8223882
32196	-3966.766	-4229.239	262.473	0.5820212	0.323396	0.247912	0.425547	0.00314429	2.350146	0.8799242
32202	-3944.991	-4207.508	262.5167	0.5820212	0.396398	0.278677	0.322004	0.00292179	2.250714	0.9417308
32208	-3951.265	-4213.548	262.2831	0.5105182	0.245604	0.387239	0.359713	0.00744387	2.16675	1.29748
32214	-3967.613	-4230.18	262.5673	0.5224906	0.123872	0.408521	0.464515	0.00309189	2.06819	1.129133
32220	-3955.153	-4217.485	262.3312	0.6646216	0.157322	0.475221	0.334157	0.0332998	2.204146	1.085086
32226	-3951.729	-4214.059	262.3298	0.6646216	0.335375	0.413189	0.218933	0.0325027	2.099073	1.18041
32232	-3949.739	-4211.976	262.2371	0.6532435	0.264951	0.336374	0.372998	0.0256776	2.094429	1.272839
32238	-3962.765	-4224.877	262.1124	0.6965032	0.178122	0.473124	0.330753	0.0180007	2.035093	1.383667
32244	-3950.142	-4211.119	260.9773	0.8489105	0.496453	0.11415	0.251653	0.137744	1.824147	2.210952
32250	-3952.48	-4214.434	261.9544	0.6485807	0.192318	0.329433	0.42604	0.0522083	1.96278	1.595386
32256	-3966.017	-4227.874	261.8575	0.7890404	0.332245	0.293734	0.321841	0.0521808	1.911248	1.595386
32262	-3957.464	-4219.451	261.9873	0.8845012	0.294228	0.319324	0.311079	0.0753697	2.129624	1.249425
32268	-3944.365	-4206.344	261.9789	0.7148291	0.413717	0.302323	0.256876	0.0270838	1.999277	1.498493
32274	-3957.861	-4219.686	261.8252	0.9025213	0.51855	0.228938	0.215074	0.0374381	1.996559	1.468503
32280	-3969.3	-4230.094	260.7948	0.6274207	0.24558	0.467763	0.250167	0.0364902	1.711283	2.54581
32286	-3977.725	-4238.943	261.2179	0.786153	0.305624	0.362975	0.307125	0.0242759	1.812341	2.104684
32292	-3970.953	-4232.677	261.7242	0.9992315	0.473712	0.0785515	0.342958	0.104779	1.99957	1.468552
32298	-3954.882	-4216.957	262.0742	0.7212779	0.454505	0.101465	0.392983	0.051048	1.992741	1.425841
32304	-3957.921	-4219.704	261.7834	0.8023611	0.515323	0.232731	0.236738	0.015208	2.042437	1.543223
32310	-3953.588	-4215.786	262.1979	0.6630626	0.336788	0.344614	0.294261	0.024337	1.997985	1.373533
32316	-3965.415	-4227.255	261.84	0.6231378	0.335012	0.342797	0.303106	0.0190854	1.798619	1.811701
32322	-3967.756	-4228.627	260.8715	0.7600742	0.309018	0.296968	0.361568	0.032446	1.611829	2.472348
32328	-3961.726	-4222.576	260.8499	0.834492	0.337154	0.284876	0.346846	0.0311248	1.562028	2.468217
32334	-3968.072	-4228.726	260.6544	0.9411281	0.338593	0.286091	0.346045	0.0292716	1.562825	2.521341
32340	-3955.847	-4217.315	261.4685	1.041791	0.468734	0.153967	0.335354	0.0419453	1.951738	1.6606
32346	-3958.624	-4220.259	261.6343	0.8188244	0.472506	0.152873	0.332973	0.0416475	1.825853	1.79228
32352	-3965.99	-4227.354	261.3641	0.5351804	0.403743	0.306572	0.203899	0.085786	1.568613	2.337944
32358	-3956.998	-4218.294	261.296	0.4864894	0.308429	0.359547	0.239132	0.0928922	1.620977	2.378995
32364	-3955.254	-4216.532	261.2787	0.7367341	0.252289	0.327272	0.364257	0.0561818	1.779876	2.120209
32370	-3952.984	-4214.69	261.7061	0.5222077	0.308003	0.378604	0.242937	0.0704564	1.79792	1.974407
32376	-3959.674	-4221.316	261.6424	0.7224445	0.469827	0.235862	0.239766	0.0545448	1.77358	1.892203
32382	-3958.073	-4219.722	261.6486	0.9141826	0.519904	0.229364	0.204264	0.0464684	1.793585	1.735991
32388	-3953.067	-4214.438	261.3701	1.125783	0.508811	0.0653995	0.412033	0.0137567	1.699802	1.848312
32394	-3964.449	-4225.71	261.2609	0.9244314	0.548982	0.0705629	0.36484	0.0156151	1.699609	2.056248
32400	-3952.093	-4213.363	261.2696	0.8973638	0.517012	0.0749385	0.387464	0.0205852	1.788803	2.009698
32406	-3945.127	-4206.452	261.3242	1.107864	0.517012	0.0749385	0.387464	0.0205852	1.781915	1.835355
32412	-3961.904	-4224.393	262.4881	0.7021214	0.364809	0.38081	0.177813	0.0765684	2.222823	0.8628881
32418	-3956.819	-4219.027	262.208	0.7465487	0.270017	0.263843	0.325833	0.140308	2.201499	1.120853
32424	-3963.051	-4224.319	261.2687	1.08166	0.690153	0.0956164	0.176415	0.0378154	1.770138	1.898723
32430	-3952.63	-4213.84	261.2102	0.9355196	0.551426	0.0763967	0.259418	0.112759	1.792149	2.021028
32436	-3967.418	-4228.657	261.2389	0.997057	0.321757	0.223983	0.388465	0.0657949	1.827643	1.936538
32442	-3948.567	-4210.122	261.5546	0.7143331	0.397767	0.223448	0.254508	0.124277	1.789068	1.946868
32448	-3951.879	-4213.372	261.4932	0.7143331	0.501952	0.194736	0.291289	0.0120237	1.813815	1.971482
32454	-3943.885	-4205.608	261.7226	0.7978039	0.325457	0.328655	0.329471	0.0164167	1.774815	1.78165
32460	-3952.109	-4213.914	261.8042	0.558943	0.260546	0.374662	0.327926	0.0368658	1.697938	1.950423
32466	-3951.107	-4212.76	261.6534	0.5141402	0.378237	0.28383	0.326504	0.0114296	1.674515	2.096532
32472	-3934.494	-4196	261.5069	0.69878	0.363102	0.292002	0.333231	0.0116651	1.739759	2.022742
32478	-3949.794	-4210.725	260.9312	0.922601	0.328722	0.244913	0.414158	0.0122065	1.739759	2.246135
32484	-3936.508	-4197.338	260.8307	0.9696162	0.431517	0.302764	0.250629	0.0150898	1.781891	2.253009
32490	-3936.71	-4197.806	261.0955	0.9260736	0.305698	0.231132	0.456462	0.00670839	1.728266	2.144865
32496	-3945.329	-4206.687	261.3581	0.758826	0.370233	0.289132	0.333131	0.00750474	1.730532	2.085205
32502	-3952.454	-4213.974	261.52	0.7353776	0.42201	0.189717	0.379719	0.00855427	1.720959	2.00074
32508	-3939.345	-4200.634	261.2892	1.026235	0.235885	0.408163	0.35157	0.00438158	1.7521	1.933978
32514	-3941.881	-4203.32	261.4391	0.7584169	0.359203	0.303502	0.329854	0.00744138	1.783541	1.996741
32520	-3937.45	-4198.926	261.4761	0.6753749	0.244428	0.407999	0.332122	0.0154516	1.834452	1.996741
32526	-3944.728	-4206.229	261.5004	0.7489826	0.309986	0.209645	0.415704	0.0646652	1.801368	1.950444
32532	-3933.049	-4194.482	261.4326	0.8442167	0.275675	0.502076	0.193641	0.0286091	1.769379	1.950444
32538	-3933.167	-4194.435	261.2679	1.009437	0.326064	0.389281	0.229035	0.0556207	1.854697	1.890277
32544	-3940.645	-4202.607	261.9626	0.5618416	0.286608	0.305828	0.405598	0.00196631	1.862928	1.726131
32550	-3948.881	-4210.504	261.6235	0.5008832	0.277003	0.457631	0.263415	0.00195059	1.790601	2.048495
32556	-3958.083	-4219.654	261.5706	0.6606581	0.233693	0.563926	0.159676	0.0427053	1.818276	1.954728
32562	-3951.104	-4212.758	261.6541	0.8082941	0.228434	0.322623	0.291111	0.157831	1.863607	1.759884
32568	-3962.967	-4225.026	262.059	0.8193278	0.419235	0.261289	0.270155	0.0493215	1.972094	1.373496
32574	-3947.326	-4209.279	261.9538	0.9781373	0.454538	0.283292	0.220269	0.0419001	1.990512	1.312816
32580	-3948.501	-4209.978	261.4766	0.9781373	0.454538	0.283292	0.220269	0.0419001	1.974287	1.684012
32586	-3953.168	-4214.905	261.7377	1.068809	0.482843	0.202357	0.209031	0.105769	1.965259	1.431835
32592	-3963.68	-4225.683	262.0029	0.7795207	0.46459	0.177888	0.290839	0.0666822	2.024592	1.408865
32598	-3972.175	-4234.223	262.0485	0.8919374	0.365421	0.238082	0.346599	0.0498986	1.86153	1.409238
32604	-3951.533	-4213.406	261.8725	0.9101993	0.395012	0.340257	0.210791	0.0539394	1.993479	1.428742
32610	-3967.719	-4229.43	261.7111	0.9699051	0.281308	0.281362	0.417486	0.019843	1.897858	1.575946
32616	-3951.188	-4212.308	261.1209	1.081143	0.374242	0.374313	0.225047	0.0263983	1.809007	1.972514
32622	-3949.044	-4210.457	261.4127	0.7125136	0.289555	0.422474	0.254002	0.0339688	1.756631	2.064281
32628	-3952.729	-4214.055	261.3268	0.7921291	0.39265	0.301987	0.239974	0.065389	1.836882	2.012415
32634	-3952.496	-4214.469	261.9729	0.7229597	0.27274	0.361609	0.287353	0.0782988	1.857537	1.60121
32640	-3950.96	-4212.728	261.7679	1.161191	0.534281	0.108444	0.294323	0.0629512	2.116583	1.213726
32646	-3949.066	-4210.801	261.7348	1.081987	0.540202	0.0655417	0.259946	0.134311	2.01718	1.383811
32652	-3964.353	-4226.37	262.0173	1.032918	0.353702	0.12939	0.409283	0.107624	2.031415	1.179872
32658	-3965.546	-4227.711	262.1652	0.7297901	0.365894	0.127734	0.414811	0.0915608	1.975258	1.361516
32664	-3967.38	-4229.298	261.9183	0.8317532	0.384222	0.134133	0.43559	0.0460551	1.958231	1.482424
32670	-3956.29	-4217.798	261.5077	1.169716	0.581695	0.0925832	0.27499	0.0507312	1.982462	1.519058
32676	-3962.763	-4224.262	261.4989	1.190247	0.530535	0.130254	0.267838	0.0713732	1.967859	1.521977
32682	-3971.896	-4234.147	262.2506	0.7103964	0.25286	0.410486	0.20363	0.133025	2.021882	1.271614
32688	-3954.886	-4217.037	262.1512	0.7171331	0.341672	0.342644	0.202984	0.1127	1.997322	1.365675
32694	-3955.515	-4217.677	262.1615	0.6670459	0.279087	0.279881	0.348977	0.0920561	2.06195	1.348363
32700	-3950.96	-4212.754	261.7944	0.7750507	0.38711	0.251373	0.264361	0.0971553	1.992495	1.592872
32706	-3941.764	-4203.494	261.7302	0.8124242	0.449472	0.0781847	0.423942	0.0484014	1.955847	1.637511
32712	-3961.651	-4223.228	261.5777	0.9398127	0.406719	0.165866	0.383617	0.0437976	1.862576	1.718961
32718	-3956.198	-4218.527	262.3299	0.5321582	0.395306	0.200704	0.349114	0.0548758	2.028785	1.353089
32724	-3946.189	-4208.137	261.9476	0.8248561	0.228042	0.492076	0.201395	0.0784866	2.103496	1.353089
32730	-3946.091	-4208.035	261.9437	0.7986153	0.178609	0.352624	0.415621	0.0531462	2.134916	1.353089
32736	-3942.075	-4204.443	262.3676	0.5388487	0.362997	0.404828	0.205852	0.0263226	2.186719	1.185939
32742	-3940.72	-4203.157	262.4377	0.5820503	0.416866	0.338698	0.236997	0.00743903	2.276901	0.9962577
32748	-3949.305	-4211.742	262.437	0.5431844	0.210103	0.428675	0.344942	0.0162803	2.357647	0.9555213
32754	-3948.001	-4210.328	262.3264	0.6146049	0.338011	0.175279	0.478323	0.00838756	2.284407	1.063949
32760	-3937.574	-4199.711	262.1378	0.7337482	0.2432	0.344003	0.406762	0.00603488	2.14757	1.24032
32766	-3944.469	-4206.457	261.9873	0.759563	0.285443	0.252589	0.434963	0.0270055	1.992551	1.461539
32772	-3933.665	-4195.722	262.0565	0.6219804	0.350403	0.190209	0.411516	0.0478725	2.111189	1.429213
32778	-3925.525	-4187.447	261.9221	0.6867923	0.275985	0.350767	0.339051	0.034197	2.134098	1.462
32784	-3938.88	-4200.983	262.1039	0.5503228	0.279799	0.314343	0.304695	0.101162	1.967223	1.558111
32790	-3938.826	-4200.995	262.1686	0.7465182	0.301473	0.363609	0.328297	0.00662109	2.031459	1.29961
32796	-3947.935	-4209.859	261.924	0.5976295	0.253436	0.455213	0.285785	0.00556609	1.962848	1.656104
32802	-3945.019	-4206.512	261.4929	0.6720811	0.34058	0.307004	0.344935	0.00747999	1.715593	2.066751
32808	-3928.136	-4189.532	261.3961	0.7074286	0.324272	0.327438	0.328418	0.0198729	1.768	2.071306
32814	-3932.669	-4194.333	261.6645	0.7522178	0.468736	0.160439	0.351892	0.0189326	1.768	1.859501
32820	-3938.346	-4199.775	261.4289	1.086488	0.489904	0.152187	0.326049	0.0318601	1.948615	1.659787
32826	-3938.347	-4199.733	261.3859	1.006912	0.410488	0.131679	0.405483	0.05235	1.826419	1.830607
32832	-3936.822	-4198.131	261.3088	0.9596382	0.392752	0.206213	0.318853	0.0821826	1.882905	1.87721
32838	-3937.821	-4198.62	260.7984	0.8788466	0.306956	0.416746	0.212068	0.06423	1.797236	2.323067
32844	-3926.586	-4188.253	261.6674	0.8584774	0.315938	0.326091	0.255564	0.102406	1.778128	1.773799
32850	-3938.282	-4199.851	261.5685	0.8881953	0.322245	0.247512	0.269174	0.161068	1.923609	1.719664
32856	-3930.827	-4192.118	261.2905	0.8917139	0.432511	0.116621	0.332797	0.118071	1.782511	2.003846
32862	-3933.8	-4195.503	261.7032	0.6495501	0.290238	0.317789	0.371546	0.0204268	1.833527	1.862522
32868	-3954.944	-4216.547	261.6032	0.7439967	0.28233	0.309131	0.396784	0.0117548	1.833527	1.862522
32874	-3953.886	-4215.709	261.8234	0.548881	0.435987	0.242944	0.31183	0.00923804	1.818766	1.862522
32880	-3961.22	-4222.443	261.2224	0.7120084	0.504353	0.194555	0.291161	0.00993067	1.725381	2.209265
32886	-3953.422	-4214.851	261.4286	0.7978616	0.198259	0.449375	0.342073	0.0102936	1.800113	1.964925
32892	-3953.79	-4215.032	261.2416	0.6658648	0.360045	0.367769	0.252534	0.0196517	1.677661	2.259111
32898	-3955.513	-4217.3	261.7876	0.6531139	0.203096	0.453373	0.311316	0.032215	1.801752	1.823848
32904	-3950.708	-4212.661	261.9532	0.6060351	0.281802	0.396722	0.272415	0.0490611	1.801752	1.743319
32910	-3941.326	-4202.801	261.475	0.5913684	0.297404	0.275297	0.287498	0.139801	1.75849	2.106304
32916	-3940.338	-4201.988	261.6499	0.8268077	0.298765	0.298147	0.322558	0.08053	1.869896	1.744863
32922	-3963.05	-4224.524	261.4741	0.9521759	0.523894	0.18177	0.226755	0.0675807	1.864848	1.781125
32928	-3961.56	-4222.909	261.3484	0.978159	0.41012	0.182919	0.313521	0.0934398	1.864848	1.849727
32934	-3952.715	-4214.34	261.625	0.9116133	0.398682	0.187564	0.361599	0.0521546	1.921716	1.663849
32940	-3948.154	-4209.87	261.7164	0.7334133	0.240331	0.416614	0.271541	0.0715137	1.947542	1.712522
32946	-3945.55	-4207.199	261.6487	0.7334133	0.437106	0.230398	0.272969	0.0595271	1.801722	1.860787
32952	-3932.771	-4194.738	261.9665	0.6293222	0.418177	0.308484	0.250566	0.0227735	1.88944	1.654364
32958	-3935.462	-4196.927	261.4653	0.7472278	0.487734	0.271605	0.220611	0.0200509	1.793838	1.980243
32964	-3931.053	-4192.73	261.6775	0.7247837	0.473346	0.283523	0.230292	0.0128386	1.822764	1.832908
32970	-3937.701	-4198.821	261.1195	0.9185558	0.444515	0.329085	0.216265	0.0101351	1.808661	2.081532
32976	-3940.541	-4201.711	261.17	0.956773	0.481367	0.1628	0.35484	0.000993949	1.719346	2.081532
32982	-3942.83	-4204.272	261.4424	0.9279242	0.577059	0.115432	0.304688	0.0028206	1.783122	1.876164
32988	-3949.92	-4210.619	260.6987	1.250039	0.456352	0.0912866	0.449947	0.00241439	1.777578	2.165463
32994	-3961.225	-4222.011	260.7859	1.233669	0.402279	0.0949101	0.498631	0.00417928	1.665027	2.191853
33000	-3958.931	-4220.063	261.1317	0.7479339	0.295393	0.491318	0.188185	0.0251036	1.575199	2.339329
33006	-3958.265	-4219.669	261.4036	0.7943088	0.455585	0.21206	0.324337	0.00801856	1.845604	1.953716
33012	-3967.856	-4229.16	261.3041	0.9312187	0.452752	0.19249	0.354611	0.00014746	1.839538	1.929391
33018	-3957.052	-4218.3	261.2477	1.086205	0.56056	0.165362	0.273582	0.000496073	1.74523	1.926785
33024	-3964.351	-4226.068	261.7164	0.7662451	0.385427	0.404795	0.180737	0.0290406	1.849369	1.757132
33030	-3972.734	-4234.105	261.3714	0.9841022	0.62672	0.0847931	0.287863	0.000624189	1.778268	1.889057
33036	-3964.477	-4226.11	261.6325	0.662102	0.32696	0.352387	0.319608	0.00104525	1.814796	1.914296
33042	-3953.861	-4215.462	261.6004	0.4023128	0.324725	0.349977	0.317422	0.00787562	1.715964	2.172804
33048	-3948.622	-4210.003	261.3817	0.5075178	0.201274	0.48549	0.269704	0.0435317	1.715964	2.250392
33054	-3950.282	-4211.281	260.999	0.9358044	0.486935	0.21376	0.221318	0.0779869	1.72603	2.202592
33060	-3935.174	-4196.578	261.4039	0.7459835	0.378695	0.203286	0.349044	0.068975	1.645515	2.119854
33066	-3959.933	-4220.061	260.1279	1.136352	0.434087	0.128978	0.243724	0.193212	1.616313	2.694533
33072	-3957.76	-4217.764	260.0041	0.8167746	0.308189	0.377228	0.175475	0.139108	1.479534	3.04695
33078	-3950.954	-4211.583	260.628	0.8451738	0.566355	0.163383	0.206167	0.0640947	1.600326	2.575782
33084	-3954.168	-4215.606	261.4378	1.21626	0.534878	0.124712	0.223229	0.117181	1.872227	1.618954
33090	-3955.54	-4217.47	261.9304	0.8709467	0.433769	0.250005	0.204932	0.111295	1.871852	1.507681
33096	-3952.901	-4214.694	261.7931	1.010033	0.498506	0.221422	0.181502	0.0985705	1.867922	1.507681
33102	-3952.919	-4214.587	261.6674	1.065542	0.528025	0.171211	0.270253	0.0305109	1.844784	1.577139
33108	-3954.052	-4215.743	261.6918	0.9093353	0.506931	0.146749	0.317052	0.0292676	1.853301	1.666663
33114	-3953.071	-4214.896	261.8249	0.9932537	0.518139	0.12956	0.246626	0.105675	1.853301	1.507343
33120	-3955.103	-4217.016	261.9124	0.9027673	0.208539	0.371028	0.288394	0.132039	1.89762	1.477224
33126	-3970.331	-4232.241	261.9099	0.8536141	0.373695	0.305804	0.286087	0.0344131	1.950869	1.477224
33132	-3962.013	-4223.881	261.8684	0.8536141	0.41653	0.195711	0.259929	0.127829	1.943229	1.514085
33138	-3967.414	-4229.184	261.7696	1.180006	0.537457	0.123579	0.261908	0.077056	1.917472	1.360586
33144	-3953.405	-4215.27	261.8648	0.9490378	0.320039	0.238428	0.230669	0.210864	2.026505	1.378369
33150	-3946.246	-4208.108	261.8626	0.7966748	0.377843	0.265937	0.279546	0.076675	1.98707	1.530022
33156	-3945.574	-4206.96	261.3861	1.247645	0.438267	0.148545	0.324251	0.0889368	1.975536	1.559928
33162	-3941.049	-4202.886	261.8371	0.6128984	0.372568	0.342638	0.251424	0.03337	1.937839	1.72416
33168	-3952.164	-4213.835	261.6706	0.6779171	0.503845	0.148308	0.307089	0.040758	1.790911	1.893323
33174	-3949.088	-4210.378	261.2906	0.7894577	0.475842	0.105443	0.380222	0.0384928	1.801601	2.061651
33180	-3932.863	-4194.225	261.3614	0.7657446	0.395804	0.226775	0.316267	0.0611537	1.749263	2.065881
33186	-3944.678	-4206.249	261.5716	0.7657446	0.527772	0.0693657	0.332119	0.0707433	1.792443	1.896433
33192	-3962.754	-4224.101	261.3476	0.8840885	0.527772	0.0693657	0.332119	0.0707433	1.893015	1.896433
33198	-3954.594	-4216.383	261.7891	0.8840885	0.501627	0.0659294	0.403006	0.0294377	1.923148	1.564362
33204	-3954.453	-4216.04	261.5877	1.005923	0.343237	0.36378	0.200916	0.0920673	1.961721	1.593067
33210	-3950.037	-4212.409	262.372	0.703938	0.396826	0.376862	0.181626	0.0446857	2.17698	1.032716
33216	-3939.684	-4202.008	262.3242	0.6861755	0.363708	0.34541	0.256557	0.0343246	2.189781	1.0837
33222	-3944.694	-4206.829	262.1345	0.8579491	0.424563	0.271161	0.268371	0.0359052	2.063554	1.204071
33228	-3933.928	-4196.076	262.1476	0.7560786	0.323245	0.386052	0.204327	0.0863763	2.064071	1.281845
33234	-3942.891	-4204.969	262.0775	0.6965767	0.424623	0.32518	0.226867	0.0233301	1.860678	1.542683
33240	-3941.602	-4202.976	261.3747	0.9039381	0.489707	0.260957	0.204342	0.0449943	1.807123	1.922422
33246	-3969.2	-4230.062	260.8619	0.939561	0.463832	0.110358	0.362183	0.0636273	1.667478	2.325661
33252	-3961.914	-4222.618	260.7042	0.9915853	0.424076	0.189614	0.281604	0.104707	1.690058	2.378132
33258	-3946.068	-4206.212	260.1441	0.9710462	0.439428	0.186887	0.27622	0.0974646	1.553976	2.822123
33264	-3948.861	-4208.912	260.0504	0.9710462	0.443824	0.191105	0.251668	0.113403	1.548315	2.882387
33270	-3948.877	-4209.706	260.8288	0.7880021	0.421368	0.172087	0.378509	0.0280361	1.706166	2.421454
33276	-3943.746	-4205.099	261.3525	1.003757	0.539428	0.182634	0.207647	0.0702905	1.73755	1.916161
33282	-3939.669	-4200.923	261.2548	0.9944251	0.440371	0.191147	0.250357	0.118125	1.710049	2.006458
33288	-3940.05	-4200.811	260.7614	0.9610604	0.378725	0.172739	0.346946	0.101589	1.788394	2.298784
33294	-3966.152	-4227.275	261.1228	1.143846	0.483326	0.158584	0.225617	0.132473	1.816445	1.925378
33300	-3963.069	-4223.904	260.8355	1.03586	0.476582	0.170325	0.222469	0.130624	1.764418	2.218504
33306	-3961.631	-4222.81	261.1787	1.288264	0.429421	0.144426	0.308454	0.117698	1.820428	1.791647
33312	-3953.336	-4215.187	261.8509	0.8378558	0.422177	0.22535	0.324259	0.0282141	1.820428	1.628976
33318	-3939.587	-4201.214	261.6268	1.021217	0.416977	0.222574	0.320265	0.040184	1.857887	1.628976
33324	-3949.942	-4211.526	261.5845	0.7951007	0.484925	0.258843	0.237615	0.0186173	1.843117	1.831893
33330	-3947.043	-4208.373	261.3298	0.7181218	0.477499	0.254879	0.255795	0.0118276	1.739416	2.126179
33336	-3951.751	-4213.392	261.6408	0.6724863	0.21411	0.375357	0.394451	0.0160813	1.888883	1.850687
33342	-3949.141	-4211.039	261.8983	0.6821549	0.43035	0.192602	0.362053	0.0149949	1.790985	1.732877
33348	-3946.748	-4208.587	261.8395	0.7918688	0.449349	0.201105	0.333889	0.0156569	1.900517	1.614083
33354	-3934.832	-4196.716	261.8836	0.7199124	0.34906	0.364298	0.265995	0.0206469	1.94726	1.603225
33360	-3950.459	-4212.261	261.8018	1.018538	0.340552	0.456539	0.182765	0.0201437	1.956689	1.427297
33366	-3927.585	-4189.575	261.9894	0.8585016	0.486367	0.14612	0.309795	0.0577185	2.002027	1.372642
33372	-3946.304	-4208.388	262.0843	0.8070583	0.370115	0.166975	0.406646	0.0562649	2.005418	1.337178
33378	-3951.541	-4213.103	261.5619	1.042411	0.394016	0.161789	0.382504	0.0616904	1.843672	1.670662
33384	-3956.052	-4217.458	261.4066	1.274922	0.463328	0.221497	0.242633	0.0725424	1.915306	1.570517
33390	-3949.195	-4210.8	261.6051	1.041379	0.510607	0.138443	0.242025	0.108925	1.931074	1.576977
33396	-3961.626	-4223.579	261.953	0.7867237	0.558551	0.151443	0.26475	0.0252564	2.008678	1.453631
33402	-3953.494	-4215.548	262.0545	0.7654488	0.295599	0.209336	0.404051	0.0910143	2.014244	1.388255
33408	-3944.902	-4207.014	262.1117	0.7505802	0.234481	0.356803	0.320509	0.0882066	1.972734	1.388255
33414	-3947.222	-4209.269	262.0466	0.8793522	0.238701	0.371504	0.326278	0.0635173	2.060492	1.261969
33420	-3937.035	-4199.132	262.097	0.7689729	0.360827	0.29827	0.301131	0.0397715	2.123488	1.263398
33426	-3943.866	-4206.084	262.2184	0.7211381	0.356884	0.293892	0.296711	0.052513	2.117741	1.208691
33432	-3946.785	-4208.827	262.0422	0.790204	0.480408	0.282055	0.157663	0.0798746	2.096441	1.312106
33438	-3957.835	-4220.137	262.3021	0.7040371	0.433582	0.268842	0.197513	0.100063	2.053877	1.20721
33444	-3961.854	-4224.262	262.4085	0.7040371	0.506656	0.254937	0.162906	0.0755014	2.053877	1.113745
33450	-3971.387	-4233.134	261.7465	0.8118039	0.439539	0.190395	0.250684	0.119383	1.848083	1.703238
33456	-3958.639	-4219.966	261.3271	0.8715373	0.410239	0.231613	0.246724	0.111425	1.749989	2.014963
33462	-3960.609	-4222.074	261.4646	0.8368011	0.338239	0.273779	0.307416	0.0805659	1.690601	1.986909
33468	-3976.796	-4238.392	261.5959	0.7429554	0.33183	0.190062	0.381165	0.0969431	1.65784	1.986909
33474	-3957.721	-4219.058	261.3366	0.867168	0.489027	0.109521	0.255666	0.145786	1.755355	2.008088
33480	-3946.586	-4207.958	261.3723	0.867168	0.439647	0.183791	0.239815	0.136747	1.755355	1.984317
33486	-3950.957	-4211.573	260.6159	1.063232	0.457889	0.175954	0.264533	0.101624	1.609601	2.439747
33492	-3953.331	-4214.207	260.8759	1.368226	0.482548	0.174253	0.278779	0.0644199	1.869766	1.915525
33498	-3957.752	-4219.344	261.592	0.9683514	0.520038	0.110099	0.300438	0.0694247	1.793563	1.737152
33504	-3977.161	-4238.689	261.5281	0.9375579	0.418159	0.0548179	0.428099	0.0989243	1.947687	1.695497
33510	-3966.377	-4228.011	261.6336	0.9375579	0.526009	0.204646	0.144907	0.124439	1.842108	1.695497
33516	-3955.5	-4216.561	261.0602	1.303778	0.425784	0.200957	0.247729	0.125531	1.782052	1.889541
33522	-3948.819	-4210.375	261.5565	0.7044451	0.289116	0.403594	0.174686	0.132603	1.762882	1.970255
33528	-3936.323	-4197.627	261.3039	0.8282001	0.289116	0.403594	0.174686	0.132603	1.802799	2.025181
33534	-3942.922	-4204.874	261.9526	0.678737	0.345412	0.378596	0.2087	0.0672922	1.81588	1.679476
33540	-3943.958	-4205.404	261.4458	1.053731	0.401629	0.206718	0.313409	0.0782443	1.903012	1.703052
33546	-3938.539	-4200.071	261.532	0.7519044	0.521564	0.190185	0.201085	0.0871662	1.895014	1.86346
33552	-3944.974	-4206.676	261.7013	0.6948429	0.195974	0.45344	0.253148	0.097439	1.813606	1.844627
33558	-3938.952	-4200.49	261.5373	0.6705269	0.392124	0.118169	0.459949	0.0297573	1.868316	1.936401
33564	-3935.931	-4197.603	261.6722	0.735113	0.322963	0.33348	0.319048	0.0245088	1.693687	1.917067
33570	-3941.767	-4203.184	261.4165	0.521463	0.388547	0.273198	0.315179	0.0230764	1.734146	2.207209
33576	-3940.154	-4201.167	261.0131	0.7325987	0.479155	0.200019	0.284701	0.0361247	1.670641	2.364348
33582	-3938.801	-4199.683	260.8825	0.8040367	0.51329	0.130736	0.273344	0.0826291	1.726001	2.364348
33588	-3937.969	-4198.67	260.7009	0.9804933	0.448663	0.108196	0.32945	0.113691	1.573969	2.46043
33594	-3954.847	-4215.387	260.5393	1.073192	0.426976	0.133345	0.400568	0.0391115	1.630543	2.468597
33600	-3947.435	-4207.836	260.4019	0.713182	0.40127	0.185522	0.376452	0.0367568	1.53734	2.838165
33606	-3939.045	-4199.498	260.4534	0.6421414	0.352835	0.24718	0.364405	0.0355805	1.482903	2.885511
33612	-3949.571	-4209.225	259.6541	1.179312	0.51508	0.177401	0.277737	0.0297823	1.444636	3.060405
33618	-3948.764	-4208.76	259.9964	0.8445694	0.4268	0.186933	0.352297	0.0339702	1.493176	3.026053
33624	-3950.5	-4210.976	260.4757	0.855242	0.444289	0.115082	0.379449	0.0611798	1.587912	2.671094
33630	-3961.392	-4222.127	260.7354	1.223218	0.58945	0.0769273	0.182578	0.151045	1.587325	2.280711
33636	-3944.702	-4205.196	260.4936	1.350857	0.619408	0.0444853	0.22762	0.108487	1.819108	2.211687
33642	-3949.292	-4210.126	260.834	1.486764	0.70283	0.0391828	0.202224	0.0557628	1.884761	1.862743
33648	-3960.224	-4220.557	260.333	1.240353	0.501415	0.0813409	0.332951	0.0842934	1.746079	2.425193
33654	-3970.951	-4232.905	261.9545	0.9218357	0.588231	0.0282329	0.288599	0.0949366	1.973583	1.371175
33660	-3951.456	-4213.028	261.5714	0.9749062	0.565578	0.063239	0.312569	0.0586134	1.939629	1.643326
33666	-3964.372	-4225.514	261.1416	1.128474	0.50017	0.0990093	0.282218	0.118603	1.881687	1.878364
33672	-3963.226	-4224.915	261.6887	1.129393	0.430102	0.122054	0.287723	0.160122	1.996416	1.400057
33678	-3961.737	-4223.809	262.0722	0.8170414	0.351158	0.290381	0.276684	0.0817771	2.08221	1.276297
33684	-3959.868	-4221.893	262.0244	0.7343468	0.373388	0.308763	0.25702	0.0608292	1.991742	1.454129
33690	-3951.39	-4213.647	262.2572	0.619636	0.266745	0.377615	0.302205	0.0534347	2.035592	1.33306
33696	-3958.973	-4220.824	261.8508	1.051645	0.332787	0.435721	0.0695771	0.161915	1.952606	1.366827
33702	-3950.291	-4212.173	261.8817	1.06155	0.422574	0.150554	0.405826	0.0210451	2.066949	1.241002
33708	-3961.354	-4223.574	262.2198	0.700672	0.30646	0.218237	0.40855	0.0667529	2.167222	1.183613
33714	-3956.232	-4218.379	262.1475	0.700672	0.386152	0.274987	0.22082	0.118041	1.876429	1.475276
33720	-3959.616	-4221.757	262.1406	0.6369614	0.303577	0.257486	0.318227	0.120711	1.949609	1.476177
33726	-3959.539	-4221.428	261.8885	0.7616319	0.263682	0.427882	0.291386	0.0170504	1.949609	1.565781
33732	-3948.802	-4210.804	262.002	0.656999	0.312162	0.384304	0.286755	0.0167795	1.891339	1.606279
33738	-3969.797	-4231.877	262.0797	0.7607515	0.38142	0.241465	0.36361	0.0135051	1.916357	1.448196
33744	-3970.743	-4232.968	262.2246	0.6238477	0.46931	0.29655	0.228563	0.00557681	1.916357	1.448196
33750	-3958.797	-4220.782	261.985	0.8063632	0.410436	0.295719	0.268968	0.024877	1.963126	1.448196
33756	-3949.111	-4211.611	262.4998	0.5994934	0.412967	0.297542	0.270627	0.018863	1.994987	1.182894
33762	-3958.918	-4221.171	262.2533	0.6655501	0.500931	0.147916	0.328272	0.0228809	2.006748	1.320399
33768	-3941.458	-4203.623	262.1641	0.7367706	0.40437	0.313466	0.264993	0.0171716	2.032452	1.310777
33774	-3952.664	-4214.909	262.2449	0.6625298	0.492783	0.239761	0.244389	0.0230662	1.893057	1.419031
33780	-3944.986	-4206.811	261.8243	0.8438722	0.405673	0.197379	0.340999	0.0559494	2.009474	1.505134
33786	-3947.211	-4209.245	262.0335	0.7866874	0.283831	0.242539	0.415193	0.0584366	2.077727	1.337093
33792	-3951.757	-4213.822	262.065	0.720392	0.205997	0.473514	0.261686	0.0588035	2.163809	1.298666
33798	-3950.398	-4212.74	262.3429	0.720392	0.262107	0.261467	0.446909	0.0295164	2.040554	1.168585
33804	-3950.989	-4213.302	262.3132	0.6927684	0.194253	0.542835	0.233938	0.028974	2.109259	1.159997
33810	-3941.031	-4203.451	262.4205	0.5725136	0.214515	0.491992	0.258339	0.0351537	2.123397	1.164714
33816	-3955.058	-4217.471	262.4135	0.6399859	0.214551	0.479713	0.274549	0.0311869	2.07118	1.154437
33822	-3949.517	-4211.816	262.2989	0.7452114	0.233289	0.412786	0.309651	0.0442739	2.12713	1.107212
33828	-3954.741	-4216.782	262.0414	0.8817707	0.374352	0.301666	0.279925	0.0440563	2.120523	1.213913
33834	-3942.529	-4204.853	262.3233	0.7763058	0.302225	0.377293	0.313635	0.00684625	2.118745	1.061906
33840	-3936.303	-4198.611	262.3079	0.7095209	0.319025	0.391898	0.282901	0.00617537	2.115785	1.143242
33846	-3951.093	-4213.489	262.3958	0.5787482	0.249168	0.42893	0.167486	0.154416	2.040534	1.250996
33852	-3939.304	-4201.63	262.3263	0.6150611	0.30908	0.394765	0.24105	0.0551051	2.084853	1.240197
33858	-3938.462	-4200.852	262.3899	0.6691103	0.198077	0.401223	0.312251	0.0884482	2.222915	1.006263
33864	-3937.701	-4200.172	262.4707	0.5645132	0.263088	0.28924	0.383911	0.0637618	2.255395	1.003021
33870	-3942.88	-4205.243	262.3626	0.6376068	0.287521	0.396187	0.228954	0.0873379	2.251062	1.038109
33876	-3955.351	-4217.6	262.2495	0.7160293	0.330119	0.323989	0.243772	0.102119	2.233453	1.083184
33882	-3952.979	-4215.257	262.2782	0.711325	0.372012	0.329863	0.274708	0.0234171	2.233453	1.060981
33888	-3953.441	-4215.592	262.1511	0.812627	0.299013	0.305249	0.37206	0.0236776	2.23895	1.074923
33894	-3957.524	-4219.86	262.3365	0.7188266	0.450089	0.388029	0.142716	0.0191658	2.01517	1.197553
33900	-3958.203	-4220.342	262.1392	0.6813587	0.430328	0.22316	0.176272	0.17024	2.01517	1.390822
33906	-3946.933	-4208.572	261.6392	0.8775443	0.303957	0.124105	0.391107	0.18083	1.939754	1.665784
33912	-3955.632	-4216.333	260.7012	1.616045	0.535869	0.178031	0.13495	0.15115	1.913187	1.858975
33918	-3945.969	-4206.872	260.9034	0.8182164	0.442183	0.106341	0.307272	0.144205	1.687522	2.366105
33924	-3941.304	-4202.133	260.8287	0.9625458	0.557765	0.156534	0.174922	0.11078	1.613807	2.366105
33930	-3949.335	-4209.99	260.6545	1.311917	0.684939	0.0499455	0.129078	0.136038	1.627314	2.254294
33936	-3956.403	-4217.482	261.0785	0.8825406	0.416421	0.327691	0.195568	0.060319	1.620849	2.254294
33942	-3946.261	-4207.356	261.0949	0.6756144	0.287026	0.390618	0.28078	0.041576	1.661673	2.356398
33948	-3955.187	-4216.195	261.0086	0.8806637	0.289755	0.297714	0.276048	0.136483	1.71319	2.241086
33954	-3956.181	-4217.18	260.9988	0.8806637	0.353781	0.169714	0.337044	0.139461	1.722995	2.241086
33960	-3952.935	-4214.03	261.0952	0.9820694	0.353781	0.169714	0.337044	0.139461	1.709681	2.120182
33966	-3947.825	-4208.757	260.9313	1.076763	0.484944	0.0791823	0.312916	0.122957	1.717485	2.160758
33972	-3944.08	-4204.956	260.8761	1.066503	0.338259	0.270962	0.340175	0.0506037	1.612727	2.270577
33978	-3951.989	-4213.37	261.3819	0.5864358	0.417387	0.334347	0.241076	0.00719005	1.678977	2.221907
33984	-3954.126	-4215.416	261.2905	0.6962409	0.417387	0.334347	0.241076	0.00719005	1.641698	2.230137
33990	-3938.771	-4200.223	261.4527	0.681178	0.523842	0.168078	0.302307	0.00577327	1.658152	2.124498
33996	-3941.357	-4202.145	260.7875	1.02226	0.627452	0.0901423	0.279667	0.00273896	1.61658	2.352519
34002	-3947.586	-4208.64	261.0543	1.042434	0.444784	0.147231	0.374609	0.0333755	1.722261	2.099371
34008	-3946.678	-4208.117	261.439	0.7655792	0.32869	0.350745	0.244286	0.0762787	1.658703	2.074567
34014	-3954.52	-4215.564	261.0439	1.068802	0.436949	0.115661	0.28624	0.16115	1.744339	2.074567
34020	-3951.674	-4213.262	261.5876	0.9162614	0.341433	0.215212	0.414247	0.0291084	1.887228	1.711499
34026	-3937.516	-4199.336	261.8206	0.8003778	0.368074	0.357661	0.253735	0.0205302	1.812515	1.684376
34032	-3956.778	-4218.879	262.1017	0.6976732	0.236336	0.451945	0.183525	0.128194	1.94087	1.463554
34038	-3939.8	-4201.841	262.0405	0.8044076	0.326939	0.235623	0.304786	0.132653	1.998302	1.379636
34044	-3936.498	-4198.506	262.0076	0.9852272	0.433966	0.2448	0.286887	0.0343467	1.96595	1.283226
34050	-3938.836	-4200.706	261.8703	1.012464	0.536031	0.0888318	0.34716	0.0279768	1.96595	1.371525
34056	-3947.954	-4209.304	261.3495	1.340301	0.361025	0.201664	0.392126	0.0451847	1.96595	1.531251
34062	-3946.574	-4208.614	262.0395	0.8843588	0.433853	0.178679	0.347433	0.0400347	1.984044	1.325863
34068	-3950.12	-4212.057	261.9367	0.9450891	0.381076	0.310669	0.301145	0.00710993	1.925793	1.40395
34074	-3955.369	-4217.467	262.0984	0.7099701	0.40268	0.328281	0.258813	0.0102264	1.963029	1.439257
34080	-3967.377	-4229.642	262.2655	0.7792012	0.380212	0.296131	0.220005	0.103652	1.946078	1.261901
34086	-3958.037	-4219.981	261.9435	0.9711214	0.353126	0.291449	0.298437	0.0569887	1.9498	1.359223
34092	-3974.261	-4236.311	262.0502	0.7728988	0.373973	0.223031	0.335778	0.0672185	1.846168	1.513831
34098	-3973.697	-4235.458	261.7601	0.6801791	0.415932	0.194252	0.292451	0.0973651	1.876879	1.770965
34104	-3971.116	-4233.193	262.0765	0.8167504	0.442318	0.195781	0.294753	0.0671471	1.89893	1.418956
34110	-3945.589	-4207.759	262.1704	0.7741339	0.422445	0.289029	0.193768	0.0947579	2.039884	1.26738
34116	-3947.039	-4209.484	262.4453	0.6770395	0.461407	0.202642	0.201526	0.134425	2.03793	1.120713
34122	-3945.764	-4208.22	262.4565	0.6770395	0.407185	0.29414	0.179166	0.119509	2.173956	0.9800855
34128	-3973.004	-4235.403	262.3991	0.6592391	0.420103	0.209379	0.247217	0.123301	2.144649	1.08264
34134	-3974.553	-4236.837	262.2835	0.7786853	0.243048	0.424387	0.251692	0.080874	2.285832	0.931522
34140	-3960.812	-4223.2	262.3885	0.6606984	0.227421	0.366904	0.299815	0.10586	2.265042	0.9741161
34146	-3966.954	-4229.219	262.2644	0.7780541	0.226174	0.370376	0.298171	0.105279	2.265042	0.9741161
34152	-3967.583	-4229.293	261.7101	1.180821	0.381713	0.19914	0.344474	0.0746721	2.088855	1.269738
34158	-3968.751	-4231.063	262.3126	0.6999895	0.381687	0.276653	0.263716	0.0779444	1.979131	1.264779
34164	-3948.831	-4211.169	262.3376	0.6929622	0.198021	0.375364	0.312	0.114615	2.211344	1.04393
34170	-3961.12	-4223.477	262.3579	0.7072055	0.286427	0.333986	0.277607	0.10198	2.193246	1.027279
34176	-3964.569	-4226.817	262.2483	0.7072055	0.215488	0.462187	0.203895	0.11843	2.231618	1.09462
34182	-3947.679	-4209.232	261.5529	1.025485	0.411177	0.338502	0.180654	0.0696668	1.809659	1.713081
34188	-3963.708	-4224.096	260.3875	1.365038	0.540181	0.133133	0.199711	0.126974	1.740688	2.321841
34194	-3948.581	-4209.725	261.1444	1.171306	0.398649	0.214368	0.246316	0.140667	1.780514	1.917314
34200	-3951.752	-4212.632	260.8807	1.403065	0.457828	0.184298	0.241915	0.115959	1.857064	1.899819
34206	-3952.186	-4213.315	261.1291	1.31089	0.464199	0.160463	0.357558	0.0177795	1.773444	1.843982
34212	-3949.103	-4210.573	261.4697	0.9400918	0.403486	0.275356	0.263592	0.0575662	1.893556	1.772758
34218	-3941.594	-4203.361	261.7667	0.7428328	0.283072	0.186908	0.491322	0.0386973	1.793004	1.778595
34224	-3935.619	-4197.428	261.8086	0.8680511	0.2099	0.290619	0.471009	0.0284721	1.97258	1.525665
34230	-3927.366	-4189.564	262.1984	0.6737756	0.319954	0.255149	0.388405	0.0364916	2.065496	1.310225
34236	-3939.211	-4201.402	262.191	0.7003754	0.326729	0.240916	0.394663	0.0376919	2.044741	1.310225
34242	-3950.114	-4212.404	262.29	0.6182734	0.310002	0.340814	0.301889	0.0472952	2.036354	1.307184
34248	-3954.042	-4216.716	262.6741	0.3933147	0.205253	0.484072	0.295032	0.0156424	2.134812	1.081461
34254	-3952.097	-4214.53	262.4332	0.5931654	0.189056	0.493938	0.301046	0.0159612	2.16311	1.098423
34260	-3949.436	-4211.71	262.2734	0.7621839	0.407389	0.167338	0.40386	0.0214123	2.094699	1.143192
34266	-3944.837	-4207	262.1624	0.7862247	0.487389	0.254903	0.242002	0.0157052	2.113962	1.201151
34272	-3947.991	-4209.928	261.9366	0.8445252	0.472549	0.203354	0.234634	0.0894633	1.991634	1.432965
34278	-3944.222	-4206.24	262.0177	0.7074354	0.371724	0.249827	0.30525	0.0731988	1.975098	1.493406
34284	-3941.762	-4203.662	261.9001	0.8393233	0.378698	0.325945	0.22898	0.0663763	1.953963	1.493406
34290	-3937.722	-4199.564	261.8422	0.760103	0.458635	0.204554	0.256423	0.0803873	1.984229	1.575523
34296	-3932.195	-4194.142	261.9468	0.6894705	0.357994	0.258549	0.316434	0.0670233	1.984229	1.553486
34302	-3938.16	-4199.77	261.6106	0.6992725	0.221139	0.314436	0.384834	0.0795913	1.740338	1.952733
34308	-3934.332	-4196.106	261.774	0.6201007	0.216048	0.377804	0.375974	0.0301739	1.743625	1.896744
34314	-3935.902	-4197.522	261.6203	0.6783855	0.350631	0.308303	0.30681	0.0342557	1.742672	1.959536
34320	-3940.757	-4201.752	260.9951	0.7784575	0.423112	0.262882	0.266851	0.0471549	1.622277	2.375746
34326	-3951.72	-4212.846	261.1258	0.7788914	0.42693	0.228113	0.310759	0.0341979	1.600069	2.306472
34332	-3944.542	-4206.228	261.6859	0.8607631	0.272811	0.30097	0.235524	0.190695	1.871915	1.693179
34338	-3928.626	-4190.485	261.8589	0.7530014	0.322832	0.321543	0.27529	0.0803356	1.94054	1.600654
34344	-3930.825	-4192.854	262.0286	0.7498508	0.329821	0.328503	0.28125	0.0604263	1.805381	1.577885
34350	-3932.84	-4194.705	261.8648	0.7102376	0.469796	0.32713	0.167653	0.0354209	1.918343	1.645118
34356	-3937.636	-4199.458	261.8223	0.7827407	0.358833	0.363993	0.215928	0.0612465	1.93837	1.606055
34362	-3955.573	-4217.054	261.4812	0.9704069	0.392071	0.22935	0.286189	0.0923899	1.85618	1.769387
34368	-3954.714	-4216.316	261.602	0.7814699	0.409636	0.205353	0.288482	0.0965291	1.706549	1.92276
34374	-3946.628	-4207.806	261.1777	0.9021981	0.388265	0.194045	0.316096	0.101594	1.722213	2.111085
34380	-3951.819	-4212.991	261.1715	0.95685	0.443641	0.0681159	0.343946	0.144297	1.792338	2.032261
34386	-3947.156	-4207.923	260.7668	1.554346	0.504093	0.0773975	0.390813	0.0276969	1.815314	1.916299
34392	-3950.31	-4211.908	261.5978	1.12448	0.534209	0.0961294	0.335261	0.0344001	1.912226	1.536471
34398	-3937.02	-4199.025	262.0048	0.7036926	0.416196	0.293317	0.274665	0.0158211	1.912226	1.552769
34404	-3936.209	-4198.325	262.1154	0.6644573	0.263746	0.324142	0.39621	0.0159021	1.911758	1.501747
34410	-3947.414	-4209.096	261.6824	0.8057751	0.363081	0.289622	0.305978	0.0413182	1.994425	1.649155
34416	-3948.647	-4210.626	261.9785	0.8667374	0.195164	0.52512	0.249156	0.0305599	1.964008	1.404188
34422	-3933.408	-4195.539	262.1314	0.6896545	0.255838	0.350403	0.3715	0.0222593	1.964008	1.429746
34428	-3951.93	-4213.391	261.4608	0.9182415	0.121107	0.346574	0.403705	0.128613	1.87471	1.807415
34434	-3937.003	-4198.245	261.2425	0.8957449	0.248878	0.29619	0.345016	0.109916	1.919652	1.941408
34440	-3946.921	-4207.774	260.8525	0.9665141	0.403992	0.309667	0.172812	0.11353	1.718961	2.281403
34446	-3936.379	-4197.346	260.9675	0.9514057	0.372934	0.26646	0.315682	0.0449236	1.708772	2.22383
34452	-3935.527	-4196.688	261.1617	0.7822133	0.40053	0.279093	0.274441	0.0459364	1.652879	2.247387
34458	-3945.027	-4206.022	260.9951	0.8701861	0.342419	0.2386	0.234624	0.184357	1.701762	2.264096
34464	-3959.195	-4220.325	261.1298	1.029056	0.449732	0.223605	0.232432	0.0942313	1.739511	2.046924
34470	-3959.581	-4220.408	260.8267	1.065939	0.611884	0.0759782	0.222097	0.0900412	1.688746	2.253856
34476	-3960.811	-4221.632	260.8214	1.013198	0.482526	0.21466	0.215463	0.0873517	1.6764	2.298587
34482	-3954.206	-4216.74	262.5341	0.5719877	0.348314	0.386883	0.262788	0.00201448	2.38649	0.769214
34488	-3948.915	-4211.305	262.3902	0.6358526	0.439741	0.342353	0.212384	0.00552231	2.328658	0.9331397
34494	-3953.788	-4216.014	262.2264	0.7145484	0.383578	0.398584	0.207562	0.0102764	2.192787	1.142495
34500	-3948.661	-4211.064	262.4028	0.5468693	0.254392	0.491084	0.242517	0.0120071	2.192787	1.142495
